"BROKEN","EPIC","FAILED","FEATURE","PASSED","SKIPPED","STORY","UNKNOWN"
"0","reports","0","DTR communication report","1","0","DTR communication — missing toDate is rejected","0"
"0","dashboard","0","Dashboard — consumers by meter make","1","0","Consumers by meter make — extra unused filters are ignored","0"
"0","mis-dashboard","0","Voltage problems","1","0","Voltage problems — dtrs is treated as DTR meters","0"
"0","mis-dashboard","0","Urgency level events","1","0","Urgency level 5 events — hour by hour, DTR meters only","0"
"0","utils-lookup","0","Utils lookup — missing routes","1","0","TODs — missing route returns 404","0"
"0","consumers","0","Live voltage and current","1","0","Live voltage and current — opens using the meter","0"
"0","mis-dashboard","0","Talking meters by category","1","0","Talking meters by category — network 0 is rejected","0"
"0","mis-dashboard","0","Events that did not roll over","1","0","Events that did not roll over — a missing grouping is rejected","0"
"0","commericial-analysis","0","Commercial Analysis — invalid filters are rejected","1","0","Load Factor — month 13 is rejected (month must be 1 to 12)","0"
"0","asset-management","0","Asset Management — DB Coverage","0","1","API counts and spot checks align with PostgreSQL","0"
"0","dashboard","0","Dashboard — DTR loading list","1","0","Saved example — high-load DTRs empty page","0"
"0","dtrs","0","DTR profile","1","0","Sample profile — no recent activity is allowed","0"
"0","mis-dashboard","0","Voltage problems","1","0","Voltage problems — organisation 0 is rejected","0"
"0","reports","0","DTR communication report","1","0","DTR communication — missing fromDate is rejected","0"
"0","mis-dashboard","0","Power problems","1","0","Power problems — by meter type, hour by hour, DTR meters only","0"
"0","technical-analysis","0","Technical report","0","1","Technical report — first and last page have no duplicate meters › Low Voltage in any Phase report — first and last page have no duplicate meters","0"
"0","mis-dashboard","0","Urgency level 1 events (extra check)","0","1","Urgency level 1 events — month by month (extra check)","0"
"0","consumption","0","CONSUMPTION — Contract Snapshots","0","1","Hourly Consumption Contract Snapshot","0"
"0","mis-dashboard","0","Urgency level events","1","0","Urgency level 3 events — dtrs is treated as DTR meters","0"
"0","mis-dashboard","0","Urgency level events","1","0","Urgency level 6 events — week by week, consumer meters only","0"
"0","mis-dashboard","0","Events that did not roll over","1","0","Events that did not roll over — by meter type, week by week, DTR meters only","0"
"0","modules-permissions","0","Module Permission — Negative","1","0","POST /permissions/modules/:id/permissions — duplicate permission key returns 409 or 400","0"
"0","mis-dashboard","0","How many meters we have","1","0","How many meters we have — extra unused options are ignored","0"
"0","dashboard","0","Dashboard — response shape","1","0","Consumers by category — response shape stays the same","0"
"0","mis-dashboard","0","How meters are talking","1","0","How meters are talking — unknown meter kind is treated as all","0"
"0","asset-management","0","Asset Management — Negative","1","0","GET /asset-management/dtr/:id — invalid pagination params","0"
"0","utils-lookup","0","Utils lookup — contract snapshots","1","0","Consumer categories — field names stay the same","0"
"0","consumption","0","Consumption API — Negative","1","0","Pattern consumption — month thirteen is rejected","0"
"0","users-admin","0","User Admin — Negative","1","0","DELETE /users/:id/devices/:deviceId — unknown device returns 404","0"
"0","commericial-analysis","0","Maximum Demand report","1","0","Sanction Load Violation — report opens and demand is above sanctioned load","0"
"0","mis-dashboard","0","Meter transaction events","1","0","Meter transaction events — a missing grouping is rejected","0"
"0","commericial-analysis","0","Commercial Analysis — invalid filters are rejected","1","0","Consumption Pattern — unknown report type is rejected","0"
"0","billing","0","Monthly billing list","1","0","Monthly billing — first page still lists meters when the grand total is turned off","0"
"0","reports","0","DTR billing report","1","0","DTR billing — includeTotal still shows the same columns","0"
"0","reports","0","Reports — contract snapshots","1","0","DTR event detail — column and field names stay the same","0"
"0","reports","0","Event report","1","0","Event report — invalid fromDate is rejected","0"
"0","reports","0","Billing MD snapshot report","1","0","Billing MD snapshot — Oct 2025 fixture (total 0 with rows)","0"
"0","meter-replacement","1","Meter Replacement Consumer Search API","0","0","Validate Meter Replacement Consumer Search API","0"
"0","feeder","0","Feeder — unusual cases","1","0","Feeder alerts — asking for one event at a time still returns a row","0"
"0","dashboard","0","Dashboard — DTR voltage unbalance list","1","0","Saved example — moderate empty page","0"
"0","commericial-analysis","0","Consumption Pattern report","1","0","Consumption Pattern — Zero Consumption: household and non-household lists are the same (connection type filter is not applied)","0"
"0","reports","0","Consumer report","1","0","Consumer report DP — Oct 2025 fixture","0"
"0","utils-lookup","0","indoore_backend_testing","1","0","UTILS-LOOKUP › utils › lookup-catalog.harness.ts › Network search › Network search — limit 0 is rejected","0"
"0","reports","0","DTR event report","1","0","DTR event — missing toDate is rejected","0"
"0","dashboard","0","Dashboard — DTR communication list","1","0","DTR communication list — meters that are communicating","0"
"0","mis-dashboard","0","Current problems","1","0","Current problems — by meter type, day by day, DTR meters only","0"
"0","consumers","0","Power quality","1","0","Power quality — sample: single-phase meter","0"
"0","auth","0","Auth Sent Invitations List API","1","0","Validate sent invitations list — status=expired","0"
"0","mis-dashboard","0","Talking vs not talking overview","1","0","Talking vs not talking overview — all meters equals consumer plus DTR","0"
"0","mis-dashboard","0","Other events","1","0","Other events — by meter type, month by month, DTR meters only","0"
"0","dashboard","0","Consumers by category — cannot open without a valid login","1","0","cannot open with a badly formed login token","0"
"0","hes-commands","0","HES Commands — Profile Config (E2E)","1","0","Validate POST /commands/profile-config → query-meter-job — profile_capture_period_get E2E","0"
"0","reports","0","Event restoration report","1","0","Event restoration — showing 1 per page returns at most 1 record","0"
"0","mis-dashboard","0","Other events","1","0","Other events — by consumer category, day by day, all meters","0"
"0","reports","0","Reports — contract snapshots","1","0","Min-max voltage — column and field names stay the same","0"
"0","dashboard","0","Consumers by meter phase — cannot open without a valid login","1","0","cannot open with an expired login token","0"
"0","reports","0","Billing MD snapshot report","1","0","Billing MD snapshot — invalid year is rejected","0"
"0","dtr-load","0","Transformer load reports","1","0","Transformer load — leaving out the start date is rejected","0"
"0","consumers","0","Energy flow chart","1","0","Energy flow chart — weekly view","0"
"0","mis-dashboard","0","Talking meters by category","1","0","Talking meters by category — consumer and DTR stay within all meters","0"
"0","mis-dashboard","0","Urgency level events","1","0","Urgency level 2 events — week by week, consumer meters only","0"
"0","mis-dashboard","0","Voltage problems","1","0","Voltage problems — by consumer category, day by day, all meters","0"
"0","mis-dashboard","0","How meters are talking","1","0","How meters are talking — dtrs is treated as DTR meters","0"
"0","consumption","0","Consumption API — Edge","1","0","Daily consumption — page 2 continues without repeating a meter","0"
"0","dtrs","0","DTR loading gauge","1","0","Sample loading gauge — kVA values without a rated size percent","0"
"0","reports","0","Event restoration report","1","0","Event restoration — 1–30 Oct 2025 first page shows columns and occurrences","0"
"0","mis-dashboard","0","Meter transaction events","1","0","Meter transaction events — by meter type, day by day, consumer meters only","0"
"0","meter-replacement","0","Meter Replacement Submission Detail API — Auth Negative","1","0","Disallowed HTTP methods are rejected","0"
"0","master-data","0","Master data — column names in the response","1","0","DTR list — column names in the response stay the same","0"
"0","consumers","0","Can this meter be given to a consumer?","1","0","Can this meter be given to a consumer? — office filter is optional","0"
"0","mis-dashboard","0","Event summary","1","0","Event summary — by meter type, week by week, consumer meters only","0"
"0","dashboard","0","Dashboard overview — cannot open without a valid login","1","0","cannot open with an invalid login token","0"
"0","revenue-protection","0","Revenue Protection — Cases DB cross-validation","0","1","IND-RPT-DB-003 — Circle/division/zone exist in org master","0"
"0","consumption","0","Consumption API — Negative","1","0","Daily consumption — start date after end date is rejected","0"
"0","dtrs","0","DTR energy over time","1","0","Sample chart — days with no energy yet","0"
"0","utils-lookup","0","indoore_backend_testing","1","0","UTILS-LOOKUP › utils › lookup-catalog.harness.ts › Consumer search › Consumer search — limit 0 is rejected","0"
"0","reports","0","Event detail report","1","0","Event detail — invalid fromDate is rejected","0"
"0","meter-replacement","0","METER-REPLACEMENT — DB Coverage","0","1","IND-MR-DB-001 — Dashboard / consumer / meter / history / submission vs DB","0"
"0","consumption","0","Night-time consumption list","1","0","Night-time consumption — first page lists each consumer (night/day use may be empty)","0"
"0","mis-dashboard","0","Voltage problems","1","0","Voltage problems — extra unused options are ignored","0"
"0","consumers","0","Event summary","1","0","Event summary — opens using the meter","0"
"0","technical-analysis","0","Technical report","0","1","Technical report — missing analysis type is rejected","0"
"0","dashboard","0","Dashboard — DTR communication list","1","0","Saved example — meters that are communicating with hierarchy row","0"
"0","master-data","0","Master data — meter communication","1","0","Meter communication — page 2 shows the next set of records","0"
"0","mis-dashboard","0","Meter transaction events","1","0","Meter transaction events — an invalid time range is rejected","0"
"0","mis-dashboard","0","Daily talking chart","1","0","Daily talking chart — no dates uses today","0"
"0","reports","0","Communication DTRs report","1","0","Communication DTRs — Oct 2025 month fixture","0"
"0","audit-logs","0","AUDIT-LOGS — DB Coverage","0","1","IND-AUD-DB-001 — list total ≤ DB + row spot by id","0"
"0","feeder","0","Feeder — unusual cases","1","0","Feeder daily energy — month-by-month kWh (an empty chart is still OK)","0"
"0","utils-lookup","0","indoore_backend_testing","1","0","UTILS-LOOKUP › utils › lookup-catalog.harness.ts › Events › events — ids and names are unique","0"
"0","consumers","0","Live load","1","0","Live load — sample: three-phase load","0"
"0","billing","0","Day-by-day billing list","1","0","Day-by-day billing — leaving out the month is rejected","0"
"0","dashboard","0","DTR load unbalance list — cannot open without a valid login","1","0","cannot open with an empty login token","0"
"0","mis-dashboard","0","Urgency level events","1","0","Urgency level 6 events — month by month, all meters","0"
"0","mis-dashboard","0","Urgency level events","1","0","Urgency level 6 events — day by day, consumer meters only","0"
"0","commericial-analysis","0","Consumption Pattern report","1","0","Consumption Pattern — Zero Consumption for Last 9 months (household): billing data is not ready yet","0"
"0","other","0","indoore_backend_testing","1","0","core › __tests__ › dedupe-serials.util › dedupeMeterSerials removes duplicates and blanks","0"
"0","consumers","0","Can this meter be given to a consumer?","1","0","Can this meter be given to a consumer? — meter already on another consumer is rejected","0"
"0","dashboard","0","Dashboard — DTR loading list","1","0","DTR loading list — page 2 still shows a valid list","0"
"0","commericial-analysis","0","Maximum Demand report","1","0","Maximum Demand — first and last page have no duplicate meters › MD > CD Last Three Month — first and last page have no duplicate meters","0"
"1","meter-replacement","0","Bulk Validate Meter Replacement API","0","0","Validate POST /indore/meter-replacement/bulk/validate — single valid row reports valid:true","0"
"0","overall-dashboard","0","Home dashboard screens — cannot open without a valid login","1","0","Connect and disconnect by month — cannot open with an invalid login token","0"
"0","technical-analysis","0","Technical report","0","1","Technical report — first and last page have no duplicate meters › Current Bypass report — first and last page have no duplicate meters","0"
"0","reports","0","DTR billing report","1","0","DTR billing — invalid fromDate is rejected","0"
"0","mis-dashboard","0","Other events","1","0","Other events — an invalid time range is rejected","0"
"0","dashboard","0","Dashboard — DTR power on/off list","1","0","Saved example — DTRs that are ON with rows (total 1134)","0"
"0","mis-dashboard","0","Events that did not roll over","1","0","Events that did not roll over — an invalid grouping is rejected","0"
"0","utils-lookup","0","indoore_backend_testing","1","0","UTILS-LOOKUP › utils › lookup-catalog.harness.ts › Organisation hierarchy › Organisation hierarchy — live tree","0"
"0","hes-commands","0","HES Commands — Meter Location","1","0","Validate POST /commands/meter-location — set location for known node","0"
"0","revenue-protection","0","Revenue Protection — Aberration Entry Auth Negative","1","0","IND-REV-ABE-ENTRY-AUTH-001 — Request without Authorization header","0"
"0","consumers","0","Live voltage and current","1","0","Live voltage and current — opens using the account number","0"
"0","mis-dashboard","0","Talking meters by category","1","0","Talking meters by category — consumers is treated as consumer meters","0"
"0","dashboard","0","Dashboard — DTR power on/off","1","0","Saved example — weekly null on/off buckets (10 Jul 2026)","0"
"0","mis-dashboard","0","Talking meters by category","1","0","Talking meters by category — from-date and to-date still work","0"
"0","mis-dashboard","0","How many meters we have","1","0","How many meters we have — both is treated as all meters","0"
"0","overall-dashboard","0","Mapped vs unmapped meters","1","0","Mapped vs unmapped meters — leftover extra filters are blocked","0"
"0","consumers","0","Energy flow chart","1","0","Energy flow chart — monthly view","0"
"0","hes-commands","1","HES Commands — Metering Mode (E2E)","0","0","Validate POST /commands/metering-mode → query-meter-job — metering_mode_get E2E","0"
"0","commericial-analysis","0","Commercial Analysis — extra report checks","1","0","Maximum Demand — MD > CD Last Three Month: report opens and demand follows the rule","0"
"0","dtrs","0","DTR events","1","0","Sample events — none yet is allowed","0"
"1","meter-replacement","0","Bulk Validate Meter Replacement API","0","0","Validate POST /indore/meter-replacement/bulk/validate — meter readings must be non-negative","0"
"0","feeder","0","Feeder screens — cannot open without a valid login","1","0","Feeder daily energy — cannot open without logging in","0"
"0","dashboard","0","Dashboard — DTR load unbalance list","1","0","Saved example — severe empty page (Aug 2026)","0"
"0","feeder","0","Feeder screens — cannot open without a valid login","1","0","Feeder voltage and current — cannot open with an empty login token","0"
"0","utils-lookup","0","indoore_backend_testing","1","0","UTILS-LOOKUP › utils › lookup-catalog.harness.ts › Network search › Network search — default limit returns records","0"
"0","mis-dashboard","0","How many meters we have","1","0","How many meters we have — all meters","0"
"0","mis-dashboard","0","Urgency today versus yesterday","1","0","Urgency today versus yesterday — organisation 0 is rejected","0"
"0","dashboard","0","Dashboard — DTR voltage unbalance list","1","0","DTR voltage unbalance list — page 2 still shows a valid list","0"
"0","mis-dashboard","0","Power problems","1","0","Power problems — by meter type, hour by hour, all meters","0"
"0","consumers","0","Energy flow chart","1","0","Energy flow chart — invalid time range is rejected","0"
"0","consumers","0","Live voltage and current","1","0","Live voltage and current — sample: no live reading yet","0"
"0","consumers","0","Can this meter be given to a consumer?","1","0","Can this meter be given to a consumer? — spaces-only serial is rejected","0"
"0","mis-dashboard","0","How many meters we have","1","0","How many meters we have — missing start date still opens","0"
"0","reports","0","Reports — contract snapshots","1","0","Event restoration — column and field names stay the same","0"
"0","mis-dashboard","0","Urgency today versus yesterday","1","0","Urgency today versus yesterday — consumer meters only","0"
"0","dashboard","0","Dashboard — DTR communication","1","0","DTR communication chart — an invalid time period is rejected","0"
"0","mis-dashboard","0","Urgency level events","1","0","Urgency level 3 events — consumer and DTR stay within all meters","0"
"0","dtrs","0","DTR energy over time","1","0","DTR energy over time — DAILY in capital letters still works or is rejected","0"
"0","mis-dashboard","0","Event summary","1","0","Event summary — an invalid time range is rejected","0"
"0","commericial-analysis","0","Commercial Analysis — extra report checks","1","0","Power Factor Violation — page 2 still shows a valid meter list","0"
"0","reports","0","Event detail report","1","0","Event detail — a page past the last page shows no records","0"
"0","consumption","0","Consumption API — Negative","1","0","Daily consumption — a badly formatted start date is rejected","0"
"0","reports","0","Consumer report","1","0","Consumer report DP — first page shows columns and daily readings","0"
"0","master-data","0","Master data — change history","1","0","Master data change history — an action that is not from master data is rejected","0"
"0","dashboard","0","Dashboard — DTR consumption","1","0","Saved example — populated kWh/kVAh/kVArh points","0"
"0","mis-dashboard","0","Events that did not roll over","1","0","Events that did not roll over — by consumer category, day by day, consumer meters only","0"
"0","dtr-load","0","Transformer load reports","1","0","Transformer load — asking for zero rows per page is rejected","0"
"0","feeder","0","Feeder — mistakes that should be blocked","1","0","Feeder profile — a feeder that does not exist is not shown","0"
"0","dashboard","0","Dashboard — response shape","1","0","Consumers by meter make — response shape stays the same","0"
"0","mis-dashboard","0","Urgency level events","1","0","Urgency level 3 events — month by month, DTR meters only","0"
"0","consumers","0","Consumption chart","1","0","Consumption chart — sample: weekly usage","0"
"0","dashboard","0","Dashboard — consumers by connection status","1","0","Saved example — connected empty page (offline)","0"
"0","consumers","0","Billing history","1","0","Billing history — unknown consumer is empty or not found","0"
"0","commericial-analysis","0","Commercial Analysis — extra report checks","1","0","Consumption Compare — Consumption Compare Same Month Last Year: billing data is not ready yet","0"
"0","master-data","0","Master data — meter list","1","0","Meter list — first page shows columns, records, and page numbers","0"
"0","utils-lookup","0","indoore_backend_testing","1","0","UTILS-LOOKUP › utils › lookup-catalog.harness.ts › Meter phases › meter phases — ids and names are unique","0"
"0","master-data","0","Master data — feeder list","1","0","Feeder list — page 2 shows the next set of records","0"
"0","consumption","0","Consumption API — Edge","1","0","Monthly net meter — a page far past the end of the list is empty","0"
"0","mis-dashboard","0","Power problems","1","0","Power problems — by consumer category, hour by hour, consumer meters only","0"
"0","mis-dashboard","0","Other events","1","0","Other events — an invalid grouping is rejected","0"
"0","dashboard","0","Dashboard — consumers by meter make","1","0","Consumers by meter make — Linkwell meters","0"
"0","reports","0","Consumer report","1","0","Consumer report — empty page fixture","0"
"0","dashboard","0","Dashboard — DTR loading list","1","0","Saved example — critically loaded DTRs empty page","0"
"0","reports","0","Event detail report","1","0","Event detail — limit 0 is rejected (limit must be at least 1)","0"
"0","mis-dashboard","0","Events that did not roll over","1","0","Events that did not roll over — by meter type, hour by hour, all meters","0"
"0","reports","0","Event restoration report","1","0","Event restoration — page 0 is rejected (page must start at 1)","0"
"0","consumers","0","Event summary","1","0","Event summary — sample: change vs yesterday is correct","0"
"0","overall-dashboard","0","Home dashboard — cannot open without a valid login","1","0","Home dashboard — cannot open with an empty login token","0"
"0","mis-dashboard","0","Urgency level events","1","0","Urgency level 2 events — week by week, DTR meters only","0"
"0","mis-dashboard","0","Power problems","1","0","Power problems — by meter type, month by month, consumer meters only","0"
"0","mis-dashboard","0","Urgency level 1 events (extra check)","0","1","Urgency level 1 events — day by day (extra check)","0"
"0","reports","0","Min-max voltage count","1","0","Min-max voltage count — page and limit do not change the total","0"
"0","mis-dashboard","0","Talking meters by category","1","0","Talking meters by category — unknown meter kind is treated as all","0"
"0","mis-dashboard","0","What kinds of events happened","1","0","What kinds of events happened — by meter type, consumers is treated as consumer meters","0"
"0","reports","0","Min-max voltage count","1","0","Min-max voltage count — Oct 2025 min R fixture","0"
"0","reports","0","Bill status report","1","0","Bill status — Oct 2025 fixture (summary with empty rows)","0"
"0","commericial-analysis","0","Commercial Analysis — invalid filters are rejected","1","0","Day and Night — page 0 is rejected (page must start at 1)","0"
"0","mis-dashboard","0","How many meters we have","1","0","How many meters we have — a negative organisation is rejected","0"
"0","mis-dashboard","0","Urgency level events","1","0","Urgency level 2 events — day by day, DTR meters only","0"
"0","mis-dashboard","0","How many meters we have","1","0","How many meters we have — one day only still opens","0"
"0","consumers","0","Can this meter be given to a consumer?","1","0","Can this meter be given to a consumer? — empty serial is rejected","0"
"0","dashboard","0","Consumers by category — cannot open without a valid login","1","0","cannot open with an invalid login token","0"
"0","mis-dashboard","0","How many events by urgency","1","0","How many events by urgency — extra unused options are ignored","0"
"0","master-data","0","Master data — DTR list","1","0","DTR list — an empty search shows the full list","0"
"0","meter-replacement","0","Meter Replacement Submission Detail API — Negative & Edge","1","0","Boundary integer submission ids do not 500","0"
"0","auth","0","Auth Sent Invitations List API","1","0","Validate sent invitations list — email search","0"
"0","reports","0","Communication consumers report","1","0","Communication consumers — invalid meter type is rejected","0"
"0","dtrs","0","DTR profile","1","0","Sample profile — capacity and map pin can be empty","0"
"0","revenue-protection","0","Revenue Protection — Aberrations Auth Negative","0","1","Aberrations rejects invalid bearer token","0"
"0","mis-dashboard","0","How many meters we have","1","0","How many meters we have — from_date and to_date still work","0"
"0","dashboard","0","Dashboard — DTR power on/off","1","0","DTR power on/off chart — an invalid time period is rejected","0"
"0","reports","0","Communication DTRs report","1","0","Communication DTRs — day first page shows columns and DTRs","0"
"0","reports","0","DTR billing report","1","0","DTR billing — 1–30 Oct 2025 first page (null total is valid)","0"
"0","mis-dashboard","0","Other events","1","0","Other events — by consumer category, hour by hour, DTR meters only","0"
"0","commericial-analysis","0","Power Factor Violation report","1","0","Power Factor Violation — non-household connections: number of meters on the page matches the total","0"
"0","utils-lookup","0","indoore_backend_testing","1","0","UTILS-LOOKUP › utils › lookup-catalog.harness.ts › DTR search › DTR search — showing 1 per page returns at most 1 record","0"
"0","revenue-protection","1","Revenue Protection — Cases Detail API","0","0","IND-RPT-003 — Validate pagination — page 2 (limit 5)","0"
"0","reports","0","DTR communication report","1","0","DTR communication — Oct 2025 fixture (includeTotal=false)","0"
"0","revenue-protection","0","Revenue Protection — Aberrations Negative","0","1","Negative page is rejected","0"
"0","mis-dashboard","0","What kinds of events happened","1","0","What kinds of events happened — by meter type, all meters","0"
"0","consumption","0","CONSUMPTION — Contract Snapshots","1","0","Pattern Consumption Comparison Contract Snapshot","0"
"0","utils-lookup","0","indoore_backend_testing","1","0","UTILS-LOOKUP › utils › lookup-catalog.harness.ts › Consumer search › Consumer search — showing 1 per page returns at most 1 record","0"
"0","mis-dashboard","0","Power problems","1","0","Power problems — by meter type, week by week, DTR meters only","0"
"0","mis-dashboard","0","Urgency level 3 events","0","1","Urgency level 3 events — hour by hour","0"
"0","commericial-analysis","0","Commercial Analysis — extra report checks","1","0","Consumption Pattern — showing 1 meter per page returns at most one meter","0"
"0","dtrs","0","DTR loading gauge","1","0","Sample loading gauge — percent of rated size","0"
"0","dashboard","0","DTR communication list — cannot open without a valid login","1","0","cannot open with an empty login token","0"
"0","utils-lookup","0","indoore_backend_testing","1","0","UTILS-LOOKUP › utils › lookup-catalog.harness.ts › Consumer search › Consumer search — first page shows columns and records","0"
"0","auth","0","Auth Devices API","0","1","DELETE /auth/devices/:id — unknown device returns 404","0"
"0","meter-replacement","0","Meter Replacement Submission History API - Filters and Edge","0","1","Valid date range returns success","0"
"0","dashboard","0","DTR loading list — cannot open without a valid login","1","0","cannot open with an empty login token","0"
"0","dashboard","0","Dashboard — overview numbers","1","0","Dashboard overview — extra unused filters are ignored","0"
"0","mis-dashboard","0","Current problems","1","0","Current problems — an invalid time range is rejected","0"
"0","modules-permissions","0","Module Permission — Negative","1","0","POST /permissions/modules — duplicate module key returns 409 or 400","0"
"0","dashboard","0","Dashboard — DTR loading list","1","0","Saved example — normally loaded DTRs with rows","0"
"0","utils-lookup","0","indoore_backend_testing","1","0","UTILS-LOOKUP › utils › lookup-catalog.harness.ts › Network hierarchy › Network hierarchy — live tree","0"
"0","reports","0","Reports — contract snapshots","1","0","Min-max voltage count — column and field names stay the same","0"
"0","feeder","0","Feeder screens — cannot open without a valid login","1","0","Feeder daily energy — cannot open with a badly formed login token","0"
"0","dashboard","0","Dashboard — DTR load unbalance list","1","0","Saved example — balanced empty page (Aug 2026)","0"
"0","reports","0","Min-max voltage report","1","0","Min-max voltage — empty page fixture","0"
"0","reports","0","Current without voltage report","1","0","Current without voltage — showing 1 per page returns at most 1 record","0"
"0","feeder","0","Feeder screens — cannot open without a valid login","1","0","Feeder profile — cannot open with an expired login token","0"
"0","mis-dashboard","0","Talking vs not talking overview","1","0","Talking vs not talking overview — from-date and to-date still work","0"
"0","billing","0","Monthly billing list","1","0","Monthly billing — asking for more than 5000 rows per page is rejected","0"
"0","commericial-analysis","0","Load Factor report","1","0","LF < 5% — household and non-household lists are the same (connection type filter is not applied)","0"
"0","dtrs","0","DTR energy over time","1","0","Sample chart — days with energy, power factor, and reactive energy","0"
"0","consumers","0","Consumers — screen shape checks","1","0","Meter communication — screen shape is unchanged","0"
"0","consumers","0","Can this meter be given to a consumer?","1","0","Can this meter be given to a consumer? — extra unused options are ignored","0"
"0","mis-dashboard","0","Urgency level events","1","0","Urgency level 1 events — week by week, all meters","0"
"0","energy-audits","1","loss-analysis.harness.ts","0","0","Energy Audit Loss Analysis — DTR › Validate LS loss analysis","0"
"0","dtr-load","0","Transformer load reports","1","0","Transformer load — page numbering must start at 1","0"
"0","dashboard","0","Dashboard — consumers by meter make","1","0","Consumers by meter make — L&T meters","0"
"0","utils-lookup","0","indoore_backend_testing","1","0","UTILS-LOOKUP › utils › lookup-catalog.harness.ts › Consumer search › Consumer search — a non-numeric page is rejected","0"
"0","dtrs","0","DTR profile","1","0","Sample profile — capacity shown as kVA with a map pin","0"
"0","billing","0","Monthly billing list","1","0","Monthly billing — page numbering must start at 1","0"
"0","mis-dashboard","0","What kinds of events happened","1","0","What kinds of events happened — by consumer category, both is treated as all meters","0"
"0","mis-dashboard","0","Meter transaction events","1","0","Meter transaction events — by consumer category, week by week, consumer meters only","0"
"0","dashboard","0","Dashboard — consumers by category","1","0","Consumers by category — commercial connections","0"
"0","mis-dashboard","0","How meters are talking","1","0","How meters are talking — live=1 still opens","0"
"0","mis-dashboard","0","Urgency level events","1","0","Urgency level 6 events — consumers is treated as consumer meters","0"
"0","consumers","0","Consumption chart","1","0","Consumption chart — unknown meter is empty or not found","0"
"0","asset-management","0","Asset Management — Negative","1","0","GET /asset-management/dtr/:id — invalid id zero returns 400 or 404","0"
"0","dashboard","0","Dashboard — DTR voltage unbalance list","1","0","Saved example — severe page with hierarchy row","0"
"0","dashboard","0","Dashboard — consumers by meter phase","1","0","Consumers by meter phase — three-phase whole-current meters","0"
"0","mis-dashboard","0","Urgency level 5 events","0","1","Urgency level 5 events — week by week","0"
"0","mis-dashboard","0","Voltage problems","1","0","Voltage problems — an invalid grouping is rejected","0"
"0","mis-dashboard","0","Event summary","1","0","Event summary — extra unused options are ignored","0"
"0","mis-dashboard","0","Urgency level events","1","0","Urgency level 5 events — dtrs is treated as DTR meters","0"
"0","mis-dashboard","0","Urgency level events","1","0","Urgency level 2 events — hour by hour, consumer meters only","0"
"0","reports","0","DTR event report","1","0","DTR event — empty page fixture","0"
"0","technical-analysis","0","Technical report","0","1","Technical report — first and last page have no duplicate meters › Power Failure report — first and last page have no duplicate meters","0"
"0","master-data","0","Master data — change history","1","0","Master data change history — an invalid page number is rejected","0"
"0","mis-dashboard","0","Power problems","1","0","Power problems — by consumer category, week by week, consumer meters only","0"
"0","dashboard","0","Dashboard — DTR consumption","1","0","Saved example — yearly null energy buckets (10 Jul 2026)","0"
"0","mis-dashboard","0","Event summary","1","0","Event summary — by meter type, day by day, all meters","0"
"0","technical-analysis","0","Technical summary","1","0","Technical summary — missing month is rejected","0"
"0","commericial-analysis","0","Commercial dashboard — report cards","1","0","Commercial dashboard — all report cards load for the selected month","0"
"0","consumption","0","Consumption API — Edge","1","0","Last three months — asking for one consumer at a time still returns a row","0"
"0","consumption","0","Consumption API — Auth Negative","1","0","Monthly net meter rejects missing auth","0"
"0","commericial-analysis","0","Commercial Analysis — meter details vs database","0","1","Dashboard totals match the detailed reports and the billing database","0"
"0","mis-dashboard","0","Urgency level events","1","0","Urgency level 6 events — a blank time range is rejected","0"
"0","reports","0","Min-max voltage report","1","0","Min-max voltage — Oct 2025 min R first page shows columns and meters","0"
"0","dashboard","0","Dashboard — overview numbers","1","0","Dashboard overview — counts and cards load","0"
"0","reports","0","Billing MD snapshot report","1","0","Billing MD snapshot — sparse hierarchy fixture","0"
"0","overall-dashboard","0","Home dashboard screens — cannot open without a valid login","1","0","Mapped vs unmapped meters — cannot open with a badly formed login token","0"
"0","mis-dashboard","0","Urgency level events","1","0","Urgency level 5 events — week by week, DTR meters only","0"
"0","mis-dashboard","0","Events that did not roll over","1","0","Events that did not roll over — dtrs is treated as DTR meters","0"
"1","meter-replacement","0","Bulk Validate Meter Replacement API","0","0","Validate POST /indore/meter-replacement/bulk/validate — new meter reading must be numeric","0"
"0","consumers","0","Can this meter be given to a consumer?","1","0","Can this meter be given to a consumer? — checking the same serial twice gives the same answer","0"
"0","mis-dashboard","0","Urgency level events","1","0","Urgency level 5 events — day by day, all meters","0"
"0","mis-dashboard","0","What kinds of events happened","1","0","What kinds of events happened — by consumer category, all meters","0"
"0","reports","0","DTR event report","1","0","DTR event — 1–30 Oct 2025 fixture","0"
"0","mis-dashboard","0","Meter transaction events","1","0","Meter transaction events — by meter type, hour by hour, DTR meters only","0"
"0","master-data","0","Master data — DTR list","1","0","DTR list — page 2 shows the next set of records","0"
"0","mis-dashboard","0","Urgency level events","1","0","Urgency level 5 events — both is treated as all meters","0"
"0","reports","0","Event detail report","1","0","Event detail — page 0 is rejected (page must start at 1)","0"
"0","hes-commands","0","HES Commands — Demand Config (E2E)","1","0","Validate POST /commands/demand-config — invalid type returns validation error","0"
"0","dashboard","0","DTR voltage unbalance list — cannot open without a valid login","1","0","cannot open without logging in","0"
"0","dashboard","0","Dashboard — DTR power on/off list","1","0","Saved example — DTRs that are OFF with hierarchy row","0"
"0","technical-analysis","0","Technical report","1","0","Low Power Factor report — first page shows columns and meters","0"
"0","commericial-analysis","0","Consumption Pattern report","1","0","Consumption Pattern — first and last page have no duplicate meters › Consumption Pattern — Zero Consumption for Last 3 months: first and last page have no duplicate meters","0"
"0","meter-replacement","1","Meter Replacement Dashboard Summary API — Negative & Edge","0","0","Ignored query params still return dashboard summary","0"
"0","mis-dashboard","0","Event summary","1","0","Event summary — by meter type, month by month, consumer meters only","0"
"0","mis-dashboard","0","Power problems","1","0","Power problems — consumers is treated as consumer meters","0"
"0","dashboard","0","Dashboard — DTR load unbalance","1","0","Saved example — all-zero Severe/Moderate/Balanced distribution (13 Jul 2026)","0"
"0","reports","0","Event detail report","1","0","Event detail — 1–30 Oct 2025 fixture","0"
"0","modules-permissions","0","Module Permission — Negative","1","0","POST /permissions/modules/:id/permissions — key prefix mismatch returns 400","0"
"0","technical-analysis","0","Technical report","0","1","Technical report — first and last page have no duplicate meters › Ip!=In (Phase current is not equal to neutral current) report — first and last page have no duplicate meters","0"
"0","commericial-analysis","0","Consumption Pattern report","1","0","Consumption Pattern — Zero Consumption: report opens and usage follows the rule","0"
"0","meter-replacement","1","Bulk Validate Meter Replacement API","0","0","Validate POST /indore/meter-replacement/bulk/validate — required columns must be present","0"
"0","consumption","0","Daily consumption list","1","0","Daily consumption — first page lists each consumer (readings may be empty)","0"
"0","dtrs","0","DTR loading gauge","1","0","DTR loading gauge — extra filters that nobody uses are ignored","0"
"0","consumers","0","Nearby accounts","1","0","Nearby accounts — letters-only account has no neighbours","0"
"0","reports","0","Reports — contract snapshots","1","0","Consumer report — column and field names stay the same","0"
"0","technical-analysis","1","Technical summary","0","0","Technical summary — card totals match the report list","0"
"0","consumption","0","Consumption API — Edge","1","0","Monthly net meter — leftover unused filters are ignored","0"
"0","mis-dashboard","0","Power problems","1","0","Power problems — by consumer category, hour by hour, all meters","0"
"0","consumers","0","Event summary","1","0","Event summary — sample: resolved and pending counts","0"
"0","dashboard","0","Dashboard — DTR consumption","1","0","DTR consumption chart — an invalid time period is rejected","0"
"0","dashboard","0","Dashboard — DTR loading list","1","0","DTR loading list — extra unused filters are ignored","0"
"0","meter-replacement","1","Meter Replacement Submission Detail API","0","0","Validate Meter Replacement Submission Detail API","0"
"0","technical-analysis","0","Technical analysis — contract snapshots","1","0","Technical report — column and field names stay the same","0"
"0","commericial-analysis","0","Commercial Analysis — extra report checks","1","0","Consumption Compare — Abnormal Low: billing data is not ready yet","0"
"0","mis-dashboard","0","How many meters we have","1","0","How many meters we have — from-date and to-date still work","0"
"0","commericial-analysis","0","Day and Night consumption report","1","0","Day and Night — Night consumption <= 10% of Day consumption: household and non-household lists are the same (connection type filter is not applied)","0"
"0","revenue-protection","0","Revenue Protection — ATR Zone Negative","1","0","IND-RPT-ATZ-NEG-004 — page=0 is rejected","0"
"0","dtrs","0","DTR events","1","0","DTR events — a second transformer still shows events","0"
"0","commericial-analysis","0","Commercial Analysis — invalid filters are rejected","1","0","Power Factor Violation — page 0 is rejected (page must start at 1)","0"
"0","consumers","0","Power quality","1","0","Power quality — blank consumer number is rejected","0"
"0","mis-dashboard","0","How many events by urgency","1","0","How many events by urgency — consumers is treated as consumer meters","0"
"0","dashboard","0","DTR power on/off list — cannot open without a valid login","1","0","cannot open without logging in","0"
"0","consumers","0","Can this meter be given to a consumer?","1","0","Can this meter be given to a consumer? — extra spaces around the serial are ignored","0"
"0","technical-analysis","0","Technical report","0","1","YNR Low Power Factor report — first page shows columns and meters","0"
"0","commericial-analysis","0","Commercial Analysis — extra report checks","1","0","Consumption Compare — report still opens when the report type is not selected (uses default)","0"
"0","meter-replacement","1","Bulk Validate Meter Replacement API","0","0","Validate POST /indore/meter-replacement/bulk/validate — at least one data row required","0"
"0","utils-lookup","0","Utils lookup — contract snapshots","1","0","Network search — field names stay the same","0"
"0","feeder","0","Feeder — mistakes that should be blocked","1","0","Feeder alerts — showing zero events at a time is not allowed","0"
"0","dashboard","0","Dashboard — consumers by meter make","1","0","Saved example — L&T with rows (offline)","0"
"0","consumers","0","Consumption chart","1","0","Consumption chart — last few hours","0"
"0","hes-commands","0","HES Commands — Load Curtailment (E2E)","1","0","Validate POST /commands/load-curtailment → query-meter-job — load_curtailment_get E2E","0"
"0","consumers","0","Energy flow chart","1","0","Energy flow chart — unknown meter is empty or not found","0"
"0","mis-dashboard","0","Event summary","1","0","Event summary — by urgency, month by month, DTR meters only","0"
"0","mis-dashboard","0","Urgency level events","1","0","Urgency level 4 events — consumers is treated as consumer meters","0"
"0","consumers","0","Meter communication","1","0","Meter communication — unknown meter shows empty or not found","0"
"0","feeder","0","Feeder alerts","1","0","Feeder alerts — first page of events (an empty list is still OK)","0"
"0","mis-dashboard","0","Voltage problems","1","0","Voltage problems — by consumer category, hour by hour, all meters","0"
"0","reports","0","Consumer report","1","0","Consumer report — missing fromDate is rejected","0"
"0","dashboard","0","Consumers by category — cannot open without a valid login","1","0","cannot open with an empty login token","0"
"0","mis-dashboard","0","What kinds of events happened","1","0","What kinds of events happened — an invalid grouping is rejected","0"
"0","dashboard","0","Dashboard — DTR communication","1","0","DTR communication chart — daily view loads","0"
"0","consumers","0","Consumption chart","1","0","Consumption chart — opens using the account number","0"
"0","technical-analysis","0","Technical report","0","1","Technical report — unknown query params are ignored","0"
"0","mis-dashboard","0","Current problems","1","0","Current problems — consumers is treated as consumer meters","0"
"0","mis-dashboard","0","Urgency level 5 events","0","1","Urgency level 5 events — day by day","0"
"0","mis-dashboard","0","Talking vs not talking overview","1","0","Talking vs not talking overview — a bad date is rejected","0"
"0","reports","0","Event report","1","0","Event report — page 0 is rejected (page must start at 1)","0"
"0","mis-dashboard","0","Other events","1","0","Other events — by consumer category, hour by hour, all meters","0"
"1","meter-replacement","0","Bulk Validate Meter Replacement API","0","0","Validate POST /indore/meter-replacement/bulk/validate — new meter must not already be assigned","0"
"0","commericial-analysis","0","Commercial Analysis — extra report checks","1","0","Power Factor Violation — report still opens when PF limit is not selected (uses default)","0"
"0","mis-dashboard","0","Power problems","1","0","Power problems — by meter type, day by day, DTR meters only","0"
"0","reports","0","Min-max voltage count","1","0","Min-max voltage count — a month with no readings still returns 200","0"
"0","consumers","0","Can this meter be given to a consumer?","0","1","Can this meter be given to a consumer? — unused active meter is allowed","0"
"0","users-admin","1","User Management Flow","0","0","Validate User Management Module","0"
"0","mis-dashboard","0","Voltage problems","1","0","Voltage problems — network 0 is rejected","0"
"0","mis-dashboard","0","Talking meters by category","1","0","Talking meters by category — start date after end date is rejected","0"
"0","mis-dashboard","0","Urgency level events","1","0","Urgency level 1 events — hour by hour, all meters","0"
"0","auth","1","Auth Devices API","0","0","Validate GET /auth/devices — session device catalog","0"
"0","mis-dashboard","0","How many meters we have","1","0","How many meters we have — start date after end date is rejected","0"
"0","dashboard","1","Dashboard — DTR power on/off","0","0","DTR power on/off chart — weekly view loads","0"
"0","meter-replacement","0","Meter Replacement Consumer Detail API — Auth Negative","1","0","Disallowed HTTP methods are rejected","0"
"0","utils-lookup","0","indoore_backend_testing","1","0","UTILS-LOOKUP › utils › lookup-catalog.harness.ts › Event classifications › event classifications — ids and names are unique","0"
"0","utils-lookup","0","indoore_backend_testing","1","0","UTILS-LOOKUP › utils › lookup-catalog.harness.ts › Event priorities › event priorities — list shows ids and names","0"
"0","mis-dashboard","0","Urgency level events","1","0","Urgency level 4 events — organisation 0 is rejected","0"
"0","reports","0","Min-max voltage count","1","0","Min-max voltage count — missing meterPhaseTblRefId is rejected","0"
"0","commericial-analysis","0","Load Factor report","1","0","LF < 5% Last Three month — household and non-household lists are the same (connection type filter is not applied)","0"
"0","revenue-protection","1","Revenue Protection — Aberrations Contract Snapshot","0","0","IND-RPT-ABE-CONTRACT-001 — Aberrations columns contract snapshot","0"
"0","mis-dashboard","0","Event summary","1","0","Event summary — by meter type, month by month, all meters","0"
"0","dashboard","0","Dashboard overview — cannot open without a valid login","1","0","cannot open with a badly formed login token","0"
"0","mis-dashboard","0","Saved screen shape","1","0","Urgency level 6 events — saved screen shape","0"
"0","hes-commands","0","HES Commands — Meter Info","1","0","Validate GET /commands/meter-info/:serial — HES device metadata","0"
"0","billing","0","Monthly billing vs database","0","1","Monthly billing — first page meter name and IVRS match the database","0"
"0","billing","0","Monthly billing list","1","0","Monthly billing — leaving out the month is rejected","0"
"0","dashboard","0","Dashboard — consumers by category","1","0","Consumers by category — residential connections","0"
"0","consumption","0","Consumption API — Negative","1","0","Daily consumption — leaving out the report type is rejected","0"
"0","utils-lookup","0","indoore_backend_testing","1","0","UTILS-LOOKUP › utils › lookup-catalog.harness.ts › Organisation search › Organisation search — limit 1 returns at most 1 record","0"
"0","consumers","0","Consumption chart","1","0","Consumption chart — sample: days with usage","0"
"0","consumption","0","Consumption API — Auth Negative","1","0","Monthly net meter rejects invalid bearer token","0"
"0","dtrs","0","DTR energy over time","1","0","Sample chart — reactive energy calculated from kWh and kVAh","0"
"0","technical-analysis","0","Technical report","0","1","Cover Open report — first page shows columns and meters","0"
"0","dashboard","0","Dashboard — DTR consumption list","1","0","Saved example — active energy (kWh) with rows (total 1134)","0"
"0","mis-dashboard","0","How many meters we have","1","0","How many meters we have — consumer meters only","0"
"0","dashboard","0","Consumers by meter make — cannot open without a valid login","1","0","cannot open with an invalid login token","0"
"0","hes-commands","0","HES Commands — Billing (E2E)","1","0","Validate POST /commands/billing — invalid type returns validation error","0"
"0","reports","0","Bill status report","1","0","Bill status — invalid month is rejected","0"
"0","dashboard","0","Dashboard — DTR consumption","1","0","DTR consumption chart — monthly view loads","0"
"0","dashboard","0","Dashboard — DTR power on/off list","1","0","DTR power on/off list — DTRs that are ON","0"
"0","overall-dashboard","0","Home dashboard — cannot open without a valid login","1","0","Home dashboard — cannot open without logging in","0"
"0","dtrs","0","DTR statistic cards","1","0","Sample statistic cards — feeder and fuse counts are whole numbers","0"
"0","commericial-analysis","0","Load Factor report","1","0","Load Factor LF > 100% — report opens and values follow the rule","0"
"0","dtr-load","0","Transformer load reports","1","0","Transformer load — first page lists how much energy each transformer used by hour","0"
"0","feeder","0","Feeder screens — cannot open without a valid login","1","0","Feeder alerts — cannot open with a badly formed login token","0"
"0","commericial-analysis","0","Consumption Pattern report","1","0","Consumption Pattern — Zero Consumption for Last 9 months (non-household): billing data is not ready yet","0"
"0","mis-dashboard","0","Urgency level events","1","0","Urgency level 5 events — consumers is treated as consumer meters","0"
"0","meter-replacement","0","Bulk Validate Meter Replacement API","0","1","Validate POST /indore/meter-replacement/bulk/validate — consumer with existing PENDING replacement rejected","0"
"0","reports","0","Communication consumers report","1","0","Communication consumers — invalid date is rejected","0"
"0","mis-dashboard","0","What kinds of events happened","1","0","What kinds of events happened — consumer and DTR stay within all meters","0"
"0","asset-management","1","Asset Management Contract Snapshots","0","0","DTR Detail","0"
"0","mis-dashboard","0","What kinds of events happened","1","0","What kinds of events happened — a negative organisation is rejected","0"
"0","commericial-analysis","0","Commercial Analysis — invalid filters are rejected","1","0","Power Factor Violation — month 13 is rejected (month must be 1 to 12)","0"
"0","meter-replacement","0","Meter Replacement Consumer Detail API — Auth Negative","1","0","Missing Authorization returns 401","0"
"0","billing","0","Day-by-day billing list","1","0","Day-by-day billing — two meters on the same feeder can share a DTR, and a no-usage day is allowed","0"
"0","mis-dashboard","0","How many events by urgency","1","0","How many events by urgency — live=1 still opens","0"
"0","dashboard","0","Dashboard — consumers by meter phase","1","0","Saved example — 3 PH WC with rows (offline)","0"
"0","dashboard","0","DTR load unbalance list — cannot open without a valid login","1","0","cannot open with an invalid login token","0"
"0","dashboard","0","DTR voltage unbalance list — cannot open without a valid login","1","0","cannot open with a badly formed login token","0"
"0","audit-logs","0","Audit Logs API","1","0","Validate pagination — page 2","0"
"0","reports","0","DTR communication report","1","0","DTR communication — empty page fixture","0"
"0","dashboard","0","Revenue subsidy (power factor) — cannot open without a valid login","1","0","cannot open with an invalid login token","0"
"0","mis-dashboard","0","Urgency level events","1","0","Urgency level 1 events — month by month, consumer meters only","0"
"0","reports","0","Communication consumers report","1","0","Communication consumers — day first page shows columns and meters","0"
"0","overall-dashboard","0","OVERALL-DASHBOARD — DB Coverage","0","1","IND-OD-DB-001 — Home dashboard mapped vs unmapped shares look consistent","0"
"0","mis-dashboard","0","Current problems","1","0","Current problems — both is treated as all meters","0"
"0","reports","0","Billing MD snapshot report","1","0","Billing MD snapshot — limit 0 is rejected (limit must be at least 1)","0"
"0","consumers","0","Energy flow chart","1","0","Energy flow chart — sample: yearly points","0"
"0","dtrs","0","DTR power now","1","0","DTR power now — kW, kVA, kVAr, and power factor","0"
"0","mis-dashboard","0","Current problems","1","0","Current problems — by consumer category, month by month, DTR meters only","0"
"0","billing","0","Day-by-day billing list","1","0","Day-by-day billing — October 2025 sample row matches the live layout","0"
"0","consumption","0","Consumption API — Edge","1","0","Last three months — a page far past the end of the list is empty","0"
"0","revenue-protection","0","Revenue Protection — Cases Negative","0","1","IND-RPT-NEG-015 — Far-future filter returns empty success grid","0"
"0","commericial-analysis","0","Maximum Demand report","1","0","Maximum Demand — first and last page have no duplicate meters › Sanction Load Violation — first and last page have no duplicate meters","0"
"0","hes-commands","0","HES Commands — Load Curtailment (E2E)","1","0","Validate POST /commands/load-curtailment — invalid type returns validation error","0"
"0","dashboard","0","Dashboard — DTR voltage unbalance","1","0","Saved example — mixed Severe/Moderate/Balanced distribution","0"
"0","commericial-analysis","0","Consumption Compare report","1","0","Consumption Compare (Last Month) — first and last page have no duplicate meters › Consumption Compare (Last Month) — every page is checked so the same meter is not listed twice on the same DTR","0"
"0","mis-dashboard","0","Daily talking chart","1","0","Daily talking chart — a bad date is rejected","0"
"0","mis-dashboard","0","Urgency level events","1","0","Urgency level 4 events — a blank time range is rejected","0"
"0","consumers","0","Consumption chart","1","0","Consumption chart — opens using the meter","0"
"0","reports","0","Event detail report","1","0","Event detail — 1–30 Oct 2025 first page shows columns and meter events","0"
"0","mis-dashboard","0","Event summary","1","0","Event summary — consumer and DTR stay within all meters","0"
"0","master-data","0","Master data — can this meter serial be added?","1","0","Can this meter serial be added? — a serial that is only spaces is rejected","0"
"0","notifications","0","Notifications CRUD Flow","1","0","Validate Notifications Module","0"
"0","dashboard","0","Dashboard — DTR consumption","1","0","Saved example — weekly null energy buckets (10 Jul 2026)","0"
"0","commericial-analysis","0","Commercial Analysis — cannot open reports without a valid login","1","0","Consumption Pattern — cannot open the report without logging in","0"
"0","asset-management","0","Network Hierarchy API","1","0","Validate Network Hierarchy API","0"
"0","billing","0","Monthly billing list","1","0","Monthly billing — a page far past the end of the list is empty","0"
"0","reports","0","DTR event detail report","1","0","DTR event detail — missing fromDate is rejected","0"
"0","reports","0","DTR communication report","1","0","DTR communication — page 0 is rejected (page must start at 1)","0"
"0","reports","0","Communication DTRs report","1","0","Communication DTRs — unknown query params are ignored","0"
"0","commericial-analysis","0","Consumption Pattern report","1","0","Consumption Pattern — Zero Consumption for Last 12 months (household): billing data is not ready yet","0"
"0","meter-replacement","0","Meter Replacement Consumer Search API — Auth Negative","1","0","Missing Authorization returns 401","0"
"0","mis-dashboard","0","Saved screen shape","1","0","Urgency level 2 events — saved screen shape","0"
"0","mis-dashboard","0","Meter counts versus the database","0","1","How many meters we have — cards do not exceed the full meter list","0"
"0","mis-dashboard","0","What kinds of events happened","1","0","What kinds of events happened — by meter type, both is treated as all meters","0"
"0","asset-management","0","Asset Management — Negative","1","0","GET /asset-management/organisation-hierarchy — unknown rootId returns 404 or empty scoped tree","0"
"0","mis-dashboard","0","Urgency level events","1","0","Urgency level 2 events — a missing time range falls back to day by day","0"
"0","mis-dashboard","0","Daily talking chart","1","0","Daily talking chart — consumer meters only","0"
"0","mis-dashboard","0","Event summary","1","0","Event summary — by consumer category, week by week, consumer meters only","0"
"0","dashboard","0","Revenue subsidy (power factor) — cannot open without a valid login","1","0","cannot open with an empty login token","0"
"0","mis-dashboard","0","Events that did not roll over","1","0","Events that did not roll over — by meter type, month by month, all meters","0"
"0","billing","0","Day-by-day billing list","1","0","Day-by-day billing — a meter number that does not exist shows an empty list","0"
"0","commericial-analysis","0","Consumption Compare report","1","0","Consumption Compare Same Month Last Year — non-household: billing data is not ready yet","0"
"0","reports","0","Min-max voltage count","1","0","Min-max voltage count — invalid year is rejected","0"
"0","reports","0","DTR billing — DB cross-validation","0","1","DTR billing — first row meter serial matches DB meter header","0"
"0","technical-analysis","0","Technical report","0","1","Technical report — first and last page have no duplicate meters › Current Without Voltage report — first and last page have no duplicate meters","0"
"0","revenue-protection","0","Revenue Protection — Aberration Entry Auth Negative","1","0","IND-REV-ABE-ENTRY-AUTH-002 — Invalid bearer token","0"
"0","reports","0","Consumer report","1","0","Consumer report LS — unknown query params are ignored","0"
"0","revenue-protection","1","Revenue Protection — Aberration Entry Zone Contract Snapshot","0","0","IND-RPT-ABE-ENTRY-CONTRACT-001 — Aberration Entry zone columns contract snapshot","0"
"0","mis-dashboard","0","Other events","1","0","Other events — by consumer category, hour by hour, consumer meters only","0"
"0","revenue-protection","0","Revenue Protection — ATR Zone API","1","0","IND-RPT-ATZ-002 — Validate pagination — smaller page size (limit 5)","0"
"0","reports","0","DTR event report","1","0","DTR event — a page past the last page shows no records","0"
"0","reports","0","Consumer report","1","0","Consumer report LS — showing 1 per page returns at most 1 record","0"
"0","dtrs","0","DTR events","1","0","Sample events — pending alarm without restore time","0"
"0","mis-dashboard","0","Talking meters by category","1","0","Talking meters by category — live=1 still opens","0"
"0","dashboard","0","Dashboard — DTR consumption","1","0","Saved example — monthly null energy buckets (10 Jul 2026)","0"
"0","utils-lookup","0","UTILS-LOOKUP — Catalog DB cross-validation","0","1","IND-UL-DB-001 — Connection statuses COUNT + sample rows match DB","0"
"0","reports","0","DTR billing report","1","0","DTR billing — showing 1 per page still lists a meter","0"
"0","dashboard","0","Dashboard — overview numbers","1","0","Saved example — networkDetails 24-month trends with trailing live count","0"
"0","mis-dashboard","0","Talking meters by category","1","0","Talking meters by category — from_date and to_date still work","0"
"0","mis-dashboard","0","What kinds of events happened","1","0","What kinds of events happened — extra unused options are ignored","0"
"0","master-data","0","Master data — consumer list","1","0","Consumer list — test-meter filter shows test meters only","0"
"0","mis-dashboard","0","Urgency level events","1","0","Urgency level 6 events — month by month, DTR meters only","0"
"0","mis-dashboard","0","Urgency level events","1","0","Urgency level 6 events — day by day, all meters","0"
"0","mis-dashboard","0","Daily talking chart","1","0","Daily talking chart — both is treated as all meters","0"
"0","consumption","0","CONSUMPTION — DB Coverage","0","1","IND-CON-DB-001 — daily + net-meter + pattern totalCount vs DB","0"
"0","reports","0","DTR data report","1","0","DTR data — unknown query params are ignored","0"
"0","dtr-load","0","Transformer load reports","1","0","Transformer load — October 2025 first page lists each transformer’s load by hour","0"
"0","mis-dashboard","0","How meters are talking","1","0","How meters are talking — one day only still opens","0"
"0","dtrs","0","DTR power now","1","0","DTR power now — a second transformer still shows power","0"
"0","mis-dashboard","0","Power problems","1","0","Power problems — by consumer category, month by month, DTR meters only","0"
"0","mis-dashboard","0","Daily talking chart","1","0","Daily talking chart — day-month-year date is rejected","0"
"0","mis-dashboard","0","Event summary","1","0","Event summary — by urgency, day by day, consumer meters only","0"
"0","reports","0","Reports — contract snapshots","1","0","Communication consumers — column and field names stay the same","0"
"0","commericial-analysis","0","Load Factor report","1","0","Load Factor — first and last page have no duplicate meters › LF > 100% — every page is checked so the same meter is not listed twice on the same DTR","0"
"0","master-data","0","Master data — DTR list","1","0","DTR list — search finds the DTR name or meter serial","0"
"0","reports","0","DTR billing report","1","0","DTR billing — unknown query params are ignored","0"
"0","mis-dashboard","0","How many events by urgency","1","0","How many events by urgency — dtrs is treated as DTR meters","0"
"0","commericial-analysis","1","Load Factor report","0","0","Load Factor — first and last page have no duplicate meters › LF < 5% Last Three month — every page is checked so the same meter is not listed twice on the same DTR","0"
"0","consumers","0","Event list","1","0","Event list — page 2 of events loads","0"
"0","master-data","0","Master data — meter communication","1","0","Meter communication — search finds the meter serial","0"
"0","mis-dashboard","0","Urgency level events","1","0","Urgency level 6 events — day by day, DTR meters only","0"
"0","master-data","0","Master data — substation list","1","0","Substation list — first page shows columns, records, and page numbers","0"
"0","consumption","0","Consumption API — Negative","1","0","Daily consumption — an unknown report type is rejected","0"
"0","consumption","0","Consumption API — Edge","1","0","Daily consumption — asking for one consumer at a time still returns a row","0"
"0","consumers","0","Event list","1","0","Event list — sample: page count is correct","0"
"0","mis-dashboard","0","Voltage problems","1","0","Voltage problems — by consumer category, hour by hour, DTR meters only","0"
"0","commericial-analysis","0","Consumption Compare report","1","0","Consumption Compare Same Month Last Year — all connections: billing data is not ready yet","0"
"0","technical-analysis","0","Technical report","1","0","Current Without Voltage report — first page shows columns and meters","0"
"0","master-data","0","Master data — change history","1","0","Master data change history — filter shows only meter-related changes","0"
"0","utils-lookup","0","Utils lookup — missing routes","1","0","Connection types — missing route returns 404","0"
"0","dtrs","0","DTR energy over time","1","0","DTR energy over time — day by day, each day listed once","0"
"0","dtrs","0","DTR statistic cards","1","0","Sample statistic cards — power-on time looks like a clock","0"
"0","master-data","0","Master data — meter list","1","0","Meter list — an empty search shows the full list","0"
"0","utils-lookup","0","Utils lookup — contract snapshots","1","0","DTR search — column and field names stay the same","0"
"0","dashboard","0","Dashboard — consumers by meter phase","1","0","Consumers by meter phase — page 2 still shows a valid list","0"
"0","utils-lookup","0","indoore_backend_testing","1","0","UTILS-LOOKUP › utils › lookup-catalog.harness.ts › Event classifications › event classifications — list shows ids and names","0"
"0","reports","0","DTR event detail report","1","0","DTR event detail — invalid toDate is rejected","0"
"0","dashboard","0","Dashboard — DTR voltage unbalance list","1","0","DTR voltage unbalance list — extra unused filters are ignored","0"
"0","dashboard","0","Dashboard — DTR consumption list","1","0","DTR consumption list — active energy (kWh)","0"
"0","commericial-analysis","0","Commercial Analysis — extra report checks","1","0","Consumption Compare — Abnormal High: billing data is not ready yet","0"
"0","mis-dashboard","0","Urgency level events","1","0","Urgency level 4 events — month by month, DTR meters only","0"
"0","reports","0","Consumer report","1","0","Consumer report — missing meter serial is rejected","0"
"0","consumers","0","Event list","1","0","Event list — search filter is accepted","0"
"0","dtrs","0","DTR statistic cards","1","0","Sample statistic cards — consumer count is zero or more","0"
"0","mis-dashboard","0","Current problems","1","0","Current problems — by meter type, hour by hour, all meters","0"
"0","mis-dashboard","0","Urgency level events","1","0","Urgency level 6 events — extra unused options are ignored","0"
"0","hes-commands","0","HES Commands — Meter Alarms","1","0","Validate POST /commands/meter-alarms — default window","0"
"0","reports","0","DTR event report","1","0","DTR event — fromDate after toDate is rejected","0"
"0","energy-audits","1","hourly-loss-report.harness.ts","0","0","Energy Audit Hourly Loss Report — DTR › Validate dtr hourly loss report","0"
"0","mis-dashboard","0","Power problems","1","0","Power problems — by consumer category, day by day, consumer meters only","0"
"0","master-data","0","Master data — can this meter be put on a DTR?","0","1","Can this meter be put on a DTR? — an inactive meter is rejected","0"
"0","billing","0","Monthly billing list","1","0","Monthly billing — page 2 continues the list without repeating a meter","0"
"0","reports","0","Event detail report","1","0","Event detail — missing toDate is rejected","0"
"0","reports","0","Consumer report","1","0","Consumer report LS — without total still shows columns","0"
"0","mis-dashboard","0","Events that did not roll over","1","0","Events that did not roll over — by consumer category, week by week, DTR meters only","0"
"0","dashboard","0","Dashboard — DTR communication","1","0","DTR communication chart — hourly view loads","0"
"0","mis-dashboard","0","Urgency today versus yesterday","1","0","Urgency today versus yesterday — extra unused options are ignored","0"
"0","mis-dashboard","0","Voltage problems","1","0","Voltage problems — by meter type, month by month, consumer meters only","0"
"0","modules-permissions","0","Module Permission — Negative","1","0","POST /permissions/modules — invalid module key returns 400","0"
"0","reports","0","Min-max voltage report","1","0","Min-max voltage — invalid phase is rejected","0"
"0","energy-audits","1","loss-analysis.harness.ts","0","0","Energy Audit Loss Analysis — Feeder › Validate LS loss analysis","0"
"0","reports","0","Event report","1","0","Event report — missing fromDate is rejected","0"
"0","dtr-load","0","Transformer load reports","1","0","Transformer load — first page lists how uneven the three phases are","0"
"0","dashboard","0","Dashboard — DTR consumption list","1","0","DTR consumption list — apparent energy (kVAh)","0"
"0","technical-analysis","0","Technical report","0","1","Technical report — first and last page have no duplicate meters › Ip!=0 & In=0 report — first and last page have no duplicate meters","0"
"0","consumers","0","Event list","1","0","Event list — sample: no events","0"
"0","mis-dashboard","0","Meter transaction events","1","0","Meter transaction events — by consumer category, month by month, all meters","0"
"0","mis-dashboard","0","Meter transaction events","1","0","Meter transaction events — by meter type, day by day, all meters","0"
"0","billing","0","Day-by-day billing list","1","0","Day-by-day billing — November (30 days) does not fill a 31st day column","0"
"0","users-admin","0","User Admin — Negative","1","0","GET /users/audit-logs — invalid page returns 400","0"
"0","mis-dashboard","0","Talking meters by category","1","0","Talking meters by category — day-month-year date is rejected","0"
"0","mis-dashboard","0","Urgency level events","1","0","Urgency level 4 events — hour by hour, all meters","0"
"0","mis-dashboard","0","Other events","1","0","Other events — by consumer category, week by week, consumer meters only","0"
"0","commericial-analysis","0","Maximum Demand report","1","0","MD > CD Last Three Month — household plus non-household meters equal the full total","0"
"0","utils-lookup","0","indoore_backend_testing","1","0","UTILS-LOOKUP › utils › lookup-catalog.harness.ts › Organisation search › Organisation search — a negative limit is rejected","0"
"0","technical-analysis","0","Technical report","1","0","Over Voltage in any phase report — first page shows columns and meters","0"
"0","dashboard","0","Revenue subsidy (power factor) — cannot open without a valid login","1","0","cannot open with a badly formed login token","0"
"0","commericial-analysis","0","Commercial Analysis — extra report checks","1","0","Day and Night — Night Zero Consumption: report opens and usage follows the rule","0"
"0","mis-dashboard","0","How meters are talking","1","0","How meters are talking — from-date and to-date still work","0"
"0","commericial-analysis","0","Commercial Analysis — extra report checks","1","0","Consumption Compare (Last Month) — page 2 still shows a valid meter list","0"
"0","revenue-protection","1","Revenue Protection — Cases Auth Negative","0","0","IND-RPT-NEG-011 — Cases rejects missing auth","0"
"0","dashboard","0","Dashboard — DTR communication list","1","0","DTR communication list — page 2 still shows a valid list","0"
"0","utils-lookup","0","indoore_backend_testing","1","0","UTILS-LOOKUP › utils › lookup-catalog.harness.ts › Payment contracts › payment contracts — list shows ids and names","0"
"0","reports","0","DTR communication report","1","0","DTR communication — fromDate after toDate is rejected","0"
"0","dashboard","0","Dashboard — response shape","1","0","DTR voltage unbalance list — response shape stays the same","0"
"0","revenue-protection","1","Revenue Protection — Cases Contract Snapshot","0","0","IND-RPT-CONTRACT-001 — Cases columns contract snapshot","0"
"0","dashboard","0","Dashboard — consumers by connection status","1","0","Consumers by connection status — permanently disconnected consumers","0"
"0","utils-lookup","0","indoore_backend_testing","1","0","UTILS-LOOKUP › utils › lookup-catalog.harness.ts › Consumer search › Consumer search — page 0 is rejected","0"
"0","reports","0","DTR billing report","1","0","DTR billing — limit 0 is rejected (limit must be at least 1)","0"
"0","commericial-analysis","0","Commercial Analysis — invalid filters are rejected","1","0","Load Factor — page 0 is rejected (page must start at 1)","0"
"0","reports","0","Communication DTRs report","1","0","Communication DTRs — range first page shows columns and DTRs","0"
"0","mis-dashboard","0","Current problems","1","0","Current problems — by consumer category, day by day, all meters","0"
"0","consumers","0","Nearby accounts","1","0","Nearby accounts — number at the end of the account is used","0"
"0","revenue-protection","1","Revenue Protection — Aberration Entry By IVRS Edge","0","0","IND-REV-ABE-IVRS-EDGE-001 — IVRS with surrounding whitespace is trimmed","0"
"0","mis-dashboard","0","Talking vs not talking overview","1","0","Talking vs not talking overview — dtrs is treated as DTR meters","0"
"0","dashboard","0","Consumers by meter make — cannot open without a valid login","1","0","cannot open with an expired login token","0"
"0","users-admin","0","User Admin — Negative","1","0","PATCH /users/:id — unknown user returns 404","0"
"0","mis-dashboard","0","Talking meters by category","1","0","Talking meters by category — one day only still opens","0"
"0","commericial-analysis","0","Consumption Pattern report","1","0","Consumption Pattern — Zero Consumption for Last 3 months: household and non-household lists are the same (connection type filter is not applied)","0"
"0","reports","0","Billing MD snapshot report","1","0","Billing MD snapshot — page 0 is rejected (page must start at 1)","0"
"0","consumption","0","Consumption API — Negative","1","0","Pattern consumption — limit zero is rejected","0"
"0","mis-dashboard","0","Event summary","1","0","Event summary — by meter type, day by day, DTR meters only","0"
"0","dtrs","0","DTR events","1","0","DTR events — first page of alarms, each row number only once","0"
"0","commericial-analysis","0","Commercial Analysis — extra report checks","1","0","Consumption Pattern — report still opens when the report type is not selected (uses default)","0"
"0","mis-dashboard","0","Urgency level events","1","0","Urgency level 4 events — a missing time range falls back to day by day","0"
"0","mis-dashboard","0","Meter transaction events","1","0","Meter transaction events — by consumer category, hour by hour, all meters","0"
"0","consumers","0","Live load","1","0","Live load — current load for the consumer","0"
"0","technical-analysis","0","Technical report","1","0","Current Bypass report — first page shows columns and meters","0"
"0","commericial-analysis","0","Consumption Pattern report","1","0","Consumption Pattern — 100 unit kwh from Last Nine months continuous (non-household): billing data is not ready yet","0"
"0","dashboard","0","DTR consumption list — cannot open without a valid login","1","0","cannot open with an expired login token","0"
"0","utils-lookup","0","UTILS-LOOKUP — Catalog DB cross-validation","0","1","IND-UL-DB-008 — Meter phases COUNT + sample rows match DB","0"
"0","dashboard","0","Dashboard — DTR loading list","1","0","DTR loading list — normally loaded DTRs","0"
"0","dtr-load","0","Transformer size list","1","0","Transformer sizes — leftover unused filters are ignored","0"
"0","consumption","0","Consumption API — Negative","1","0","Pattern consumption — leaving out the pattern type is rejected","0"
"0","meter-replacement","1","Meter Replacement Consumer Detail API — Negative & Edge","0","0","Valid consumer returns success envelope","0"
"0","meter-replacement","1","Meter Replacement Dashboard Summary API — Negative & Edge","0","0","Trailing slash still returns dashboard summary","0"
"0","mis-dashboard","0","Talking meters by category","1","0","Talking meters by category — a negative organisation is rejected","0"
"0","mis-dashboard","0","Voltage problems","1","0","Voltage problems — consumer and DTR stay within all meters","0"
"0","meter-replacement","0","Meter Replacement Dashboard Summary API — Auth Negative","1","0","Missing Authorization returns 401","0"
"0","commericial-analysis","0","Commercial Analysis — cannot open reports without a valid login","1","0","Day and Night — cannot open the report without logging in","0"
"0","mis-dashboard","0","Voltage problems","1","0","Voltage problems — by consumer category, week by week, DTR meters only","0"
"0","reports","0","Bill status report","1","0","Bill status — Oct 2025 summary (empty list is valid)","0"
"0","meter-replacement","1","Meter Replacement Submission History API - Auth Negative","0","0","Invalid Bearer token returns 401","0"
"0","commericial-analysis","0","Maximum Demand report","1","0","MD > CD Last Three Month — report opens and demand is above sanctioned load","0"
"0","consumers","0","Event summary","1","0","Event summary — unknown meter is empty or not found","0"
"0","mis-dashboard","0","How meters are talking","1","0","How meters are talking — blank dates are treated as missing","0"
"0","reports","0","Billing MD snapshot report","1","0","Billing MD snapshot — missing month is rejected","0"
"0","users-admin","0","User Admin — Negative","1","0","PATCH /users/:id/status — invalid status returns 400","0"
"0","mis-dashboard","0","Meter transaction events","1","0","Meter transaction events — consumers is treated as consumer meters","0"
"0","dashboard","0","Consumers by connection status — cannot open without a valid login","1","0","cannot open without logging in","0"
"0","dashboard","0","DTR loading list — cannot open without a valid login","1","0","cannot open with an invalid login token","0"
"0","mis-dashboard","0","Daily talking chart","1","0","Daily talking chart — DTR meters only","0"
"0","mis-dashboard","0","Current problems","1","0","Current problems — by consumer category, hour by hour, DTR meters only","0"
"0","master-data","0","Master data — meter list","1","0","Meter list — search finds the meter serial","0"
"0","meter-replacement","1","Meter Replacement Consumer Search API — Auth Negative","0","0","Invalid Bearer token returns 401","0"
"0","utils-lookup","0","indoore_backend_testing","1","0","UTILS-LOOKUP › utils › lookup-catalog.harness.ts › DTR search › DTR search — limit 0 is rejected","0"
"0","dashboard","0","DTR voltage unbalance — cannot open without a valid login","1","0","cannot open with a badly formed login token","0"
"0","energy-audits","0","network-trends.harness.ts","1","0","Validate ls network trends","0"
"0","mis-dashboard","0","Urgency level events","1","0","Urgency level 6 events — dtrs is treated as DTR meters","0"
"0","dashboard","0","Dashboard — consumers by connection status","1","0","Saved example — permanently-disconnected with rows (offline)","0"
"0","dtrs","0","DTR energy over time","1","0","DTR energy over time — a second transformer still shows a chart","0"
"0","meter-replacement","0","Meter Replacement Dashboard Summary API — Auth Negative","1","0","Disallowed HTTP methods are rejected","0"
"0","consumers","0","Power quality","1","0","Power quality — sample: no live reading yet","0"
"0","mis-dashboard","0","Events that did not roll over","1","0","Events that did not roll over — by meter type, week by week, all meters","0"
"0","mis-dashboard","0","Talking vs not talking overview","1","0","Talking vs not talking overview — consumers is treated as consumer meters","0"
"0","mis-dashboard","0","Daily talking chart","1","0","Daily talking chart — network 0 is rejected","0"
"0","consumption","0","CONSUMPTION — Contract Snapshots","1","0","Daily Consumption Contract Snapshot","0"
"0","mis-dashboard","0","Urgency level events","1","0","Urgency level 2 events — month by month, all meters","0"
"0","reports","0","Communication consumers report","1","0","Communication consumers — invalid period type is rejected","0"
"0","feeder","0","Feeder screens — cannot open without a valid login","1","0","Feeder alerts — cannot open with an invalid login token","0"
"0","mis-dashboard","0","Meter transaction events","1","0","Meter transaction events — by consumer category, day by day, DTR meters only","0"
"0","dashboard","0","Dashboard overview — cannot open without a valid login","1","0","cannot open without logging in","0"
"0","reports","0","Event restoration report","1","0","Event restoration — empty page fixture","0"
"0","revenue-protection","1","Revenue Protection — Cases Edge","0","0","IND-RPT-006 — Filter combination returning zero rows → success empty grid","0"
"1","meter-replacement","0","Bulk Validate Meter Replacement API","0","0","Validate POST /indore/meter-replacement/bulk/validate — replacement reason required","0"
"0","dashboard","0","DTR consumption list — cannot open without a valid login","1","0","cannot open with an empty login token","0"
"0","meter-replacement","0","Meter Replacement Submission History API - Auth Negative","1","0","Missing Authorization returns 401","0"
"0","reports","0","DTR event detail report","1","0","DTR event detail — 1–30 Oct 2025 first page shows columns and events","0"
"0","mis-dashboard","0","Urgency level events","1","0","Urgency level 3 events — a blank time range is rejected","0"
"0","mis-dashboard","0","Events that did not roll over","1","0","Events that did not roll over — by meter type, day by day, consumer meters only","0"
"0","mis-dashboard","0","Meter transaction events","1","0","Meter transaction events — by meter type, hour by hour, consumer meters only","0"
"0","reports","0","DTR data report","1","0","DTR data — DP over 30 days requires background export","0"
"0","dashboard","0","Dashboard — revenue subsidy (power factor)","1","0","Revenue subsidy (power factor) — report opens for the selected period","0"
"0","modules-permissions","0","Module Permission CRUD Flow","1","0","Validate Module Permission Module","0"
"0","dtrs","0","DTR energy over time","1","0","Sample chart — hours with no energy yet","0"
"0","dashboard","0","DTR loading list — cannot open without a valid login","1","0","cannot open with a badly formed login token","0"
"0","technical-analysis","0","Technical report","0","1","Technical report — first and last page have no duplicate meters › YNR CT Bypass report — first and last page have no duplicate meters","0"
"0","reports","0","Min-max voltage count","1","0","Min-max voltage count — unknown query params are ignored","0"
"0","mis-dashboard","0","Power problems","1","0","Power problems — by consumer category, day by day, DTR meters only","0"
"0","reports","0","Bill status report","1","0","Bill status — invalid year is rejected","0"
"0","audit-logs","0","Audit Log Export API","0","1","Validate Audit Log Export ASC API","0"
"0","mis-dashboard","0","Other events","1","0","Other events — by meter type, week by week, all meters","0"
"0","revenue-protection","0","Revenue Protection — Aberration Entry Negative","1","0","IND-REV-ABE-ENTRY-NEG-002 — Invalid year","0"
"0","consumers","0","Meter communication","1","0","Meter communication — status opens using the meter","0"
"0","consumers","0","Billing history","1","0","Billing history — sample: 12 empty months listed","0"
"0","dtrs","0","DTR energy over time","1","0","DTR energy over time — unknown transformer is not shown","0"
"0","dashboard","0","Dashboard — response shape","1","0","Consumers by connection status — response shape stays the same","0"
"0","reports","0","Min-max voltage count","1","0","Min-max voltage count — Oct 2025 max R returns a total","0"
"0","mis-dashboard","0","Daily talking chart","1","0","Daily talking chart — unknown meter kind is treated as all","0"
"0","billing","0","Monthly billing list","1","0","Monthly billing — searching by a meter number returns only that meter","0"
"0","consumers","0","Energy flow chart","1","0","Energy flow chart — opens using the account number","0"
"0","mis-dashboard","0","Talking vs not talking overview","1","0","Talking vs not talking overview — both is treated as all meters","0"
"0","mis-dashboard","0","Voltage problems","1","0","Voltage problems — by consumer category, month by month, consumer meters only","0"
"0","dashboard","0","Dashboard — DTR communication","1","0","DTR communication chart — monthly view loads","0"
"0","mis-dashboard","0","Meter transaction events","1","0","Meter transaction events — by meter type, week by week, consumer meters only","0"
"0","dashboard","0","Dashboard — DTR load unbalance","1","0","DTR load unbalance — extra unused filters are ignored","0"
"0","reports","0","DTR event report","1","0","DTR event — invalid toDate is rejected","0"
"0","mis-dashboard","0","Urgency level events","1","0","Urgency level 1 events — dtrs is treated as DTR meters","0"
"0","commericial-analysis","0","Load Factor report","1","0","Load Factor LF > 100% — household filter shows the same list (filter is not applied)","0"
"0","commericial-analysis","0","Commercial Analysis — cannot open reports without a valid login","1","0","Dashboard — cannot open the report without logging in","0"
"0","mis-dashboard","0","How many meters we have","1","0","How many meters we have — live view still opens","0"
"0","revenue-protection","0","Revenue Protection — ATR Zone Negative","1","0","IND-RPT-ATZ-NEG-008 — Far-future year returns empty success grid","0"
"0","mis-dashboard","0","Talking meters by category","1","0","Talking meters by category — all meters, Oct 2025 to Oct 2026","0"
"0","technical-analysis","0","Technical report","1","0","Current Unbalance report — first page shows columns and meters","0"
"0","revenue-protection","1","Revenue Protection — Aberration Entry By IVRS Negative","0","0","IND-REV-ABE-IVRS-NEG-001 — Unknown IVRS returns not found","0"
"0","dashboard","0","DTR loading list — cannot open without a valid login","1","0","cannot open without logging in","0"
"0","consumption","0","Pattern last three months list","1","0","Last three months — first page lists each consumer (month energy may be empty)","0"
"0","users-admin","0","User Admin — Negative","1","0","PATCH /users/:id/status — unknown user returns 404","0"
"0","mis-dashboard","0","Event summary","1","0","Event summary — dtrs is treated as DTR meters","0"
"0","revenue-protection","0","Revenue Protection — Aberration Entry EENLTMT Edge","1","0","IND-REV-ABE-EEN-EDGE-004 — Unfiltered query may span multiple months","0"
"0","dtrs","0","DTR energy over time","1","0","DTR energy over time — week by week, each week listed once","0"
"0","dashboard","0","Dashboard — overview numbers","1","0","Saved example — consumerType 30-day trends with trailing live count","0"
"0","reports","0","Current without voltage report","1","0","Current without voltage — invalid month is rejected","0"
"0","dtrs","0","DTR profile","1","0","Sample profile — network path ends at this transformer, each level once","0"
"0","utils-lookup","0","indoore_backend_testing","1","0","UTILS-LOOKUP › utils › lookup-catalog.harness.ts › DTR search › DTR search — a page past the last page shows no records","0"
"0","other","0","indoore_backend_testing","1","0","core › __tests__ › defect-heuristic-triage › buildMarkdown includes triage section","0"
"0","dashboard","0","Dashboard — revenue subsidy (power factor)","1","0","Saved example — POST save zero period echo","0"
"0","master-data","0","Master data — column names in the response","1","0","Feeder list — column names in the response stay the same","0"
"0","modules-permissions","0","Module Permission — Advanced","1","0","PATCH /permissions/modules/:id — isEnabled false then true","0"
"0","users-admin","0","User Admin — Negative","1","0","GET /users/:id/devices — unknown user returns 404","0"
"0","reports","0","Billing MD snapshot report","1","0","Billing MD snapshot — includeTotal still shows the same columns","0"
"0","mis-dashboard","0","Urgency level events","1","0","Urgency level 1 events — extra unused options are ignored","0"
"0","technical-analysis","0","Technical report","0","1","Technical report — household filter shows household meters","0"
"0","revenue-protection","0","Revenue Protection — Aberration Entry API","0","1","IND-REV-ABE-ENTRY-004 — Fetch Aberration Entry without optional filters","0"
"0","mis-dashboard","0","Voltage problems","1","0","Voltage problems — by consumer category, month by month, all meters","0"
"0","reports","0","Current without voltage report","1","0","Current without voltage — page 0 is rejected (page must start at 1)","0"
"0","mis-dashboard","0","Voltage problems","1","0","Voltage problems — by meter type, day by day, all meters","0"
"0","mis-dashboard","0","Event summary","1","0","Event summary — by urgency, month by month, all meters","0"
"0","modules-permissions","0","Module Permission — Negative","1","0","POST /permissions/modules/:id/permissions — unknown module returns 404","0"
"0","commericial-analysis","0","Day and Night consumption report","1","0","Day and Night — first and last page have no duplicate meters › Day and Night — Night Zero Consumption: first and last page have no duplicate meters","0"
"0","notifications","0","NOTIFICATIONS — DB Coverage","0","1","IND-NOT-DB-001 — inbox stats + list total + spot vs user_notifications","0"
"0","consumers","0","Live voltage and current","1","0","Live voltage and current — shown for the consumer","0"
"0","commericial-analysis","0","Consumption Compare report","1","0","Abnormal Low — household: billing data is not ready yet","0"
"0","mis-dashboard","0","Event summary","1","0","Event summary — by consumer category, day by day, all meters","0"
"0","dtr-load","0","Transformer size list","1","0","Transformer sizes — leaving out the end date is rejected","0"
"0","mis-dashboard","0","Events that did not roll over","1","0","Events that did not roll over — by consumer category, day by day, all meters","0"
"0","master-data","0","Master data — meter communication","1","0","Meter communication — a smaller page size shows fewer records","0"
"0","consumers","0","Energy flow chart","1","0","Energy flow chart — sample: usage matches meter totals","0"
"0","dashboard","0","Dashboard — DTR power on/off","1","0","DTR power on/off chart — monthly view loads","0"
"0","utils-lookup","0","UTILS-LOOKUP — Catalog DB cross-validation","0","1","IND-UL-DB-005 — Events COUNT + sample rows match DB","0"
"0","consumers","0","Live load","1","0","Live load — sample: single-phase load","0"
"0","meter-replacement","0","Bulk Validate Meter Replacement API","0","1","Validate POST /indore/meter-replacement/bulk/validate — inactive old meter rejected","0"
"0","mis-dashboard","0","How meters are talking","1","0","How meters are talking — missing start date uses the end date","0"
"0","utils-lookup","0","indoore_backend_testing","1","0","UTILS-LOOKUP › utils › lookup-catalog.harness.ts › Consumer search › Consumer search — a page past the last page shows no records","0"
"0","feeder","0","Feeder — saved field lists","1","0","Feeder profile — the field list still matches what we saved","0"
"0","reports","0","Event restoration report","1","0","Event restoration — 1–30 Oct 2025 fixture","0"
"0","dashboard","0","Dashboard — DTR voltage unbalance list","1","0","DTR voltage unbalance list — balanced DTRs","0"
"0","reports","0","DTR event report","1","0","DTR event — page 2 continues serial numbers without duplicates","0"
"0","master-data","0","Master data — DTR list","1","0","DTR list — first page shows columns, records, and page numbers","0"
"0","billing","0","Monthly billing list","1","0","Monthly billing — a meter number that does not exist shows an empty list","0"
"0","consumers","0","Nearby accounts","1","0","Nearby accounts — list size cannot be more than 20","0"
"0","consumption","0","Consumption API — Edge","1","0","Pattern comparison — a page far past the end of the list is empty","0"
"0","mis-dashboard","0","What kinds of events happened","1","0","What kinds of events happened — a missing grouping is rejected","0"
"0","utils-lookup","0","indoore_backend_testing","1","0","UTILS-LOOKUP › utils › lookup-catalog.harness.ts › DTR search › DTR search — page 0 is rejected","0"
"0","energy-audits","0","loss-analysis-stats.harness.ts","1","0","Validate dtr loss analysis stats","0"
"0","utils-lookup","0","indoore_backend_testing","1","0","UTILS-LOOKUP › utils › lookup-catalog.harness.ts › Organisation search › Organisation search — limit 0 is rejected","0"
"0","mis-dashboard","0","Daily talking chart","1","0","Daily talking chart — consumers is treated as consumer meters","0"
"0","mis-dashboard","0","Urgency level events","1","0","Urgency level 1 events — day by day, DTR meters only","0"
"0","meter-replacement","1","Meter Replacement Consumer Detail API — Auth Negative","0","0","Invalid Bearer token returns 401","0"
"0","dashboard","0","Dashboard — DTR load unbalance","1","0","Saved example — all DTRs Severe","0"
"0","reports","0","Min-max voltage report","1","0","Min-max voltage — showing 1 per page returns at most 1 record","0"
"0","overall-dashboard","0","Home dashboard screens — cannot open without a valid login","1","0","Mapped vs unmapped meters — cannot open with an expired login token","0"
"0","auth","1","Auth Refresh API","0","0","Validate token refresh","0"
"0","technical-analysis","0","Technical report","0","1","Ip!=0 & In=0 report — first page shows columns and meters","0"
"0","feeder","0","Feeder screens — cannot open without a valid login","1","0","Feeder daily energy — cannot open with an expired login token","0"
"0","mis-dashboard","0","How many events by urgency","1","0","How many events by urgency — live view still opens","0"
"0","overall-dashboard","0","Home dashboard — cannot open without a valid login","1","0","Home dashboard — cannot open with a badly formed login token","0"
"0","mis-dashboard","0","Current problems","1","0","Current problems — extra unused options are ignored","0"
"0","mis-dashboard","0","Urgency today versus yesterday","1","0","Urgency today versus yesterday — DTR meters only","0"
"0","mis-dashboard","0","Urgency level events","1","0","Urgency level 3 events — week by week, DTR meters only","0"
"0","consumers","0","Consumers — screen shape checks","1","0","Live voltage and current — screen shape is unchanged","0"
"0","commericial-analysis","0","Commercial Analysis — extra report checks","1","0","Maximum Demand — Sanction Load Violation: report opens and demand follows the rule","0"
"0","technical-analysis","0","Technical summary","1","0","Technical summary — month 13 is rejected","0"
"0","consumers","0","Live voltage and current","1","0","Live voltage and current — unknown meter is empty or not found","0"
"0","revenue-protection","0","Revenue Protection — Aberration Entry EENLTMT API","0","1","IND-REV-ABE-EEN-004 — Fetch EENLTMT Aberration Entry using only month","0"
"0","mis-dashboard","0","Other events","1","0","Other events — by consumer category, day by day, consumer meters only","0"
"0","mis-dashboard","0","What kinds of events happened","1","0","What kinds of events happened — a blank grouping is rejected","0"
"0","dashboard","0","Dashboard — DTR voltage unbalance list","1","0","Saved example — balanced empty page","0"
"0","technical-analysis","0","TECHNICAL-ANALYSIS — DB Coverage","0","1","IND-TA-DB-001 — Summary↔report totals + V_Consumerdetails row spot-checks","0"
"0","energy-audits","0","network-trends.harness.ts","1","0","Validate dp network trends","0"
"0","meter-replacement","1","Meter Replacement Submission Detail API — Negative & Edge","0","0","Unknown submission returns 404 SUBMISSION_NOT_FOUND","0"
"0","mis-dashboard","0","Talking meters by category","1","0","Talking meters by category — no dates uses today","0"
"0","dashboard","0","Dashboard — consumers by connection status","1","0","Consumers by connection status — extra unused filters are ignored","0"
"0","reports","0","DTR communication report","1","0","DTR communication — includeTotal still shows the same columns","0"
"0","dashboard","0","Dashboard — DTR summary cards","1","0","Saved example — hourly summary cards with 12-point trends (10 Jul 2026)","0"
"0","dashboard","0","Dashboard — DTR voltage unbalance list","1","0","DTR voltage unbalance list — moderately unbalanced DTRs","0"
"0","dashboard","0","Dashboard — DTR loading list","1","0","Saved example — high-load DTRs with rows","0"
"0","mis-dashboard","0","Urgency level events","1","0","Urgency level 6 events — an invalid time range is rejected","0"
"0","dashboard","0","Dashboard — DTR power on/off","1","0","Saved example — daily null on/off buckets (10 Jul 2026)","0"
"0","dashboard","0","Dashboard — DTR summary cards","1","0","Saved example — all DTRs OFF scenario","0"
"0","reports","0","Current without voltage report","1","0","Current without voltage — Oct 2025 phase R fixture","0"
"0","dashboard","0","Dashboard — DTR power on/off list","1","0","DTR power on/off list — extra unused filters are ignored","0"
"0","dashboard","0","Dashboard — DTR power on/off","1","0","Saved example — hourly null on/off buckets (10 Jul 2026)","0"
"0","technical-analysis","0","Technical report","0","1","YNR Earth Loading report — first page shows columns and meters","0"
"0","dashboard","0","Consumers by connection status — cannot open without a valid login","1","0","cannot open with an invalid login token","0"
"0","mis-dashboard","0","Urgency today versus yesterday","1","0","Urgency today versus yesterday — network 0 is rejected","0"
"0","dashboard","0","Dashboard — DTR summary cards","1","0","DTR summary cards — yearly view loads","0"
"0","revenue-protection","0","Revenue Protection — Cases Negative","0","1","IND-RPT-NEG-016 — page beyond totalPages returns empty rows (not error)","0"
"0","commericial-analysis","0","Load Factor report","1","0","Load Factor — first and last page have no duplicate meters › LF < 5% — first and last page have no duplicate meters","0"
"0","energy-audits","1","loss-analysis.harness.ts","0","0","Energy Audit Loss Analysis — Feeder › Validate DP loss analysis","0"
"0","master-data","0","Master data — substation list","1","0","Substation list — page 2 shows the next set of records","0"
"0","billing","0","Billing — column names stay stable","1","0","Day-by-day billing — column headings and field names stay the same","0"
"0","mis-dashboard","0","Other events","1","0","Other events — by meter type, week by week, DTR meters only","0"
"0","mis-dashboard","0","Event summary","1","0","Event summary — by consumer category, hour by hour, DTR meters only","0"
"0","mis-dashboard","0","Events that did not roll over","1","0","Events that did not roll over — by consumer category, week by week, all meters","0"
"0","commericial-analysis","0","Consumption Pattern report","1","0","Consumption Pattern — 100 unit kwh from Last Six months continuous (non-household): billing data is not ready yet","0"
"0","consumers","0","Meter communication","1","0","Meter communication — invalid date is rejected","0"
"0","mis-dashboard","0","Other events","1","0","Other events — by consumer category, month by month, DTR meters only","0"
"0","revenue-protection","0","Revenue Protection — Cases DB cross-validation","0","1","IND-RPT-DB-002 — Sampled rows match DB field-for-field","0"
"0","commericial-analysis","0","Commercial Analysis — invalid filters are rejected","1","0","Maximum Demand — month 13 is rejected (month must be 1 to 12)","0"
"0","dtrs","0","DTR saved field list","1","0","DTR profile — saved list of the fields we expect","0"
"0","billing","0","Day-by-day billing list","1","0","Day-by-day billing — asking for zero rows per page is rejected","0"
"0","reports","0","DTR data report","1","0","DTR data — missing fromDate is rejected","0"
"0","reports","0","Min-max voltage report","1","0","Min-max voltage — Oct 2025 min Y first page shows columns and meters","0"
"0","mis-dashboard","0","Other events","1","0","Other events — by meter type, month by month, all meters","0"
"0","overall-dashboard","0","Home dashboard screens — cannot open without a valid login","1","0","Connect and disconnect by month — cannot open with an empty login token","0"
"0","dashboard","0","Dashboard — DTR voltage unbalance list","1","0","Saved example — severe empty page","0"
"0","reports","0","Event detail report","1","0","Event detail — empty page fixture","0"
"0","dtr-load","0","Transformer load reports","1","0","Transformer load — first page shows load as a percent of the transformer size","0"
"1","meter-replacement","0","Bulk Validate Meter Replacement API","0","0","Validate POST /indore/meter-replacement/bulk/validate — latitude must be a valid coordinate","0"
"0","auth","0","Auth Devices API","0","1","DELETE /auth/devices/:id — revoke non-current device and verify catalog","0"
"0","dashboard","0","Dashboard — DTR loading list","1","0","Saved example — normally loaded DTRs empty page","0"
"0","overall-dashboard","0","Home dashboard — saved field lists","1","0","DTR talking to the system — the field list still matches what we saved","0"
"0","auth","0","Auth Sent Invitations List API","1","0","Validate sent invitations list — status=accepted","0"
"0","reports","0","Communication DTRs report","1","0","Communication DTRs — invalid date is rejected","0"
"0","consumers","0","Power quality","1","0","Power quality — opens using the meter","0"
"0","reports","0","Reports — contract snapshots","1","0","DTR communication — column and field names stay the same","0"
"1","meter-replacement","0","Bulk Validate Meter Replacement API","0","0","Validate POST /indore/meter-replacement/bulk/validate — old meter serial must resolve to a consumer","0"
"0","auth","1","Auth Session — Negative","0","0","POST /auth/refresh — succeeds without CSRF header when refresh cookie is present","0"
"0","revenue-protection","1","Revenue Protection — Aberration Entry By IVRS (PATCH)","0","0","IND-REV-ABE-IVRS-001 — PATCH aberration entry by IVRS returns echoed ivrsNo","0"
"0","mis-dashboard","0","Urgency level events","1","0","Urgency level 3 events — network 0 is rejected","0"
"0","technical-analysis","0","Technical report","0","1","Technical report — empty page fixture","0"
"0","mis-dashboard","0","Current problems","1","0","Current problems — by consumer category, hour by hour, consumer meters only","0"
"0","commericial-analysis","0","Power Factor Violation report","1","0","Power Factor Violation — report opens, PF is below 0.8, and the same meter is not listed twice on the same DTR","0"
"0","revenue-protection","0","Revenue Protection — Aberrations Negative","0","1","Zero limit is rejected","0"
"0","modules-permissions","0","Module Permission — Negative","1","0","DELETE /permissions/modules/:id — unknown module returns 404","0"
"0","overall-dashboard","0","Home dashboard screens — cannot open without a valid login","1","0","Connect and disconnect by month — cannot open with an expired login token","0"
"0","utils-lookup","0","indoore_backend_testing","1","0","UTILS-LOOKUP › utils › lookup-catalog.harness.ts › Meter phases › meter phases — list shows ids and names","0"
"0","reports","0","DTR data report","1","0","DTR data — DP in a 7-day window returns the grid","0"
"0","consumers","0","Live voltage and current","1","0","Live voltage and current — sample: single-phase meter","0"
"0","billing","0","Day-by-day billing list","1","0","Day-by-day billing — month 13 is rejected (month must be January to December)","0"
"0","mis-dashboard","0","Other events","1","0","Other events — by meter type, hour by hour, all meters","0"
"0","meter-replacement","1","METER-REPLACEMENT — Contract Snapshots","0","0","Submission Detail Contract Snapshot","0"
"0","reports","0","Communication consumers report","1","0","Communication consumers — month first page shows columns and meters","0"
"0","mis-dashboard","0","Other events","1","0","Other events — by consumer category, day by day, DTR meters only","0"
"0","mis-dashboard","0","Current problems","1","0","Current problems — by meter type, month by month, consumer meters only","0"
"0","dashboard","0","Dashboard — DTR communication","1","0","Saved example — yearly null communicating/non-communicating buckets (10 Jul 2026)","0"
"0","consumption","0","Consumption API — Edge","1","0","Last three months — leftover unused filters are ignored","0"
"0","dashboard","1","Dashboard — DTR consumption","0","0","DTR consumption chart — extra unused filters are ignored","0"
"0","hes-commands","0","HES Commands — Search Meters","1","0","Validate POST /commands/search-meters — invalid itemCount returns error","0"
"0","mis-dashboard","0","Urgency level events","1","0","Urgency level 6 events — month by month, consumer meters only","0"
"0","master-data","0","Master data — column names in the response","1","0","Consumer list — column names in the response stay the same","0"
"0","meter-replacement","1","Meter Replacement Consumer Detail API","0","0","Validate Meter Replacement Consumer Detail API","0"
"0","dashboard","0","Dashboard — DTR communication list","1","0","Saved example — meters that are not communicating empty page","0"
"0","mis-dashboard","0","How many events by urgency","1","0","How many events by urgency — unknown meter kind is treated as all","0"
"0","consumption","0","Monthly net meter list","1","0","Monthly net meter — first page lists each consumer (import, export, and net may be empty)","0"
"0","utils-lookup","0","indoore_backend_testing","1","0","UTILS-LOOKUP › utils › lookup-catalog.harness.ts › Network search › Network search — limit 1 returns at most 1 record","0"
"0","dashboard","0","Consumers by connection status — cannot open without a valid login","1","0","cannot open with a badly formed login token","0"
"0","users-admin","0","User Security Flow","1","0","Validate Force Logout","0"
"0","technical-analysis","0","Technical report","0","1","Technical report — first and last page have no duplicate meters › Low Power Factor report — first and last page have no duplicate meters","0"
"0","mis-dashboard","0","Talking vs not talking overview","1","0","Talking vs not talking overview — unknown meter kind is treated as all","0"
"0","revenue-protection","0","Revenue Protection — ATR Zone Auth Negative","1","0","IND-RPT-ATZ-NEG-012 — ATR Zone rejects invalid bearer token","0"
"0","mis-dashboard","0","Saved screen shape","1","0","Other events — saved screen shape","0"
"0","reports","0","Event detail report","1","0","Event detail — fromDate after toDate is rejected","0"
"0","dashboard","0","Dashboard — revenue subsidy (power factor)","1","0","Saved example — live sample shape + derived fields","0"
"0","dashboard","0","Dashboard — response shape","1","0","DTR power on/off chart — response shape stays the same","0"
"0","dashboard","0","Consumers by meter phase — cannot open without a valid login","1","0","cannot open with an empty login token","0"
"0","meter-replacement","0","Meter Replacement Submission History API - Negative","0","1","Invalid date returns error (backend may 400 or 500)","0"
"0","utils-lookup","0","indoore_backend_testing","1","0","UTILS-LOOKUP › utils › lookup-catalog.harness.ts › DTR search › DTR search — first page shows columns and records","0"
"0","mis-dashboard","0","Event summary","1","0","Event summary — by meter type, hour by hour, DTR meters only","0"
"0","mis-dashboard","0","Voltage problems","1","0","Voltage problems — by meter type, day by day, consumer meters only","0"
"0","master-data","0","Master data — lists vs database","0","1","Meter, DTR, consumer, feeder, and substation lists match the database","0"
"0","reports","0","Communication DTRs report","1","0","Communication DTRs — fromDate after toDate is rejected","0"
"0","reports","0","Communication DTRs report","1","0","Communication DTRs — a page past the last page shows no records","0"
"0","mis-dashboard","0","Other events","1","0","Other events — by meter type, hour by hour, consumer meters only","0"
"1","meter-replacement","0","Bulk Validate Meter Replacement API","0","0","Validate POST /indore/meter-replacement/bulk/validate — longitude must be a valid coordinate","0"
"0","mis-dashboard","0","Urgency level events","1","0","Urgency level 6 events — a missing time range falls back to day by day","0"
"0","commericial-analysis","0","Load Factor report","1","0","Load Factor — first and last page have no duplicate meters › LF < 5% Last Three month — first and last page have no duplicate meters","0"
"0","consumers","0","Billing history","1","0","Billing history — opens using the meter","0"
"0","billing","0","Monthly billing list","1","0","Monthly billing — month 0 is rejected","0"
"0","commericial-analysis","1","Load Factor report","0","0","Load Factor — first and last page have no duplicate meters › LF < 5% — every page is checked so the same meter is not listed twice on the same DTR","0"
"0","dashboard","0","Dashboard — DTR load unbalance list","1","0","DTR load unbalance list — balanced DTRs","0"
"0","consumers","0","Nearby accounts","1","0","Nearby accounts — account number is required","0"
"0","technical-analysis","0","Technical report","1","0","Power Failure report — first page shows columns and meters","0"
"0","reports","0","Event restoration report","1","0","Event restoration — invalid toDate is rejected","0"
"0","mis-dashboard","0","Meter transaction events","1","0","Meter transaction events — by meter type, month by month, DTR meters only","0"
"0","meter-replacement","1","Meter Replacement Submission History API - Negative","0","0","Invalid pagination returns validation error","0"
"0","consumers","0","Meter communication","1","0","Meter communication — unknown consumer is not found","0"
"0","reports","0","Min-max voltage report","1","0","Min-max voltage — invalid month is rejected","0"
"0","reports","0","Bill status report","1","0","Bill status — missing year is rejected","0"
"0","reports","0","DTR communication report","1","0","DTR communication — limit 0 is rejected (limit must be at least 1)","0"
"0","technical-analysis","0","Technical report","1","0","Ip!=In (Phase current is not equal to neutral current) report — first page shows columns and meters","0"
"0","utils-lookup","0","UTILS-LOOKUP — Catalog DB cross-validation","0","1","IND-UL-DB-003 — Payment contracts COUNT + sample rows match DB","0"
"0","mis-dashboard","0","Other events","1","0","Other events — by consumer category, week by week, DTR meters only","0"
"0","consumers","0","Consumers — screen shape checks","1","0","Consumption chart — screen shape is unchanged","0"
"0","mis-dashboard","0","How many events by urgency","1","0","How many events by urgency — blank dates are treated as missing","0"
"0","consumption","0","Consumption API — Edge","1","0","Pattern comparison — page 2 continues without repeating a meter","0"
"0","mis-dashboard","0","Urgency today versus yesterday","1","0","Urgency today versus yesterday — no meter kind still opens","0"
"0","mis-dashboard","0","Current problems","1","0","Current problems — by consumer category, hour by hour, all meters","0"
"0","consumption","0","Consumption API — Edge","1","0","Daily consumption — leftover unused filters are ignored","0"
"0","commericial-analysis","0","Consumption Pattern report","1","0","Consumption Pattern — 100 unit kwh from Last Six months continuous (household): billing data is not ready yet","0"
"0","mis-dashboard","0","Daily talking chart","1","0","Daily talking chart — from_date and to_date still work","0"
"0","technical-analysis","0","Technical report","0","1","Technical report — first and last page have no duplicate meters › Earth Loading report — first and last page have no duplicate meters","0"
"0","mis-dashboard","0","Events that did not roll over","1","0","Events that did not roll over — by meter type, month by month, DTR meters only","0"
"0","master-data","0","Master data — change history","1","0","Master data change history — page 2 shows the next set of changes","0"
"0","commericial-analysis","0","Consumption Pattern report","1","0","Consumption Pattern — Zero Consumption for Last 12 months (non-household): billing data is not ready yet","0"
"0","reports","0","Min-max voltage count","1","0","Min-max voltage count — Oct 2025 max B returns a total","0"
"0","reports","0","Communication consumers report","1","0","Communication consumers — unknown query params are ignored","0"
"0","mis-dashboard","0","Current problems","1","0","Current problems — by meter type, week by week, DTR meters only","0"
"0","mis-dashboard","0","Other events","1","0","Other events — organisation 0 is rejected","0"
"0","dtrs","0","DTR feeders","1","0","DTR feeders — list under this transformer, each feeder only once","0"
"0","meter-replacement","0","Meter Replacement Meter Validation API — Auth Negative","1","0","Missing Authorization returns 401","0"
"0","mis-dashboard","0","Saved screen shape","1","0","Urgency level 4 events — saved screen shape","0"
"0","dtrs","0","DTR profile","1","0","Sample profile — recent alarms with date and time","0"
"0","reports","0","DTR billing report","1","0","DTR billing — empty page fixture","0"
"0","users-profile-image","0","User Profile Image — Negative","1","0","POST /users/me/profile-image/upload-url — missing fileSize returns 400","0"
"0","reports","0","Communication DTRs report","1","0","Communication DTRs — missing month is rejected","0"
"0","mis-dashboard","0","Urgency level events","1","0","Urgency level 2 events — dtrs is treated as DTR meters","0"
"0","billing","0","Monthly billing list","1","0","Monthly billing — October 2025 sample row matches the live layout","0"
"0","consumers","0","Event summary","1","0","Event summary — unknown consumer is empty or not found","0"
"0","revenue-protection","1","Revenue Protection — Cases Edge","0","0","IND-RPT-004 — Page far beyond total returns empty rows (not page-1 fallback)","0"
"0","utils-lookup","0","indoore_backend_testing","1","0","UTILS-LOOKUP › utils › lookup-catalog.harness.ts › Device manufacturers › device manufacturers — list shows ids and names","0"
"0","mis-dashboard","0","Urgency level 2 events","0","1","Urgency level 2 events — day by day","0"
"0","mis-dashboard","0","How meters are talking","1","0","How meters are talking — start date after end date is rejected","0"
"0","dashboard","0","DTR load unbalance list — cannot open without a valid login","1","0","cannot open with a badly formed login token","0"
"0","billing","0","Monthly billing list","1","0","Monthly billing — October 2025 first page lists meters and column headings","0"
"0","consumers","0","Consumers — screen data matches the database","0","1","Consumers — profile, meter, billing, communication and live readings match the database","0"
"0","mis-dashboard","0","Daily talking chart","1","0","Daily talking chart — extra unused options are ignored","0"
"0","technical-analysis","1","Technical summary","0","0","Technical summary — October 2025 cards show counts","0"
"0","overall-dashboard","0","Home dashboard screens — cannot open without a valid login","1","0","Connect and disconnect by month — cannot open without logging in","0"
"0","meter-replacement","1","Meter Replacement Submission History API","0","0","Validate Meter Replacement Submission History API","0"
"0","dashboard","0","DTR power on/off list — cannot open without a valid login","1","0","cannot open with an invalid login token","0"
"0","reports","0","Consumer report","1","0","Consumer report IP — Oct 2025 fixture","0"
"0","mis-dashboard","0","How many meters we have","1","0","How many meters we have — all meters equals consumer plus DTR","0"
"0","reports","0","Communication consumers report","1","0","Communication consumers — missing fromDate is rejected","0"
"0","revenue-protection","0","Revenue Protection — Aberration Entry Negative","1","0","IND-REV-ABE-EEN-NEG-004 — Invalid limit","0"
"0","meter-replacement","1","Meter Replacement Consumer Search API — Negative & Edge","0","0","Case and identity variants return matching consumers","0"
"0","mis-dashboard","0","Urgency level 6 events","0","1","Urgency level 6 events — hour by hour","0"
"0","mis-dashboard","0","What kinds of events happened","1","0","What kinds of events happened — by meter type, dtrs is treated as DTR meters","0"
"0","mis-dashboard","0","Current problems","1","0","Current problems — by meter type, day by day, consumer meters only","0"
"0","auth","0","AUTH — Contract Snapshots","1","0","Auth Sent Invitations Contract Snapshot","0"
"0","mis-dashboard","0","Meter transaction events","1","0","Meter transaction events — network 0 is rejected","0"
"0","commericial-analysis","0","Load Factor report","1","0","Load Factor LF < 5% — report opens and values follow the rule","0"
"0","mis-dashboard","0","Urgency level events","1","0","Urgency level 2 events — hour by hour, DTR meters only","0"
"0","mis-dashboard","0","Events that did not roll over","1","0","Events that did not roll over — by meter type, hour by hour, DTR meters only","0"
"0","commericial-analysis","0","Commercial Analysis — cannot open reports without a valid login","1","0","Dashboard — only GET is allowed; other request types are rejected","0"
"0","reports","0","DTR data report","1","0","DTR data — a far page still returns a valid table","0"
"0","dashboard","0","Consumers by category — cannot open without a valid login","1","0","cannot open with an expired login token","0"
"0","mis-dashboard","0","Urgency level events","1","0","Urgency level 3 events — month by month, all meters","0"
"0","revenue-protection","0","Revenue Protection — Aberration Entry By IVRS Auth Negative","1","0","IND-REV-ABE-IVRS-AUTH-001 — PATCH without Authorization header","0"
"0","dashboard","0","Dashboard — consumers by category","1","0","Consumers by category — extra unused filters are ignored","0"
"0","reports","0","Current without voltage report","1","0","Current without voltage — Oct 2025 phase Y first page shows columns and readings","0"
"0","mis-dashboard","0","What kinds of events happened","1","0","What kinds of events happened — by meter type, unknown meter kind is treated as all","0"
"0","users-admin","0","User Admin — Advanced","1","0","GET /users/audit-logs — filter by action","0"
"1","meter-replacement","0","Bulk Validate Meter Replacement API","0","0","Validate POST /indore/meter-replacement/bulk/validate — duplicate new meter serial within file","0"
"0","mis-dashboard","0","Event summary","1","0","Event summary — by urgency, day by day, all meters","0"
"0","revenue-protection","1","Revenue Protection — Aberration Entry EENLTMT API","0","0","IND-REV-ABE-EEN-001 — Fetch EENLTMT Aberration Entry without optional filters","0"
"0","reports","0","Reports — contract snapshots","1","0","Event report — column and field names stay the same","0"
"0","utils-lookup","0","Utils lookup — contract snapshots","1","0","Organisation search — field names stay the same","0"
"0","mis-dashboard","0","Talking meters by category","1","0","Talking meters by category — DTR meters only","0"
"0","mis-dashboard","0","Urgency level events","1","0","Urgency level 1 events — a blank time range is rejected","0"
"0","dashboard","0","Dashboard — DTR communication","1","0","Saved example — monthly null communicating/non-communicating buckets (10 Jul 2026)","0"
"0","master-data","0","Master data — meter list","1","0","Meter list — showing 10 per page returns at most 10 records","0"
"0","modules-permissions","0","MODULES-PERMISSIONS — Contract Snapshots","1","0","Modules Catalog Contract Snapshot","0"
"0","reports","0","Consumer report","1","0","Consumer report LS — Oct 2025 fixture","0"
"0","dtr-load","0","Transformer size list","1","0","Transformer sizes — start date after end date is rejected","0"
"0","revenue-protection","0","Revenue Protection — ATR Zone Auth Negative","1","0","IND-RPT-ATZ-NEG-011 — ATR Zone rejects missing auth","0"
"0","overall-dashboard","0","Home dashboard — cannot open without a valid login","1","0","Home dashboard — cannot open with an invalid login token","0"
"0","mis-dashboard","0","Daily talking chart","1","0","Daily talking chart — start date after end date is rejected","0"
"0","mis-dashboard","0","Talking vs not talking overview","1","0","Talking vs not talking overview — day-month-year date is rejected","0"
"0","energy-audits","0","loss-analysis-trends.harness.ts","1","0","Validate dtr loss analysis trends","0"
"0","master-data","0","Master data — can this meter be put on a DTR?","0","1","Can this meter be put on a DTR? — a meter that is already on a DTR is rejected","0"
"0","dtrs","0","DTR events","1","0","DTR events — show five events at a time","0"
"0","mis-dashboard","0","Urgency today versus yesterday","1","0","Urgency today versus yesterday — all meters","0"
"0","revenue-protection","0","Revenue Protection — Cases Negative","0","1","IND-RPT-NEG-008 — page=-1 is rejected","0"
"0","energy-audits","0","ENERGY-AUDITS — DB Coverage","0","1","IND-EA-DB-001 — feeder loss-analysis DTR count + identity spot","0"
"0","mis-dashboard","0","Saved screen shape","1","0","Events that did not roll over — saved screen shape","0"
"0","consumption","0","Consumption API — Edge","1","0","Yearly pattern — asking for one consumer at a time still returns a row","0"
"0","master-data","0","Master data — meter communication","1","0","Meter communication — an empty search shows the full list","0"
"0","dashboard","0","DTR voltage unbalance — cannot open without a valid login","1","0","cannot open with an invalid login token","0"
"0","commericial-analysis","0","Consumption Compare report","1","0","Abnormal Low — all connections: billing data is not ready yet","0"
"0","feeder","0","Feeder screens — cannot open without a valid login","1","0","Feeder profile — cannot open without logging in","0"
"0","meter-replacement","1","Meter Replacement Meter Validation API — Negative & Edge","0","0","Unknown / invalid serials return valid:false","0"
"0","reports","0","Event report","1","0","Event report — invalid toDate is rejected","0"
"0","mis-dashboard","0","Daily talking chart","1","0","Daily talking chart — dtrs is treated as DTR meters","0"
"0","mis-dashboard","0","Other events","1","0","Other events — by consumer category, week by week, all meters","0"
"0","commericial-analysis","0","Power Factor Violation report","1","0","Power Factor Violation — household connections: number of meters on the page matches the total","0"
"0","dashboard","0","Dashboard — DTR communication","1","0","Saved example — weekly null communicating/non-communicating buckets (10 Jul 2026)","0"
"0","mis-dashboard","0","Urgency level events","1","0","Urgency level 5 events — a missing time range falls back to day by day","0"
"0","master-data","0","Master data — column names in the response","1","0","Substation list — column names in the response stay the same","0"
"0","reports","0","Current without voltage report","1","0","Current without voltage — invalid phase is rejected","0"
"0","technical-analysis","0","Technical report","1","0","Neutral Disturbance report — first page shows columns and meters","0"
"0","meter-replacement","1","Meter Replacement Dashboard Summary API — Auth Negative","0","0","Invalid Bearer token returns 401","0"
"0","dashboard","0","Dashboard — consumers by meter phase","1","0","Saved example — 1 PH with rows (offline)","0"
"0","commericial-analysis","0","Maximum Demand report","1","0","Maximum Demand — first and last page have no duplicate meters › Improper MD — first and last page have no duplicate meters","0"
"0","consumers","0","Event summary","1","0","Event summary — extra unused options are ignored","0"
"0","consumers","0","Event summary","1","0","Event summary — blank consumer number is rejected","0"
"0","reports","0","DTR data report","1","0","DTR data — invalid report type is rejected","0"
"0","consumers","0","Live voltage and current","1","0","Live voltage and current — blank consumer number is rejected","0"
"0","dashboard","0","DTR consumption list — cannot open without a valid login","1","0","cannot open without logging in","0"
"0","consumers","0","Consumption chart","1","0","Consumption chart — sample: yearly usage","0"
"0","mis-dashboard","0","Talking meters by category","1","0","Talking meters by category — missing start date uses the end date","0"
"0","mis-dashboard","0","Event summary","1","0","Event summary — by urgency, day by day, DTR meters only","0"
"0","revenue-protection","1","Revenue Protection — Aberrations Edge","0","0","Single-page result: total count equals returned records","0"
"0","mis-dashboard","0","How meters are talking","1","0","How meters are talking — DTR meters only","0"
"0","mis-dashboard","0","Events that did not roll over","1","0","Events that did not roll over — by meter type, week by week, consumer meters only","0"
"0","mis-dashboard","0","Urgency level events","1","0","Urgency level 2 events — network 0 is rejected","0"
"0","master-data","0","Master data — change history","1","0","Master data change history — filter shows only meter-created changes","0"
"0","reports","0","DTR billing report","1","0","DTR billing — Oct 2025 fixture (null total, hasMore)","0"
"0","reports","0","DTR event report","1","0","DTR event — limit 0 is rejected (limit must be at least 1)","0"
"0","mis-dashboard","0","Event summary","1","0","Event summary — an invalid grouping is rejected","0"
"0","feeder","0","Feeder screens — cannot open without a valid login","1","0","Feeder daily energy — cannot open with an invalid login token","0"
"0","dashboard","0","Consumers by meter phase — cannot open without a valid login","1","0","cannot open with a badly formed login token","0"
"0","consumers","0","Consumer profile","1","0","Consumer profile — unknown account is not found","0"
"0","dashboard","0","Dashboard — consumers by category","1","0","Consumers by category — industrial connections","0"
"0","mis-dashboard","0","Talking vs not talking overview","1","0","Talking vs not talking overview — organisation 0 is rejected","0"
"0","mis-dashboard","0","Urgency level events","1","0","Urgency level 6 events — both is treated as all meters","0"
"0","mis-dashboard","0","How many events by urgency","1","0","How many events by urgency — consumer and DTR stay within all meters","0"
"0","modules-permissions","0","Module Permission — Negative","1","0","PATCH /permissions/modules/:id — empty body returns 400","0"
"0","utils-lookup","0","UTILS-LOOKUP — Catalog DB cross-validation","0","1","IND-UL-DB-004 — Device manufacturers COUNT + sample rows match DB","0"
"0","dtrs","0","DTR power now","1","0","Sample power now — reactive power from power factor","0"
"0","consumers","0","Consumers — screen shape checks","1","0","Event list — screen shape is unchanged","0"
"0","mis-dashboard","0","Urgency level 3 events","0","1","Urgency level 3 events — month by month","0"
"0","technical-analysis","0","Technical report","0","1","YNR CT Open/Unbalance in any phase report — empty list is valid","0"
"0","master-data","0","Master data — consumer list","1","0","Consumer list — live-meter filter shows live meters only","0"
"0","technical-analysis","0","Technical report","0","1","Technical report — a page past the last page shows no records","0"
"0","consumers","0","This month bill","1","0","This month bill — monthly, daily, outstanding and bill status","0"
"0","mis-dashboard","0","Power problems","1","0","Power problems — by consumer category, week by week, all meters","0"
"0","meter-replacement","1","Meter Replacement Submission Detail API — Negative & Edge","0","0","Invalid submission ids return validation or not-found","0"
"0","mis-dashboard","0","Voltage problems","1","0","Voltage problems — by consumer category, week by week, consumer meters only","0"
"0","mis-dashboard","0","Meter transaction events","1","0","Meter transaction events — by consumer category, week by week, DTR meters only","0"
"0","mis-dashboard","0","Saved screen shape","1","0","Current problems — saved screen shape","0"
"0","dashboard","0","Dashboard — DTR voltage unbalance","1","0","Saved example — OpenAPI sample (total 341)","0"
"0","master-data","0","Master data — change history","1","0","Master data change history — showing 10 per page returns at most 10 changes","0"
"0","revenue-protection","0","Revenue Protection — ATR Zone Negative","1","0","IND-RPT-ATZ-NEG-009 — page beyond totalPages returns empty rows (not error)","0"
"0","consumers","0","Energy flow chart","1","0","Energy flow chart — yearly view","0"
"0","modules-permissions","0","MODULES-PERMISSIONS — DB Coverage","0","1","IND-MOD-DB-001 — modules/permissions catalog exact + module spot vs DB","0"
"0","utils-lookup","0","UTILS-LOOKUP — Catalog DB cross-validation","0","1","IND-UL-DB-002 — Consumer categories COUNT + sample rows match DB","0"
"0","dtrs","0","DTR power now","1","0","DTR power now — a blank transformer code is not allowed","0"
"0","commericial-analysis","0","Commercial Analysis — invalid filters are rejected","1","0","Dashboard — month is required; report is rejected without it","0"
"0","revenue-protection","0","Revenue Protection — Aberration Entry By IVRS DB cross-validation","0","1","IND-REV-ABE-IVRS-DB-001 — PATCH then spot-check updated fields in DB","0"
"0","reports","0","Current without voltage report","1","0","Current without voltage — a far page still returns a valid table","0"
"0","mis-dashboard","0","How many meters we have","1","0","How many meters we have — organisation 0 is rejected","0"
"0","dashboard","0","DTR voltage unbalance — cannot open without a valid login","1","0","cannot open with an expired login token","0"
"0","revenue-protection","0","Revenue Protection — Aberration Entry EENLTMT Auth Negative","1","0","IND-REV-ABE-EEN-AUTH-001 — Request without Authorization header","0"
"0","dashboard","0","Dashboard — DTR summary cards","1","0","Saved example — yearly summary cards with 12-point trends (10 Jul 2026)","0"
"0","commericial-analysis","0","Commercial Analysis — cannot open reports without a valid login","1","0","Maximum Demand — cannot open the report without logging in","0"
"0","dashboard","0","Dashboard — DTR communication","1","0","DTR communication chart — extra unused filters are ignored","0"
"0","mis-dashboard","0","Current problems","1","0","Current problems — by meter type, month by month, all meters","0"
"0","dashboard","0","Dashboard — DTR power on/off","1","0","DTR power on/off chart — hourly view loads","0"
"0","technical-analysis","0","Technical report","1","0","Voltage Unbalance report — first page shows columns and meters","0"
"0","mis-dashboard","0","Event summary","1","0","Event summary — by consumer category, month by month, consumer meters only","0"
"0","consumers","0","Event list","1","0","Event list — opens using the meter","0"
"0","modules-permissions","0","Module Permission — Negative","1","0","DELETE /permissions/permissions/:id — unknown permission returns 404","0"
"0","mis-dashboard","0","Urgency level events","1","0","Urgency level 3 events — an invalid time range is rejected","0"
"0","reports","0","Communication consumers report","1","0","Communication consumers — missing date for day is rejected","0"
"0","utils-lookup","0","indoore_backend_testing","1","0","UTILS-LOOKUP › utils › lookup-catalog.harness.ts › Organisation hierarchy › Organisation hierarchy — order is 1 through n","0"
"0","mis-dashboard","0","Event summary","1","0","Event summary — by meter type, hour by hour, all meters","0"
"0","dashboard","0","Dashboard — DTR voltage unbalance","1","0","Saved example — all DTRs Severe","0"
"0","revenue-protection","0","Revenue Protection — Aberration Entry By IVRS (PATCH)","0","1","IND-REV-ABE-IVRS-002 — PATCH with p4Number alias also succeeds","0"
"0","reports","0","Min-max voltage report","1","0","Min-max voltage — invalid voltageType is rejected","0"
"0","energy-audits","1","loss-analysis.harness.ts","0","0","Energy Audit Loss Analysis — DTR › Validate DP loss analysis","0"
"0","mis-dashboard","0","Urgency level events","1","0","Urgency level 4 events — network 0 is rejected","0"
"0","commericial-analysis","0","Day and Night consumption report","1","0","Day and Night — Night consumption <= 10% of Day consumption: report opens and usage follows the rule","0"
"0","consumption","0","Consumption API — Authenticated smoke after auth negatives","1","0","Pattern, net meter, and report APIs remain reachable with valid auth","0"
"0","technical-analysis","0","Technical summary","1","0","Technical summary — month zero is rejected","0"
"0","master-data","0","Master data — substation list","1","0","Substation list — search finds the substation name","0"
"0","reports","0","Min-max voltage report","1","0","Min-max voltage — missing month is rejected","0"
"0","dashboard","0","Dashboard — consumers by meter make","1","0","Saved example — L&T empty page (offline)","0"
"0","mis-dashboard","0","How meters are talking","1","0","How meters are talking — no dates uses today","0"
"0","mis-dashboard","0","Event summary","1","0","Event summary — by urgency, week by week, all meters","0"
"0","meter-replacement","1","Meter Replacement Dashboard Summary API","0","0","Validate Meter Replacement Dashboard Summary API","0"
"0","dtrs","0","DTR loading gauge","1","0","DTR loading gauge — unknown transformer is not shown","0"
"0","dashboard","0","Dashboard — response shape","1","0","DTR communication list — response shape stays the same","0"
"0","revenue-protection","0","Revenue Protection — Cases Auth Negative","0","1","IND-RPT-NEG-013 — Cases rejects disallowed HTTP methods","0"
"0","mis-dashboard","0","How many events by urgency","1","0","How many events by urgency — DTR meters only","0"
"1","meter-replacement","0","Bulk Validate Meter Replacement API","0","0","Validate POST /indore/meter-replacement/bulk/validate — old meter reading must be numeric","0"
"0","mis-dashboard","0","Talking meters by category","1","0","Talking meters by category — blank dates are treated as missing","0"
"0","mis-dashboard","0","Urgency level events","1","0","Urgency level 4 events — dtrs is treated as DTR meters","0"
"0","dashboard","1","Dashboard — DTR consumption","0","0","DTR consumption chart — weekly view loads","0"
"0","consumers","0","Billing history","1","0","Billing history — opens using the account number","0"
"0","consumers","0","Meter communication","1","0","Meter communication — wrong date format is rejected","0"
"0","reports","0","Communication consumers report","1","0","Communication consumers — range first page shows columns and meters","0"
"0","reports","0","Billing MD snapshot report","1","0","Billing MD snapshot — invalid month is rejected","0"
"0","mis-dashboard","0","Voltage problems","1","0","Voltage problems — consumers is treated as consumer meters","0"
"0","mis-dashboard","0","Event summary","1","0","Event summary — by urgency, week by week, consumer meters only","0"
"0","mis-dashboard","0","Urgency level events","1","0","Urgency level 5 events — day by day, DTR meters only","0"
"0","commericial-analysis","0","Consumption Compare report","1","0","Abnormal High — all connections: billing data is not ready yet","0"
"0","mis-dashboard","0","Urgency level events","1","0","Urgency level 2 events — both is treated as all meters","0"
"0","reports","0","DTR billing report","1","0","DTR billing — missing fromDate is rejected","0"
"0","meter-replacement","0","Meter Replacement Submission History API - Filters and Edge","0","1","Filter by COMPLETED status returns bounded list","0"
"0","reports","0","DTR event report","1","0","DTR event — invalid fromDate is rejected","0"
"0","users-admin","1","USERS-ADMIN — Contract Snapshots","0","0","Users List Contract Snapshot","0"
"0","mis-dashboard","0","Urgency level events","1","0","Urgency level 4 events — day by day, all meters","0"
"0","dashboard","0","Dashboard — DTR communication list","1","0","DTR communication list — old communicating status is rejected","0"
"0","mis-dashboard","0","Voltage problems","1","0","Voltage problems — by meter type, day by day, DTR meters only","0"
"0","technical-analysis","0","Technical report","0","1","Technical report — unknown analysis type is rejected","0"
"0","reports","0","Event detail report","1","0","Event detail — unknown query params are ignored","0"
"0","meter-replacement","1","Meter Replacement Consumer Search API — Negative & Edge","0","0","Empty and whitespace search return validation error","0"
"0","meter-replacement","1","METER-REPLACEMENT — Contract Snapshots","0","0","Dashboard Summary Contract Snapshot","0"
"0","meter-replacement","0","Meter Replacement Progress API — Auth Negative","1","0","Disallowed HTTP methods are rejected","0"
"0","technical-analysis","0","Technical report","0","1","Technical report — first and last page have no duplicate meters › Single Wire Operation report — first and last page have no duplicate meters","0"
"0","consumers","0","Live voltage and current","1","0","Live voltage and current — sample: three-phase meter","0"
"0","utils-lookup","0","indoore_backend_testing","1","0","UTILS-LOOKUP › utils › lookup-catalog.harness.ts › Consumer categories › consumer categories — ids and names are unique","0"
"0","mis-dashboard","0","Event summary","1","0","Event summary — by consumer category, week by week, DTR meters only","0"
"0","commericial-analysis","0","Consumption Pattern report","1","0","Consumption Pattern — Zero Consumption for Last 6 months (household): billing data is not ready yet","0"
"0","mis-dashboard","0","Urgency today versus yesterday","1","0","Urgency today versus yesterday — consumer and DTR stay within all meters","0"
"0","dashboard","0","DTR load unbalance list — cannot open without a valid login","1","0","cannot open without logging in","0"
"0","master-data","0","Master data — meter communication","1","0","Meter communication — a page past the last page shows no records","0"
"0","dashboard","0","Dashboard — DTR load unbalance list","1","0","DTR load unbalance list — severely unbalanced DTRs","0"
"0","dtrs","0","DTR energy over time","1","0","DTR energy over time — extra filters that nobody uses are ignored","0"
"0","commericial-analysis","0","Maximum Demand report","1","0","Sanction Load Violation — non-household connections: meter count matches the total","0"
"1","meter-replacement","0","Bulk Validate Meter Replacement API","0","0","Validate POST /indore/meter-replacement/bulk/validate — new meter serial required","0"
"0","master-data","0","Master data — change history","1","0","Master data change history — an invalid sort order is rejected","0"
"0","mis-dashboard","0","Power problems","1","0","Power problems — by meter type, day by day, consumer meters only","0"
"0","revenue-protection","0","Revenue Protection — ATR Zone Auth Negative","1","0","IND-RPT-ATZ-NEG-013 — ATR Zone rejects disallowed HTTP methods","0"
"0","consumers","0","Live load","1","0","Live load — extra unused options are ignored","0"
"0","dashboard","0","Dashboard — DTR voltage unbalance","1","0","Saved example — all DTRs Balanced","0"
"0","mis-dashboard","0","Other events","1","0","Other events — by meter type, day by day, consumer meters only","0"
"0","mis-dashboard","0","Voltage problems","1","0","Voltage problems — by meter type, month by month, DTR meters only","0"
"0","reports","0","DTR event report","1","0","DTR event — 1–30 Oct 2025 first page shows columns and DTRs","0"
"0","dashboard","0","DTR load unbalance — cannot open without a valid login","1","0","cannot open with an expired login token","0"
"0","dashboard","0","Dashboard — overview numbers","1","0","Saved example — full overview numbers (13 Aug 2026)","0"
"0","consumers","0","Consumption chart","1","0","Consumption chart — yearly view","0"
"0","reports","0","Reports — contract snapshots","1","0","Current without voltage — column and field names stay the same","0"
"0","reports","0","Reports overview","1","0","Overview — trend math fixture","0"
"0","dashboard","0","Consumers by meter phase — cannot open without a valid login","1","0","cannot open with an invalid login token","0"
"0","commericial-analysis","0","Commercial Analysis — cannot open reports without a valid login","1","0","Dashboard — cannot open the report with an invalid login token","0"
"0","consumers","0","Energy flow chart","1","0","Energy flow chart — opens using the meter","0"
"0","dtr-load","0","Transformer load reports","1","0","Transformer load — an unknown report type is rejected","0"
"0","mis-dashboard","0","How many meters we have","1","0","How many meters we have — blank dates are treated as missing","0"
"0","consumption","0","Consumption API — Edge","1","0","Night-time consumption — page 2 continues without repeating a meter","0"
"0","reports","0","DTR event report","1","0","DTR event — page 0 is rejected (page must start at 1)","0"
"0","consumption","0","Consumption API — Negative","1","0","Monthly net meter — month zero is rejected","0"
"0","commericial-analysis","0","Commercial Analysis — extra report checks","1","0","Load Factor above 100% — report opens","0"
"0","revenue-protection","0","Revenue Protection — ATR Zone DB cross-validation","0","1","IND-RPT-ATZ-DB-001 — COUNT(*) matches pagination.total","0"
"0","consumers","0","Can this meter be given to a consumer?","1","0","Can this meter be given to a consumer? — invalid office 0 is rejected","0"
"0","dashboard","0","Consumers by meter make — cannot open without a valid login","1","0","cannot open with a badly formed login token","0"
"0","reports","0","Event restoration report","1","0","Event restoration — invalid fromDate is rejected","0"
"0","mis-dashboard","0","Saved screen shape","1","0","How many meters we have — saved screen shape","0"
"0","billing","0","Day-by-day billing list","1","0","Day-by-day billing — page 2 continues the list without repeating a meter","0"
"0","audit-logs","0","Audit Logs API","1","0","Validate pagination — smaller page size (limit 10)","0"
"0","commericial-analysis","0","Consumption Pattern report","1","0","Consumption Pattern — Zero Consumption More than 12 months (household): billing data is not ready yet","0"
"0","mis-dashboard","0","Event summary","1","0","Event summary — by meter type, hour by hour, consumer meters only","0"
"0","mis-dashboard","0","Saved screen shape","1","0","Urgency level 3 events — saved screen shape","0"
"0","master-data","0","Master data — can this meter serial be added?","1","0","Can this meter serial be added? — an empty serial is rejected","0"
"0","dashboard","0","Dashboard overview — cannot open without a valid login","1","0","cannot open with an expired login token","0"
"0","mis-dashboard","0","Urgency level events","1","0","Urgency level 3 events — both is treated as all meters","0"
"0","dtrs","0","DTR events","1","0","DTR events — unknown transformer is not shown","0"
"0","meter-replacement","1","Bulk Validate Meter Replacement API","0","0","Validate POST /indore/meter-replacement/bulk/validate — duplicate column names rejected","0"
"0","consumers","0","Live load","1","0","Live load — blank consumer number is rejected","0"
"0","mis-dashboard","0","Urgency level events","1","0","Urgency level 4 events — month by month, all meters","0"
"0","mis-dashboard","0","Urgency level 1 events (extra check)","0","1","Urgency level 1 events — hour by hour (extra check)","0"
"0","mis-dashboard","0","Event summary","1","0","Event summary — by urgency, hour by hour, DTR meters only","0"
"0","reports","0","DTR event detail report","1","0","DTR event detail — empty page fixture","0"
"0","reports","0","REPORTS — DB Coverage","0","1","IND-REP-DB-001 — event-report catalog + DTR billing meter spot vs DB","0"
"0","reports","0","Min-max voltage report","1","0","Min-max voltage — missing year is rejected","0"
"0","technical-analysis","0","Technical report","0","1","Technical report — first and last page have no duplicate meters › Voltage Missing report — first and last page have no duplicate meters","0"
"0","mis-dashboard","0","Talking vs not talking overview","1","0","Talking vs not talking overview — from_date and to_date still work","0"
"0","reports","0","Min-max voltage report","1","0","Min-max voltage — missing meterPhaseTblRefId is rejected","0"
"0","dashboard","0","DTR load unbalance — cannot open without a valid login","1","0","cannot open with an invalid login token","0"
"0","reports","0","Min-max voltage count","1","0","Min-max voltage count — invalid phase is rejected","0"
"0","mis-dashboard","0","Urgency level events","1","0","Urgency level 5 events — organisation 0 is rejected","0"
"0","commericial-analysis","0","Consumption Pattern report","1","0","Consumption Pattern — first and last page have no duplicate meters › Consumption Pattern — 100 unit kwh from Last Three months continuous: first and last page have no duplicate meters","0"
"0","mis-dashboard","0","Meter transaction events","1","0","Meter transaction events — by meter type, week by week, DTR meters only","0"
"0","reports","0","DTR data report","1","0","DTR data — missing toDate is rejected","0"
"0","dashboard","0","Dashboard — DTR communication list","1","0","Saved example — meters that are communicating empty page","0"
"0","feeder","0","Feeder screens — cannot open without a valid login","1","0","Feeder profile — cannot open with a badly formed login token","0"
"0","reports","0","Event detail report","1","0","Event detail — page 2 has more unique meter-event rows","0"
"0","dashboard","0","Dashboard — DTR summary cards","1","0","DTR summary cards — hourly view loads","0"
"0","mis-dashboard","0","Meter transaction events","1","0","Meter transaction events — by consumer category, hour by hour, consumer meters only","0"
"0","overall-dashboard","0","Home dashboard","1","0","Home dashboard — cards, charts, and mapped vs unmapped meters load","0"
"0","mis-dashboard","0","Events that did not roll over","1","0","Events that did not roll over — by meter type, month by month, consumer meters only","0"
"0","commericial-analysis","0","Commercial Analysis — cannot open reports without a valid login","1","0","Maximum Demand — cannot open the report with an invalid login token","0"
"0","revenue-protection","0","Revenue Protection — Aberrations Negative","0","1","Missing year returns empty success grid (not 4xx)","0"
"0","commericial-analysis","0","Load Factor report","1","0","Load Factor LF < 5% Last Three month — household filter shows the same list (filter is not applied)","0"
"0","reports","0","DTR event detail report","1","0","DTR event detail — 1–30 Oct 2025 fixture","0"
"0","overall-dashboard","0","Home dashboard — saved field lists","1","0","Home dashboard — the field list still matches what we saved","0"
"0","dtrs","0","DTR profile","1","0","DTR profile — unknown transformer is not shown","0"
"0","reports","0","DTR event detail report","1","0","DTR event detail — missing toDate is rejected","0"
"0","reports","0","Communication DTRs report","1","0","Communication DTRs — missing fromDate is rejected","0"
"0","mis-dashboard","0","Urgency level events","1","0","Urgency level 2 events — month by month, consumer meters only","0"
"0","mis-dashboard","0","Urgency level events","1","0","Urgency level 6 events — hour by hour, consumer meters only","0"
"0","revenue-protection","0","Revenue Protection — ATR Zone Negative","1","0","IND-RPT-ATZ-NEG-001 — Invalid year format","0"
"0","technical-analysis","0","Technical report","0","1","Technical report — duration row fixture","0"
"0","mis-dashboard","0","Meter transaction events","1","0","Meter transaction events — extra unused options are ignored","0"
"0","commericial-analysis","0","Day and Night consumption report","1","0","Day and Night — Night Zero Consumption: household and non-household lists are the same (connection type filter is not applied)","0"
"0","commericial-analysis","0","Load Factor report","1","0","Load Factor LF < 5% Last Three month — non-household filter shows the same list (filter is not applied)","0"
"0","feeder","0","Feeder screens — cannot open without a valid login","1","0","Feeder voltage and current — cannot open with an expired login token","0"
"0","billing","0","Day-by-day billing list","1","0","Day-by-day billing — leaving out the year is rejected","0"
"0","mis-dashboard","0","How many meters we have","1","0","How many meters we have — dtrs is treated as DTR meters","0"
"0","technical-analysis","0","Technical report","0","1","Technical report — first and last page have no duplicate meters › YNR Neutral Disturbance report — first and last page have no duplicate meters","0"
"0","reports","0","DTR billing report","1","0","DTR billing — duplicate meter serials are sent once","0"
"0","revenue-protection","0","Revenue Protection — Cases Negative","0","1","IND-RPT-NEG-005 — SQL injection in year filter","0"
"0","reports","0","DTR event report","1","0","DTR event — missing fromDate is rejected","0"
"0","role-permissions","0","ROLE-PERMISSIONS — Contract Snapshots","1","0","Roles Catalog Contract Snapshot","0"
"0","commericial-analysis","0","Commercial Analysis — cannot open reports without a valid login","1","0","Load Factor — cannot open the report without logging in","0"
"0","reports","0","Communication consumers report","1","0","Communication consumers — fromDate after toDate is rejected","0"
"0","notifications","1","Mobile Notification Send API","0","0","Validate Mobile Notification Send API","0"
"0","commericial-analysis","0","Commercial Analysis — extra report checks","1","0","Power Factor Violation — showing 1 meter per page returns at most one meter","0"
"0","reports","0","DTR data report","1","0","DTR data — limit 0 is rejected (limit must be at least 1)","0"
"0","overall-dashboard","0","Home dashboard — saved field lists","1","0","Connect and disconnect by month — the field list still matches what we saved","0"
"0","consumers","0","Event list","1","0","Event list — opens using the account number","0"
"0","dashboard","0","Dashboard — consumers by meter phase","1","0","Consumers by meter phase — single-phase meters","0"
"0","dashboard","0","Dashboard — consumers by connection status","1","0","Saved example — connected with rows (offline)","0"
"0","mis-dashboard","0","Saved screen shape","1","0","Urgency today versus yesterday — saved screen shape","0"
"0","revenue-protection","1","Revenue Protection — Cases Negative","0","0","IND-RPT-NEG-001 — Invalid year format","0"
"0","reports","0","Communication DTRs report","1","0","Communication DTRs — month first page shows columns and DTRs","0"
"0","dashboard","0","DTR voltage unbalance — cannot open without a valid login","1","0","cannot open with an empty login token","0"
"1","meter-replacement","0","Bulk Validate Meter Replacement API","0","0","Validate POST /indore/meter-replacement/bulk/validate — old meter serial required","0"
"0","meter-replacement","1","Meter Replacement Submission Detail API — Auth Negative","0","0","Invalid Bearer token returns 401","0"
"0","utils-lookup","0","indoore_backend_testing","1","0","UTILS-LOOKUP › utils › lookup-catalog.harness.ts › Network hierarchy › Network hierarchy — order is 1 through n","0"
"0","dashboard","0","Revenue subsidy (power factor) — cannot open without a valid login","1","0","cannot open without logging in","0"
"0","mis-dashboard","0","Urgency today versus yesterday","1","0","Urgency today versus yesterday — dtrs is treated as DTR meters","0"
"0","feeder","0","Feeder — mistakes that should be blocked","1","0","Feeder alerts — page zero is not allowed","0"
"0","mis-dashboard","0","Urgency level events","1","0","Urgency level 3 events — week by week, consumer meters only","0"
"0","dashboard","0","Dashboard — DTR voltage unbalance","1","0","Saved example — percentage consistency with rounding","0"
"0","mis-dashboard","0","Talking meters by category","1","0","Talking meters by category — dtrs is treated as DTR meters","0"
"0","dashboard","0","Dashboard — DTR power on/off list","1","0","DTR power on/off list — DTRs that are OFF","0"
"0","mis-dashboard","0","How many meters we have","1","0","How many meters we have — a bad date is rejected","0"
"0","hes-commands","0","HES Commands — Metering Mode (E2E)","0","1","Validate POST /commands/metering-mode — invalid type returns validation error","0"
"0","mis-dashboard","0","Talking vs not talking overview","1","0","Talking vs not talking overview — network 0 is rejected","0"
"0","revenue-protection","0","Revenue Protection — Aberration Entry API","0","1","IND-REV-ABE-ENTRY-003 — Fetch Aberration Entry using only month","0"
"0","commericial-analysis","0","Consumption Pattern report","1","0","Consumption Pattern — 100 unit kwh from Last Three months continuous: household and non-household lists are the same (connection type filter is not applied)","0"
"0","hes-commands","0","HES-COMMANDS — DB Coverage","0","1","IND-HES-DB-001 — history total + spot vs hes_command_logs","0"
"0","reports","0","DTR data report","1","0","DTR data — showing 1 per page returns at most 1 record","0"
"0","consumption","0","Consumption API — Auth Negative","1","0","Consumption report rejects missing auth","0"
"0","dashboard","0","Dashboard — response shape","1","0","Consumers by meter phase — response shape stays the same","0"
"0","commericial-analysis","0","Commercial Analysis — cannot open reports without a valid login","1","0","Load Factor — cannot open the report with an invalid login token","0"
"0","mis-dashboard","0","Current problems","1","0","Current problems — consumer and DTR stay within all meters","0"
"0","mis-dashboard","0","Talking vs not talking overview","1","0","Talking vs not talking overview — live view still opens","0"
"0","mis-dashboard","0","Current problems","1","0","Current problems — by meter type, hour by hour, consumer meters only","0"
"0","mis-dashboard","0","Urgency level 1 events (extra check)","0","1","Urgency level 1 events — week by week (extra check)","0"
"0","master-data","0","Master data — can this meter serial be added?","1","0","Can this meter serial be added? — the check is rejected when no serial is entered","0"
"0","consumption","0","Pattern comparison list","1","0","Pattern comparison — first page lists each consumer (month kWh may be empty)","0"
"0","feeder","0","Feeder — saved field lists","1","0","Feeder daily energy — the field list still matches what we saved","0"
"0","dashboard","0","Dashboard — DTR communication list","1","0","Saved example — meters that are not communicating with rows (total 1134)","0"
"0","meter-replacement","1","Meter Replacement Progress API — Negative & Edge","0","0","Trailing slash still returns progress charts","0"
"0","mis-dashboard","0","How meters are talking","1","0","How meters are talking — all meters, 1 to 30 Oct 2025","0"
"0","hes-commands","0","HES Commands — Payment (E2E)","1","0","Validate POST /commands/payment — invalid type returns validation error","0"
"0","mis-dashboard","0","Talking vs not talking overview","1","0","Talking vs not talking overview — extra unused options are ignored","0"
"0","revenue-protection","0","Revenue Protection — Aberration Entry Negative","1","0","IND-REV-ABE-ENTRY-NEG-004 — Invalid limit","0"
"0","mis-dashboard","0","Urgency level 2 events","0","1","Urgency level 2 events — week by week","0"
"0","dtrs","0","DTR energy over time","1","0","DTR energy over time — hour by hour, each hour listed once","0"
"0","billing","0","Monthly billing list","1","0","Monthly billing — year 0 is rejected","0"
"0","technical-analysis","0","Technical report","1","0","Low Voltage in any Phase report — first page shows columns and meters","0"
"0","users-profile-image","0","User Profile Image — List","1","0","Validate POST /users/me/profile-image/upload-url — presigned upload contract","0"
"0","mis-dashboard","0","Event summary","1","0","Event summary — by consumer category, day by day, DTR meters only","0"
"0","mis-dashboard","0","Talking meters by category","1","0","Talking meters by category — extra unused options are ignored","0"
"0","mis-dashboard","0","Urgency level events","1","0","Urgency level 1 events — hour by hour, DTR meters only","0"
"0","commericial-analysis","0","Commercial Analysis — extra report checks","1","0","Load Factor less than 5% for last 3 months — report opens and values follow the rule","0"
"0","mis-dashboard","0","Voltage problems","1","0","Voltage problems — by meter type, hour by hour, consumer meters only","0"
"0","dashboard","0","Dashboard — response shape","1","0","Revenue subsidy (power factor) — response shape stays the same","0"
"0","master-data","0","Master data — can this meter be put on a DTR?","1","0","Can this meter be put on a DTR? — an unknown serial is reported as not found","0"
"0","dtr-load","0","Transformer size list","1","0","Transformer sizes — leaving out the start date is rejected","0"
"0","dashboard","1","Dashboard — DTR consumption","0","0","DTR consumption chart — daily view loads","0"
"0","consumers","0","Energy flow chart","1","0","Energy flow chart — last few hours","0"
"0","consumers","0","Billing history","1","0","Billing history — extra unused options are ignored","0"
"0","revenue-protection","0","Revenue Protection — Cases Negative","0","1","IND-RPT-NEG-006 — NoSQL-style injection in year","0"
"0","consumers","0","Energy flow chart","1","0","Energy flow chart — sample: weekly points","0"
"0","dtrs","0","DTR energy over time","1","0","Sample chart — no points yet is allowed","0"
"0","revenue-protection","0","Revenue Protection — Aberration Entry EENLTMT DB cross-validation","0","1","IND-REV-ABE-EEN-DB-001 — COUNT(*) matches pagination.total","0"
"0","commericial-analysis","0","Load Factor report","1","0","Load Factor — first and last page have no duplicate meters › LF > 100% — first and last page have no duplicate meters","0"
"0","mis-dashboard","0","Current problems","1","0","Current problems — by meter type, hour by hour, DTR meters only","0"
"0","utils-lookup","0","indoore_backend_testing","1","0","UTILS-LOOKUP › utils › lookup-catalog.harness.ts › Event priorities › event priorities — ids and names are unique","0"
"0","revenue-protection","0","Revenue Protection — Aberration Entry Negative","1","0","IND-REV-ABE-EEN-NEG-005 — Page beyond available data","0"
"0","hes-commands","0","HES Commands — Meter Samples","1","0","Validate POST /commands/meter-samples — invalid count returns error","0"
"0","mis-dashboard","0","Urgency level events","1","0","Urgency level 3 events — extra unused options are ignored","0"
"0","mis-dashboard","0","Urgency level events","1","0","Urgency level 2 events — month by month, DTR meters only","0"
"0","dtrs","0","DTR loading gauge","1","0","Sample loading gauge — empty bands when readings are missing","0"
"0","mis-dashboard","0","Urgency level events","1","0","Urgency level 3 events — hour by hour, all meters","0"
"0","mis-dashboard","0","Saved screen shape","1","0","Talking meters by category — saved screen shape","0"
"0","reports","0","Event restoration report","1","0","Event restoration — missing fromDate is rejected","0"
"0","reports","0","Bill status report","1","0","Bill status — unknown query params are ignored","0"
"0","dtrs","0","DTR power now","1","0","Sample power now — three-phase live reading","0"
"0","dashboard","0","DTR consumption list — cannot open without a valid login","1","0","cannot open with an invalid login token","0"
"0","dashboard","0","Dashboard — consumers by connection status","1","0","Consumers by connection status — connected consumers","0"
"0","auth","0","Auth Me API","1","0","Validate GET /auth/me — current session profile","0"
"0","master-data","0","Master data — consumer list","1","0","Consumer list — list still opens when archive counts are turned off","0"
"0","mis-dashboard","0","Event summary","1","0","Event summary — consumers is treated as consumer meters","0"
"0","mis-dashboard","0","Urgency level events","1","0","Urgency level 5 events — week by week, consumer meters only","0"
"0","hes-commands","0","HES-COMMANDS — Contract Snapshots","1","0","Commands History Contract Snapshot","0"
"0","reports","0","DTR data report","1","0","DTR data — empty page fixture","0"
"0","reports","0","DTR billing report","1","0","DTR billing — fromDate after toDate is rejected","0"
"0","dtrs","0","DTR profile","1","0","DTR profile — extra filters that nobody uses are ignored","0"
"0","dashboard","0","DTR communication list — cannot open without a valid login","1","0","cannot open without logging in","0"
"0","billing","0","Monthly billing list","1","0","Monthly billing — asking for one meter at a time still returns a row","0"
"0","mis-dashboard","0","Urgency level events","1","0","Urgency level 5 events — a blank time range is rejected","0"
"0","mis-dashboard","0","Events that did not roll over","1","0","Events that did not roll over — by consumer category, day by day, DTR meters only","0"
"0","commericial-analysis","0","Load Factor report","1","0","Load Factor LF < 5% — household filter shows the same list (filter is not applied)","0"
"0","commericial-analysis","0","Consumption Pattern report","1","0","Consumption Pattern — first and last page have no duplicate meters › Consumption Pattern — Zero Consumption: first and last page have no duplicate meters","0"
"0","utils-lookup","0","Utils lookup — missing routes","1","0","Billing cycles — missing route returns 404","0"
"0","consumers","0","Billing history","1","0","Billing history — sample: empty months still listed","0"
"0","consumption","0","Consumption API — Edge","1","0","Yearly pattern — page 2 continues without repeating a meter","0"
"0","auth","0","Auth Sent Invitations List API","1","0","Validate sent invitations list — role filter","0"
"0","dashboard","0","DTR power on/off list — cannot open without a valid login","1","0","cannot open with a badly formed login token","0"
"0","mis-dashboard","0","Urgency level events","1","0","Urgency level 3 events — day by day, DTR meters only","0"
"0","mis-dashboard","0","Current problems","1","0","Current problems — by consumer category, day by day, consumer meters only","0"
"0","mis-dashboard","0","Voltage problems","1","0","Voltage problems — by consumer category, day by day, consumer meters only","0"
"0","master-data","0","Master data — consumer list","1","0","Consumer list — search finds the consumer name or meter serial","0"
"0","overall-dashboard","0","Home dashboard","1","0","Home dashboard — mapped vs unmapped meter shares add up","0"
"0","consumption","0","CONSUMPTION — Contract Snapshots","1","0","Pattern Consumption Yearly Contract Snapshot","0"
"0","dtrs","0","DTR events","1","0","DTR events — extra filters that nobody uses are ignored","0"
"0","dashboard","0","Dashboard — consumers by category","1","0","Consumers by category — page 2 still shows a valid list","0"
"0","auth","1","AUTH — Contract Snapshots","0","0","Auth Me Contract Snapshot","0"
"0","revenue-protection","0","Revenue Protection — ATR Zone Negative","1","0","IND-RPT-ATZ-NEG-002 — SQL injection in year filter","0"
"0","commericial-analysis","0","Maximum Demand report","1","0","Sanction Load Violation — household connections: meter count matches the total","0"
"0","reports","0","DTR data report","1","0","DTR data — IP fixture (1–30 Oct 2025)","0"
"0","mis-dashboard","0","Urgency level 6 events","0","1","Urgency level 6 events — week by week","0"
"0","consumers","0","Consumer profile","1","0","Consumer profile — unknown meter is not found","0"
"0","mis-dashboard","0","Other events","1","0","Other events — by meter type, hour by hour, DTR meters only","0"
"0","commericial-analysis","0","Commercial Analysis — extra report checks","1","0","Consumption Pattern — 100 units for last 3 months: report opens","0"
"0","mis-dashboard","0","Power problems","1","0","Power problems — by meter type, week by week, all meters","0"
"0","dashboard","0","DTR voltage unbalance list — cannot open without a valid login","1","0","cannot open with an invalid login token","0"
"0","mis-dashboard","0","Event summary","1","0","Event summary — urgency consumer and DTR stay within all meters","0"
"0","commericial-analysis","0","Consumption Pattern report","1","0","Consumption Pattern — 100 unit kwh from Last Nine months continuous (household): billing data is not ready yet","0"
"0","mis-dashboard","0","What kinds of events happened","1","0","What kinds of events happened — by meter type, DTR meters only","0"
"0","mis-dashboard","0","How many events by urgency","1","0","How many events by urgency — missing end date uses the start date","0"
"0","users-admin","0","User Admin — Advanced","1","0","DELETE /users/:id/devices/:deviceId — revoke device and verify catalog","0"
"0","revenue-protection","0","Revenue Protection — Cases Negative","0","1","IND-RPT-NEG-007 — page=0 is rejected","0"
"0","consumers","0","Consumer profile","1","0","Consumer profile — details open using the account number","0"
"0","hes-commands","0","HES Commands — Meter Samples","1","0","Validate POST /commands/meter-samples — default window","0"
"0","mis-dashboard","0","Current problems","1","0","Current problems — by consumer category, month by month, consumer meters only","0"
"0","mis-dashboard","0","Power problems","1","0","Power problems — by meter type, week by week, consumer meters only","0"
"0","dashboard","0","DTR loading list — cannot open without a valid login","1","0","cannot open with an expired login token","0"
"0","consumers","0","Meter communication","1","0","Meter communication — sample: no readings for the day","0"
"0","mis-dashboard","0","Urgency level events","1","0","Urgency level 6 events — organisation 0 is rejected","0"
"0","commericial-analysis","0","Commercial Analysis — extra report checks","1","0","Consumption Pattern — zero consumption page 2 still shows a valid meter list","0"
"0","mis-dashboard","0","Current problems","1","0","Current problems — by meter type, day by day, all meters","0"
"0","mis-dashboard","0","Events that did not roll over","1","0","Events that did not roll over — by consumer category, hour by hour, consumer meters only","0"
"0","users-admin","0","User Admin — Negative","1","0","DELETE /users/:id/devices/:deviceId — unknown user returns 404","0"
"0","technical-analysis","0","Technical report","0","1","Technical report — first and last page have no duplicate meters › Over Voltage in any phase report — first and last page have no duplicate meters","0"
"0","hes-commands","1","HES Commands — Search Meters","0","0","Validate POST /commands/search-meters — default window","0"
"0","overall-dashboard","0","Home dashboard screens — cannot open without a valid login","1","0","Connect and disconnect by month — cannot open with a badly formed login token","0"
"0","mis-dashboard","0","Urgency level events","1","0","Urgency level 2 events — hour by hour, all meters","0"
"0","revenue-protection","0","Revenue Protection — ATR Zone API","1","0","IND-RPT-ATZ-001 — Validate GET /indore/revenue-protection/atr-zone — default page (2026)","0"
"0","consumers","0","Billing history","1","0","Billing history — sample: months with units consumed","0"
"0","auth","0","AUTH — DB Coverage","0","1","IND-AUT-DB-001 — Me / devices / invitations vs AuthRepository SQL","0"
"0","dtr-load","0","Transformer load reports","1","0","Transformer load — start date after end date is rejected","0"
"0","mis-dashboard","0","How many events by urgency","1","0","How many events by urgency — from_date and to_date still work","0"
"0","master-data","0","Master data — feeder list","1","0","Feeder list — search finds the feeder name","0"
"0","reports","0","DTR communication report","1","0","DTR communication — includeArchiveCounts=false still returns the grid","0"
"0","overall-dashboard","0","Home dashboard — saved field lists","1","0","Mapped vs unmapped meters — the field list still matches what we saved","0"
"0","reports","0","Min-max voltage report","1","0","Min-max voltage — Oct 2025 min R fixture","0"
"0","mis-dashboard","0","Voltage problems","1","0","Voltage problems — a missing grouping is rejected","0"
"0","meter-replacement","1","Meter Replacement Meter Validation API — Auth Negative","0","0","Invalid Bearer token returns 401","0"
"0","utils-lookup","0","indoore_backend_testing","1","0","UTILS-LOOKUP › utils › lookup-catalog.harness.ts › Connection statuses › connection statuses — ids and names are unique","0"
"0","consumers","0","Power quality","1","0","Power quality — unknown consumer is not found","0"
"0","consumers","0","Power quality","1","0","Power quality — sample: three-phase meter","0"
"0","mis-dashboard","0","Current problems","1","0","Current problems — a blank time range is rejected","0"
"0","consumers","0","Can this meter be given to a consumer?","1","0","Can this meter be given to a consumer? — invalid office number is rejected","0"
"0","dtr-load","0","Transformer load reports","1","0","Transformer load — leftover unused filters are ignored","0"
"0","revenue-protection","0","Revenue Protection — Aberration Entry EENLTMT Edge","1","0","IND-REV-ABE-EEN-EDGE-002 — Single-page result: total equals returned records","0"
"0","dashboard","0","Dashboard — DTR summary cards","1","0","Saved example — weekly summary cards with 8-point trends (10 Jul 2026)","0"
"0","reports","0","Min-max voltage count","1","0","Min-max voltage count — Oct 2025 min R returns a total","0"
"0","mis-dashboard","0","Event summary","1","0","Event summary — organisation 0 is rejected","0"
"0","commericial-analysis","0","Commercial Analysis — invalid filters are rejected","1","0","Consumption Pattern — month 13 is rejected (month must be 1 to 12)","0"
"0","users-profile-image","0","USERS-PROFILE-IMAGE — Contract Snapshots","1","0","Profile Image Upload-URL Contract Snapshot","0"
"0","other","0","indoore_backend_testing","1","0","core › __tests__ › dedupe-serials.util › formatMeterSerialsQueryParam returns undefined when empty","0"
"0","mis-dashboard","0","Power problems","1","0","Power problems — consumer and DTR stay within all meters","0"
"0","mis-dashboard","0","How many events by urgency","1","0","How many events by urgency — organisation 0 is rejected","0"
"0","dashboard","0","Dashboard — DTR power on/off list","1","0","Saved example — DTRs that are OFF empty page","0"
"0","dashboard","0","Dashboard — revenue subsidy (power factor)","1","0","Revenue subsidy (power factor) — extra unused filters are rejected","0"
"0","consumers","0","Event summary","1","0","Event summary — sample: all zeros","0"
"0","revenue-protection","0","Revenue Protection — Cases Negative","0","1","IND-RPT-NEG-010 — limit=99999 is rejected or bounded","0"
"0","mis-dashboard","0","Events that did not roll over","1","0","Events that did not roll over — an invalid time range is rejected","0"
"0","consumers","0","Can this meter be given to a consumer?","1","0","Can this meter be given to a consumer? — unknown serial is not in the system","0"
"0","commericial-analysis","0","Commercial Analysis — cannot open reports without a valid login","1","0","Consumption Compare — cannot open the report with an invalid login token","0"
"0","feeder","0","Feeder screens — cannot open without a valid login","1","0","Feeder profile — cannot open with an empty login token","0"
"0","commericial-analysis","0","Commercial Analysis — invalid filters are rejected","1","0","Maximum Demand — unknown report type is rejected","0"
"0","reports","0","Communication consumers report","1","0","Communication consumers — 1 Oct 2025 day fixture","0"
"0","dashboard","0","Dashboard — DTR summary cards","1","0","Saved example — daily summary cards with 12-point trends (10 Jul 2026)","0"
"0","master-data","0","Master data — meter communication","1","0","Meter communication — first page shows columns, records, and page numbers","0"
"0","mis-dashboard","0","Daily talking chart","1","0","Daily talking chart — blank dates are treated as missing","0"
"0","reports","0","DTR event report","1","0","DTR event — unknown query params are ignored","0"
"0","hes-commands","0","HES Commands — Billing (E2E)","1","0","Validate POST /commands/billing → query-meter-job — billing_period_get E2E","0"
"0","mis-dashboard","0","Events that did not roll over","1","0","Events that did not roll over — by consumer category, month by month, all meters","0"
"0","mis-dashboard","0","Talking vs not talking overview","1","0","Talking vs not talking overview — one day only still opens","0"
"0","revenue-protection","0","Revenue Protection — Aberration Entry Negative","1","0","IND-REV-ABE-ENTRY-NEG-001 — Invalid month","0"
"0","mis-dashboard","0","Power problems","1","0","Power problems — by meter type, month by month, DTR meters only","0"
"0","dashboard","0","DTR load unbalance — cannot open without a valid login","1","0","cannot open with a badly formed login token","0"
"0","dashboard","0","Dashboard — DTR communication","1","0","DTR communication chart — yearly view loads","0"
"0","mis-dashboard","0","Urgency level 6 events","0","1","Urgency level 6 events — day by day","0"
"0","reports","0","Bill status report","1","0","Bill status — first page without a total still shows columns","0"
"0","reports","0","DTR event detail report","1","0","DTR event detail — unknown query params are ignored","0"
"0","feeder","0","Feeder screens — cannot open without a valid login","1","0","Feeder daily energy — cannot open with an empty login token","0"
"0","technical-analysis","0","Technical summary","1","0","Technical summary — alternate period still opens","0"
"0","dtrs","0","DTR statistic cards","1","0","DTR statistic cards — extra filters that nobody uses are ignored","0"
"0","consumers","0","Consumers — screen shape checks","1","0","This month bill — screen shape is unchanged","0"
"0","mis-dashboard","0","Other events","1","0","Other events — by meter type, day by day, DTR meters only","0"
"0","meter-replacement","0","Meter Replacement Submission History API - Negative","0","1","Out of range page returns empty page","0"
"0","dashboard","0","Dashboard — DTR voltage unbalance","1","0","Saved example — all-zero Severe/Moderate/Balanced distribution","0"
"0","mis-dashboard","0","Talking vs not talking overview","1","0","Talking vs not talking overview — all meters, 1 to 30 Oct 2025","0"
"0","dashboard","0","Dashboard — DTR loading list","1","0","DTR loading list — critically loaded DTRs","0"
"0","commericial-analysis","0","Commercial Analysis — cannot open reports without a valid login","1","0","Power Factor Violation — cannot open the report with an invalid login token","0"
"0","mis-dashboard","0","Power problems","1","0","Power problems — an invalid time range is rejected","0"
"0","commericial-analysis","0","Commercial Analysis — invalid filters are rejected","1","0","Consumption Compare — unknown report type is rejected","0"
"0","mis-dashboard","0","Power problems","1","0","Power problems — a blank time range is rejected","0"
"0","dashboard","1","Dashboard — DTR power on/off","0","0","DTR power on/off chart — daily view loads","0"
"0","feeder","0","Feeder daily energy","1","0","Feeder daily energy — day-by-day kWh (an empty chart is still OK)","0"
"0","reports","0","Event report","1","0","Event report — showing 1 per page returns at most 1 record","0"
"0","mis-dashboard","0","Meter transaction events","1","0","Meter transaction events — by meter type, month by month, consumer meters only","0"
"0","reports","0","Communication consumers report","1","0","Communication consumers — missing month is rejected","0"
"0","mis-dashboard","0","Urgency level events","1","0","Urgency level 1 events — hour by hour, consumer meters only","0"
"0","consumers","0","Nearby accounts","1","0","Nearby accounts — similar account numbers are listed","0"
"0","mis-dashboard","0","Other events","1","0","Other events — extra unused options are ignored","0"
"0","mis-dashboard","0","Other events","1","0","Other events — by meter type, day by day, all meters","0"
"0","billing","0","Day-by-day billing list","1","0","Day-by-day billing — turning the exact total on still shows the same columns","0"
"0","dtrs","0","DTR loading gauge","1","0","DTR loading gauge — a second transformer still shows bands","0"
"0","feeder","0","Feeder screens — cannot open without a valid login","1","0","Feeder voltage and current — cannot open with a badly formed login token","0"
"0","commericial-analysis","0","Maximum Demand report","1","0","Improper MD — household and non-household lists are the same (connection type filter is not applied)","0"
"0","consumption","0","CONSUMPTION — Contract Snapshots","1","0","Monthly Consumption Contract Snapshot","0"
"0","reports","0","DTR data report","1","0","DTR data — fromDate after toDate is rejected","0"
"0","master-data","0","Master data — can this meter serial be added?","1","0","Can this meter serial be added? — a serial that already exists is rejected","0"
"0","reports","0","Event detail report","1","0","Event detail — showing 1 per page returns at most 1 record","0"
"0","commericial-analysis","0","Commercial Analysis — invalid filters are rejected","1","0","Day and Night — month 13 is rejected (month must be 1 to 12)","0"
"0","consumers","0","Energy flow chart","1","0","Energy flow chart — blank consumer number is rejected","0"
"0","mis-dashboard","0","Urgency level events","1","0","Urgency level 6 events — week by week, DTR meters only","0"
"0","revenue-protection","1","Revenue Protection — Cases Edge","0","0","IND-RPT-005 — Single-page result: total equals returned records","0"
"0","technical-analysis","0","Technical report","0","1","Technical report — missing month is rejected","0"
"0","consumers","0","Event list","1","0","Event list — unknown consumer is empty or not found","0"
"0","dtrs","0","DTR energy over time","1","0","Sample chart — weeks with no energy yet","0"
"0","technical-analysis","0","Technical report","0","1","Technical report — invalid month is rejected","0"
"0","mis-dashboard","0","Current problems","1","0","Current problems — an invalid grouping is rejected","0"
"0","dashboard","0","Dashboard — DTR load unbalance list","1","0","DTR load unbalance list — extra unused filters are ignored","0"
"0","meter-replacement","1","Meter Replacement Consumer Search API — Negative & Edge","0","0","Unknown search returns consumer not found","0"
"0","reports","0","DTR communication report","1","0","DTR communication — invalid fromDate is rejected","0"
"0","dashboard","0","Dashboard — consumers by meter phase","1","0","Consumers by meter phase — high-tension meters","0"
"0","mis-dashboard","0","Power problems","1","0","Power problems — by consumer category, hour by hour, DTR meters only","0"
"0","meter-replacement","1","Meter Replacement Consumer Detail API — Negative & Edge","0","0","Unknown consumer returns 404 CONSUMER_NOT_FOUND","0"
"0","hes-commands","0","HES Commands — Query Meter Job","1","0","Validate GET /commands/query-meter-job/:jobName — unknown job returns error","0"
"0","dashboard","0","Dashboard — DTR power on/off","1","0","DTR power on/off chart — yearly view loads","0"
"0","dashboard","0","DTR communication list — cannot open without a valid login","1","0","cannot open with a badly formed login token","0"
"0","revenue-protection","0","Revenue Protection — ATR Zone DB cross-validation","0","1","IND-RPT-ATZ-DB-002 — Sampled rows match DB field-for-field","0"
"0","commericial-analysis","0","Consumption Pattern report","1","0","Consumption Pattern — Zero Consumption for Last 3 months: report opens and usage follows the rule","0"
"0","mis-dashboard","0","Urgency level events","1","0","Urgency level 5 events — month by month, consumer meters only","0"
"0","mis-dashboard","0","Daily talking chart","1","0","Daily talking chart — missing end date uses the start date","0"
"0","commericial-analysis","0","Consumption Pattern report","1","0","Consumption Pattern — LAST SIX MONTH 50 % AVG CONSUMPTION < Initial Consumption (household): billing data is not ready yet","0"
"0","consumption","0","Consumption API — Edge","1","0","Pattern comparison — asking for one consumer at a time still returns a row","0"
"0","meter-replacement","0","Meter Replacement Submission History API - Filters and Edge","0","1","Search by consumer name and meter serial","0"
"0","mis-dashboard","0","Unusual or invalid requests","1","0","Urgency list — unknown urgency level is not found","0"
"0","reports","0","DTR billing report","1","0","DTR billing — a far page is empty or still consistent","0"
"0","revenue-protection","1","Revenue Protection — Aberrations Summary API","0","0","Validate pagination — smaller page size (limit 5)","0"
"0","consumers","0","Event summary","1","0","Event summary — opens using the account number","0"
"0","reports","0","Event restoration report","1","0","Event restoration — limit 0 is rejected (limit must be at least 1)","0"
"0","mis-dashboard","0","Meter transaction events","1","0","Meter transaction events — by consumer category, day by day, all meters","0"
"0","technical-analysis","1","Technical report","0","0","Ip=0 & In!=0 report — first page shows columns and meters","0"
"0","overall-dashboard","0","Home dashboard","1","0","Home dashboard — the main number cards look complete","0"
"0","consumption","0","Consumption API — Edge","1","0","Monthly net meter — page 2 continues without repeating a meter","0"
"0","modules-permissions","0","Module Permission — Negative","1","0","PATCH /permissions/permissions/:id — unknown permission returns 404","0"
"0","mis-dashboard","0","Urgency level events","1","0","Urgency level 1 events — consumer and DTR stay within all meters","0"
"0","master-data","0","Master data — change history","1","0","Master data change history — newest changes appear first","0"
"0","dtrs","0","DTR profile","1","0","DTR profile — name, meter, feeder, and location load, each field once","0"
"0","dtr-load","0","Transformer load reports","1","0","Transformer load — first page lists average, highest, and lowest load","0"
"0","feeder","0","FEEDER — DB Coverage","0","1","IND-FD-DB-001 — Feeder profile and meter readings match the database","0"
"0","mis-dashboard","0","Saved screen shape","1","0","Meter transaction events — saved screen shape","0"
"0","mis-dashboard","0","Saved screen shape","1","0","What kinds of events happened — saved screen shape","0"
"0","dashboard","0","Dashboard — DTR load unbalance list","1","0","Saved example — moderate empty page (Aug 2026)","0"
"0","dtrs","0","DTR loading gauge","1","0","DTR loading gauge — daily, monthly, yearly, and lifetime bands, each once","0"
"0","mis-dashboard","0","Other events","1","0","Other events — by meter type, month by month, consumer meters only","0"
"0","mis-dashboard","0","Other events","1","0","Other events — by consumer category, month by month, consumer meters only","0"
"0","mis-dashboard","0","Events that did not roll over","1","0","Events that did not roll over — by consumer category, week by week, consumer meters only","0"
"0","mis-dashboard","0","Meter transaction events","1","0","Meter transaction events — by consumer category, day by day, consumer meters only","0"
"0","mis-dashboard","0","Talking vs not talking overview","1","0","Talking vs not talking overview — live=1 still opens","0"
"0","reports","0","Event report","1","0","Event report — 1 Oct 2025 fixture","0"
"0","revenue-protection","0","Revenue Protection — Cases DB cross-validation","0","1","IND-RPT-DB-001 — COUNT(*) matches pagination.total","0"
"0","mis-dashboard","0","Urgency level events","1","0","Urgency level 1 events — network 0 is rejected","0"
"0","meter-replacement","1","METER-REPLACEMENT — Contract Snapshots","0","0","Submission History Contract Snapshot","0"
"0","dashboard","0","Dashboard — consumers by category","1","0","Saved example — Residential with rows (offline)","0"
"0","revenue-protection","1","Revenue Protection — Aberrations Summary API","0","0","Validate GET /indore/revenue-protection/aberrations — default page (FEB 2025)","0"
"0","mis-dashboard","0","Other events","1","0","Other events — dtrs is treated as DTR meters","0"
"0","consumers","0","Consumption chart","1","0","Consumption chart — sample: hourly usage","0"
"0","commericial-analysis","0","Commercial Analysis — invalid filters are rejected","1","0","Consumption Pattern — page 0 is rejected (page must start at 1)","0"
"0","mis-dashboard","0","Talking vs not talking overview","1","0","Talking vs not talking overview — missing start date uses the end date","0"
"0","billing","0","Monthly billing list","1","0","Monthly billing — asking for zero rows per page is rejected","0"
"0","commericial-analysis","0","Maximum Demand report","1","0","Sanction Load Violation — household plus non-household meters equal the full total","0"
"0","master-data","0","Master data — column names in the response","1","0","Meter communication — column names in the response stay the same","0"
"0","consumers","0","Energy flow chart","1","0","Energy flow chart — sample: hourly points","0"
"0","consumers","0","Energy flow chart","1","0","Energy flow chart — unknown consumer is not found","0"
"0","mis-dashboard","0","Urgency level events","1","0","Urgency level 2 events — week by week, all meters","0"
"0","revenue-protection","0","Revenue Protection — Aberration Entry EENLTMT Edge","1","0","IND-REV-ABE-EEN-EDGE-001 — Page far beyond total returns empty rows","0"
"0","consumers","0","Billing history","1","0","Billing history — sample: monthly units match meter totals","0"
"0","commericial-analysis","0","Commercial Analysis — cannot open reports without a valid login","1","0","Consumption Pattern — cannot open the report with an invalid login token","0"
"0","dashboard","0","DTR communication list — cannot open without a valid login","1","0","cannot open with an expired login token","0"
"0","mis-dashboard","0","Events that did not roll over","1","0","Events that did not roll over — both is treated as all meters","0"
"0","mis-dashboard","0","How many meters we have","1","0","How many meters we have — consumers is treated as consumer meters","0"
"0","other","0","indoore_backend_testing","1","0","core › __tests__ › defect-heuristic-triage › classifies INTERNAL_ERROR 500 as backend_crash","0"
"0","users-admin","0","User Devices Flow","1","0","Validate User Devices","0"
"0","dtr-load","0","Transformer load reports","1","0","Transformer load — leaving out the end date is rejected","0"
"0","dashboard","0","Dashboard — DTR power on/off list","1","0","DTR power on/off list — page 2 still shows a valid list","0"
"0","commericial-analysis","0","Consumption Compare report","1","0","Abnormal Low — non-household: billing data is not ready yet","0"
"0","reports","0","Bill status report","1","0","Bill status — page 0 is rejected (page must start at 1)","0"
"0","technical-analysis","0","Technical report","1","0","CT Open report — empty list is valid","0"
"0","consumers","0","Live load","1","0","Live load — unknown meter is empty or not found","0"
"0","dtrs","0","DTR statistic cards","1","0","Sample statistic cards — dashes when numbers are missing","0"
"0","meter-replacement","1","Meter Replacement Progress API","0","0","Validate Meter Replacement Progress API","0"
"0","mis-dashboard","0","Power problems","1","0","Power problems — extra unused options are ignored","0"
"0","revenue-protection","1","Revenue Protection — Aberrations Summary API","0","0","Validate pagination — page 2 (limit 5)","0"
"1","meter-replacement","0","Bulk Validate Meter Replacement API","0","0","Validate POST /indore/meter-replacement/bulk/validate — new meter serial must exist","0"
"0","role-permissions","0","Role Permission — List & Me","1","0","Validate GET /permissions/roles — role catalog","0"
"0","meter-replacement","1","METER-REPLACEMENT — Contract Snapshots","0","0","Consumer Search Contract Snapshot","0"
"0","mis-dashboard","0","Current problems","1","0","Current problems — by consumer category, week by week, all meters","0"
"0","dtr-load","0","Transformer load reports","1","0","Transformer load — a transformer with almost no load is still a valid row","0"
"0","dtrs","0","DTR statistic cards","1","0","Sample statistic cards — kW, kVA, kWh, kVAh, consumers, and power-on time","0"
"0","reports","0","Current without voltage report","1","0","Current without voltage — Oct 2025 phase R first page shows columns and readings","0"
"0","dashboard","0","Dashboard — DTR consumption list","1","0","DTR consumption list — page 2 still shows a valid list","0"
"0","mis-dashboard","0","Urgency level events","1","0","Urgency level 6 events — hour by hour, DTR meters only","0"
"0","reports","0","Reports — contract snapshots","1","0","DTR data — column and field names stay the same","0"
"0","revenue-protection","1","Revenue Protection — Aberrations Negative","0","0","Missing organisationLookupId returns empty success grid (not 4xx)","0"
"0","dashboard","0","Dashboard — response shape","1","0","DTR consumption chart — response shape stays the same","0"
"0","dashboard","0","Dashboard — DTR loading list","1","0","Saved example — under-utilized DTRs empty page","0"
"0","billing","0","Monthly billing list","1","0","Monthly billing — leftover unused filters are ignored","0"
"0","dtr-load","0","Transformer load reports","1","0","Transformer load — asking for one transformer at a time still returns a row","0"
"0","technical-analysis","0","Technical report","1","0","Single Wire Operation report — first page shows columns and meters","0"
"0","dtrs","0","DTR power now","1","0","DTR power now — extra filters that nobody uses are ignored","0"
"0","role-permissions","0","Role Permission — List & Me","1","0","Validate GET /permissions/dependency-rules","0"
"0","consumers","0","Nearby accounts","1","0","Nearby accounts — very close match range can return none","0"
"0","revenue-protection","0","Revenue Protection — Cases Negative","0","1","IND-RPT-NEG-009 — limit=0 is rejected","0"
"0","mis-dashboard","0","Urgency level events","1","0","Urgency level 4 events — day by day, consumer meters only","0"
"0","dtrs","0","DTR feeders","1","0","Sample feeders — Active and Inactive both appear","0"
"0","feeder","0","Feeder — unusual cases","1","0","Feeder profile — leftover extra filters still show the same page","0"
"0","mis-dashboard","0","How many meters we have","1","0","How many meters we have — DTR meters only","0"
"0","consumers","0","Event summary","1","0","Event summary — cards for the consumer","0"
"0","mis-dashboard","0","How many meters we have","1","0","How many meters we have — network 0 is rejected","0"
"0","revenue-protection","0","Revenue Protection — Aberration Entry EENLTMT API","0","1","IND-REV-ABE-EEN-002 — Fetch EENLTMT Aberration Entry using month + year","0"
"0","reports","0","Communication consumers report","1","0","Communication consumers — a page past the last page shows no records","0"
"0","auth","0","Auth Sent Invitations List API","1","0","Validate sent invitations list — status=all","0"
"0","mis-dashboard","0","Talking meters by category","1","0","Talking meters by category — both is treated as all meters","0"
"0","mis-dashboard","0","What kinds of events happened","1","0","What kinds of events happened — report_type still works","0"
"0","mis-dashboard","0","Urgency level events","1","0","Urgency level 2 events — extra unused options are ignored","0"
"0","reports","0","Reports — contract snapshots","1","0","Event detail — column and field names stay the same","0"
"0","mis-dashboard","0","Events that did not roll over","1","0","Events that did not roll over — extra unused options are ignored","0"
"0","mis-dashboard","0","Urgency level events","1","0","Urgency level 5 events — consumer and DTR stay within all meters","0"
"0","mis-dashboard","0","Talking meters by category","1","0","Talking meters by category — missing end date uses the start date","0"
"0","consumers","0","Energy flow chart","1","0","Energy flow chart — sample: totals only go up over time","0"
"0","reports","0","Bill status report","1","0","Bill status — limit 0 is rejected (limit must be at least 1)","0"
"0","hes-commands","0","HES Commands — Profile Config (E2E)","1","0","Validate POST /commands/profile-config — invalid type returns validation error","0"
"0","auth","1","Auth Login API","0","0","Validate CSRF preflight and login flows","0"
"0","dashboard","0","Dashboard — DTR load unbalance","1","0","Saved example — percentage consistency with rounding","0"
"0","dashboard","0","Dashboard — consumers by category","1","0","Saved example — Commercial with rows (offline)","0"
"0","dashboard","0","Dashboard — consumers by connection status","1","0","Consumers by connection status — page 2 still shows a valid list","0"
"0","dtrs","0","DTR power now","1","0","Sample power now — empty numbers when the meter has no reading","0"
"0","commericial-analysis","0","Commercial Analysis — cannot open reports without a valid login","1","0","Power Factor Violation — cannot open the report without logging in","0"
"0","feeder","0","Feeder screens — cannot open without a valid login","1","0","Feeder alerts — cannot open with an empty login token","0"
"0","mis-dashboard","0","Events that did not roll over","1","0","Events that did not roll over — organisation 0 is rejected","0"
"0","mis-dashboard","0","How many meters we have","1","0","How many meters we have — live=1 still opens","0"
"0","dtrs","0","DTR statistic cards","1","0","DTR statistic cards — a second transformer still shows cards","0"
"0","technical-analysis","0","Technical report","0","1","YNR Over Voltage in any phase report — empty list is valid","0"
"0","consumers","0","Consumption chart","1","0","Consumption chart — monthly view","0"
"0","feeder","0","Feeder — unusual cases","1","0","Feeder alerts — leftover extra filters still show the same page","0"
"0","commericial-analysis","0","Consumption Compare report","1","0","Consumption Compare Same Month Last Year — household: billing data is not ready yet","0"
"0","master-data","0","Master data — can this meter be put on a DTR?","0","1","Can this meter be put on a DTR? — an unused active meter can be put on a DTR","0"
"0","mis-dashboard","0","Meter transaction events","1","0","Meter transaction events — by consumer category, week by week, all meters","0"
"0","commericial-analysis","0","Commercial Analysis — extra report checks","1","0","Day and Night — Night consumption <= 10% of Day consumption: report opens and usage follows the rule","0"
"0","reports","0","Current without voltage report","1","0","Current without voltage — missing year is rejected","0"
"0","mis-dashboard","0","Talking meters by category","1","0","Talking meters by category — consumer meters only","0"
"0","meter-replacement","1","Bulk Validate Meter Replacement API","0","0","Validate POST /indore/meter-replacement/bulk/validate — only .xlsx allowed","0"
"0","revenue-protection","0","Revenue Protection — Aberration Entry DB cross-validation","0","1","IND-REV-ABE-ENTRY-DB-001 — COUNT(*) matches pagination.total","0"
"0","hes-commands","0","HES Commands — Payment (E2E)","1","0","Validate POST /commands/payment → query-meter-job — payment_get E2E","0"
"0","dtrs","0","DTR power now","1","0","Sample power now — meter data unavailable message","0"
"0","mis-dashboard","0","Voltage problems","1","0","Voltage problems — by meter type, week by week, consumer meters only","0"
"0","technical-analysis","0","Technical analysis — contract snapshots","1","0","Technical summary — column and field names stay the same","0"
"0","overall-dashboard","0","Home dashboard — cannot open without a valid login","1","0","Home dashboard — cannot open with an expired login token","0"
"0","mis-dashboard","0","Daily talking chart","1","0","Daily talking chart — all meters, 1 to 30 Oct 2025","0"
"0","mis-dashboard","0","Current problems","1","0","Current problems — by consumer category, week by week, consumer meters only","0"
"0","mis-dashboard","0","How many events by urgency","1","0","How many events by urgency — a bad date is rejected","0"
"0","master-data","0","Master data — meter communication","1","0","Meter communication — non-communicating filter shows only non-communicating meters","0"
"0","dtrs","0","DTR energy over time","1","0","DTR energy over time — a blank time grouping is not allowed","0"
"0","revenue-protection","0","Revenue Protection — Aberration Entry EENLTMT DB cross-validation","0","1","IND-REV-ABE-EEN-DB-002 — Sampled rows match DB","0"
"1","meter-replacement","0","Bulk Validate Meter Replacement API","0","0","Validate POST /indore/meter-replacement/bulk/validate — mixed valid/invalid rows reported per-row","0"
"0","mis-dashboard","0","Voltage problems","1","0","Voltage problems — both is treated as all meters","0"
"0","mis-dashboard","0","Current problems","1","0","Current problems — a missing grouping is rejected","0"
"0","meter-replacement","0","Meter Replacement Submission History API - Negative","0","1","Invalid status returns empty page","0"
"0","consumption","0","Consumption API — Negative","1","0","Monthly net meter — year zero is rejected","0"
"0","mis-dashboard","0","Event summary","1","0","Event summary — by meter type, day by day, consumer meters only","0"
"0","mis-dashboard","0","Urgency level events","1","0","Urgency level 6 events — hour by hour, all meters","0"
"0","role-permissions","0","Role Permission — List & Me","1","0","Validate GET /permissions/me/modules and /me/permissions","0"
"0","reports","0","Consumer report","1","0","Consumer report IP — first page shows columns and instants","0"
"0","mis-dashboard","0","Other events","1","0","Other events — consumers is treated as consumer meters","0"
"0","revenue-protection","0","Revenue Protection — Aberration Entry By IVRS Auth Negative","1","0","IND-REV-ABE-IVRS-AUTH-003 — Unsupported HTTP methods (POST/PUT/DELETE)","0"
"0","reports","0","Reports — contract snapshots","1","0","Reports overview — column and field names stay the same","0"
"0","reports","0","Event restoration report","1","0","Event restoration — fromDate after toDate is rejected","0"
"0","feeder","0","Feeder screens — cannot open without a valid login","1","0","Feeder alerts — cannot open without logging in","0"
"0","mis-dashboard","0","Saved screen shape","1","0","Urgency level 1 events — saved screen shape","0"
"0","reports","0","Min-max voltage count","1","0","Min-max voltage count — zero total fixture","0"
"0","mis-dashboard","0","How many events by urgency","1","0","How many events by urgency — missing start date uses the end date","0"
"0","mis-dashboard","0","Talking vs not talking overview","1","0","Talking vs not talking overview — consumer meters only","0"
"0","audit-logs","0","AUDIT-LOGS — Contract Snapshots","1","0","Audit Logs List Contract Snapshot","0"
"0","meter-replacement","1","METER-REPLACEMENT — Contract Snapshots","0","0","Consumer Detail Contract Snapshot","0"
"0","audit-logs","0","Audit Logs API","1","0","Validate sort — createdAt_asc","0"
"0","commericial-analysis","0","Day and Night consumption report","1","0","Day and Night — Night Zero Consumption: report opens and usage follows the rule","0"
"0","hes-commands","0","HES Commands — Meter Lookup","1","0","Validate GET /commands/meters/:serial — unknown meter returns error","0"
"0","consumers","0","Can this meter be given to a consumer?","1","0","Can this meter be given to a consumer? — serial number is required","0"
"0","mis-dashboard","0","Events that did not roll over","1","0","Events that did not roll over — by consumer category, hour by hour, DTR meters only","0"
"0","reports","0","Billing MD snapshot report","1","0","Billing MD snapshot — unknown query params are ignored","0"
"0","reports","0","Min-max voltage count","1","0","Min-max voltage count — Oct 2025 min B returns a total","0"
"0","reports","0","Communication consumers report","1","0","Communication consumers — showing 1 per page returns at most 1 record","0"
"0","reports","0","Min-max voltage count","1","0","Min-max voltage count — Oct 2025 max Y returns a total","0"
"0","consumers","0","Live voltage and current","1","0","Live voltage and current — unknown consumer is not found","0"
"0","dashboard","0","Dashboard — DTR power on/off","1","0","Saved example — mixed on/off percentages","0"
"0","revenue-protection","0","Revenue Protection — ATR Zone Negative","1","0","IND-RPT-ATZ-NEG-005 — page=-1 is rejected","0"
"0","consumption","0","Consumption API — Negative","1","0","Monthly net meter — page zero is rejected","0"
"0","commericial-analysis","0","Consumption Pattern report","1","0","Consumption Pattern — LAST SIX MONTH 50 % AVG CONSUMPTION < Initial Consumption (non-household): billing data is not ready yet","0"
"0","mis-dashboard","0","Voltage problems","1","0","Voltage problems — by meter type, hour by hour, all meters","0"
"0","hes-commands","0","HES Commands — History","1","0","Validate GET /commands/history — search filter by meter serial","0"
"0","reports","0","Event report","1","0","Event report — 1 Oct 2025 first page shows columns and event totals","0"
"0","mis-dashboard","0","Urgency level 2 events","0","1","Urgency level 2 events — hour by hour","0"
"0","dashboard","0","Dashboard — response shape","1","0","DTR load unbalance list — response shape stays the same","0"
"0","mis-dashboard","0","Urgency level events","1","0","Urgency level 4 events — both is treated as all meters","0"
"0","consumers","0","Live load","1","0","Live load — sample: no live reading yet","0"
"0","billing","0","Monthly billing vs database","0","1","Monthly billing — billed meter count is not higher than the archive database","0"
"0","dashboard","0","Revenue subsidy (power factor) — cannot open without a valid login","1","0","cannot open with an expired login token","0"
"0","hes-commands","0","HES Commands — Meter Info","1","0","Validate GET /commands/meter-info/:serial — unknown meter returns error","0"
"0","reports","0","Reports overview","1","0","Overview — unknown query params are ignored","0"
"0","dashboard","0","Dashboard — DTR communication list","1","0","DTR communication list — extra unused filters are ignored","0"
"0","dashboard","0","Dashboard — DTR load unbalance list","1","0","DTR load unbalance list — page 2 still shows a valid list","0"
"0","consumers","0","Consumers — screen shape checks","1","0","Live load — screen shape is unchanged","0"
"0","mis-dashboard","0","Urgency level events","1","0","Urgency level 2 events — day by day, all meters","0"
"0","dashboard","0","DTR consumption list — cannot open without a valid login","1","0","cannot open with a badly formed login token","0"
"0","mis-dashboard","0","Events that did not roll over","1","0","Events that did not roll over — by meter type, hour by hour, consumer meters only","0"
"0","revenue-protection","0","Revenue Protection — Aberration Entry Negative","1","0","IND-REV-ABE-ENTRY-NEG-003 — Invalid page","0"
"0","master-data","0","Master data — change history","1","0","Master data change history — an unknown change-type filter is rejected","0"
"0","dtrs","0","DTR power now","1","0","Sample power now — single-phase live reading","0"
"0","technical-analysis","0","Technical report","0","1","YNR Cover Open report — empty list is valid","0"
"0","mis-dashboard","0","Saved screen shape","1","0","Daily talking chart — saved screen shape","0"
"0","mis-dashboard","0","Urgency level events","1","0","Urgency level 4 events — week by week, consumer meters only","0"
"0","mis-dashboard","0","Urgency level 5 events","0","1","Urgency level 5 events — month by month","0"
"0","reports","0","Current without voltage report","1","0","Current without voltage — missing month is rejected","0"
"0","master-data","0","Master data — DTR list","1","0","DTR list — a smaller page size shows fewer records","0"
"0","revenue-protection","1","Revenue Protection — Aberrations Auth Negative","0","0","Aberrations rejects missing auth","0"
"0","dashboard","0","Dashboard — response shape","1","0","DTR consumption list — response shape stays the same","0"
"0","dashboard","0","Consumers by meter make — cannot open without a valid login","1","0","cannot open without logging in","0"
"0","utils-lookup","0","Utils lookup — contract snapshots","1","0","Organisation hierarchy — field names stay the same","0"
"0","consumers","0","Billing history","1","0","Billing history — last 12 months of bills","0"
"0","commericial-analysis","0","Day and Night consumption report","1","0","Day and Night — first and last page have no duplicate meters › Day and Night — Night consumption <= 10% of Day consumption: first and last page have no duplicate meters","0"
"0","meter-replacement","0","Meter Replacement Submission Detail API — Auth Negative","1","0","Missing Authorization returns 401","0"
"0","dashboard","0","Dashboard — DTR power on/off list","1","0","Saved example — DTRs that are ON empty page","0"
"0","revenue-protection","0","Revenue Protection — ATR Zone Negative","1","0","IND-RPT-ATZ-NEG-003 — NoSQL-style injection in year","0"
"0","mis-dashboard","0","Urgency level events","1","0","Urgency level 4 events — an invalid time range is rejected","0"
"0","commericial-analysis","0","Consumption Pattern report","1","0","Consumption Pattern — 100 unit kwh from Last Three months continuous: report opens and usage follows the rule","0"
"0","dashboard","0","Dashboard — DTR summary cards","1","0","DTR summary cards — daily view loads","0"
"0","reports","0","DTR event detail report","1","0","DTR event detail — a page past the last page shows no records","0"
"0","users-admin","0","User Admin — Negative","1","0","GET /users/audit-logs — invalid sort returns 400","0"
"0","consumers","0","Event list","1","0","Event list — extra unused options are ignored","0"
"0","consumption","0","Hourly consumption list","1","0","Hourly consumption — first page may be empty when there are no hourly readings","0"
"0","revenue-protection","0","Revenue Protection — Aberration Entry EENLTMT Auth Negative","1","0","IND-REV-ABE-EEN-AUTH-002 — Invalid bearer token","0"
"0","mis-dashboard","0","Urgency level events","1","0","Urgency level 4 events — week by week, all meters","0"
"0","reports","0","Billing MD snapshot report","1","0","Billing MD snapshot — showing 1 per page still lists a meter","0"
"0","overall-dashboard","0","Connect and disconnect by month","1","0","Connect and disconnect by month — last six months, each month listed once","0"
"0","revenue-protection","0","Revenue Protection — Aberrations Negative","0","1","Non-numeric organisationLookupId is rejected","0"
"0","mis-dashboard","0","Power problems","1","0","Power problems — an invalid grouping is rejected","0"
"0","role-permissions","0","ROLE-PERMISSIONS — DB Coverage","0","1","IND-ROL-DB-001 — scaffold DB coverage","0"
"0","mis-dashboard","0","Events that did not roll over","1","0","Events that did not roll over — consumer and DTR stay within all meters","0"
"0","consumers","0","Billing history","1","0","Billing history — negative month limit is rejected","0"
"0","mis-dashboard","0","Urgency level events","1","0","Urgency level 1 events — day by day, all meters","0"
"0","mis-dashboard","0","Current problems","1","0","Current problems — dtrs is treated as DTR meters","0"
"0","utils-lookup","0","Utils lookup — contract snapshots","1","0","Event classifications — field names stay the same","0"
"0","dashboard","0","Dashboard — response shape","1","0","DTR power on/off list — response shape stays the same","0"
"0","master-data","0","Master data — consumer list","1","0","Consumer list — showing 10 per page returns at most 10 records","0"
"0","reports","0","Min-max voltage count","1","0","Min-max voltage count — missing month is rejected","0"
"0","mis-dashboard","0","Meter transaction events","1","0","Meter transaction events — both is treated as all meters","0"
"0","mis-dashboard","0","Urgency level events","1","0","Urgency level 2 events — organisation 0 is rejected","0"
"0","dashboard","0","Dashboard — revenue subsidy (power factor)","1","0","Saved example — zero bills / null avgImprovement","0"
"0","consumption","0","Consumption API — Negative","1","0","Pattern consumption — an unknown pattern type is rejected","0"
"0","mis-dashboard","0","Meter transaction events","1","0","Meter transaction events — by meter type, hour by hour, all meters","0"
"0","mis-dashboard","0","Saved screen shape","1","0","Event summary — saved screen shape","0"
"0","mis-dashboard","0","Daily talking chart","1","0","Daily talking chart — one day only still opens","0"
"0","mis-dashboard","0","Power problems","1","0","Power problems — by consumer category, week by week, DTR meters only","0"
"0","modules-permissions","0","Module Permission — Negative","1","0","POST /permissions/modules/:id/permissions — invalid key (no dot) returns 400","0"
"0","consumers","0","Energy flow chart","1","0","Energy flow chart — extra unused options are ignored","0"
"0","mis-dashboard","0","Urgency level events","1","0","Urgency level 5 events — extra unused options are ignored","0"
"0","reports","0","DTR billing report","1","0","DTR billing — missing toDate is rejected","0"
"0","reports","0","Reports overview","1","0","Overview — KPI cards show (zeros still count as available)","0"
"0","dashboard","0","Dashboard — DTR power on/off","1","0","Saved example — yearly populated on/off buckets (10 Jul 2026)","0"
"0","dashboard","0","Dashboard — revenue subsidy (power factor)","1","0","Saved example — derived avgImprovement / Cr consistency","0"
"0","consumers","0","Live load","1","0","Live load — opens using the meter","0"
"0","revenue-protection","0","Revenue Protection — Aberration Entry Auth Negative","1","0","IND-REV-ABE-ENTRY-AUTH-003 — Unsupported HTTP method","0"
"0","meter-replacement","0","Meter Replacement Consumer Detail API — Negative & Edge","1","0","Boundary integer consumer ids do not 500","0"
"0","revenue-protection","0","Revenue Protection — ATR Zone Negative","1","0","IND-RPT-ATZ-NEG-006 — limit=0 is rejected","0"
"0","mis-dashboard","0","Urgency level events","1","0","Urgency level 2 events — a blank time range is rejected","0"
"0","consumers","0","Power quality","1","0","Power quality — shown for the consumer","0"
"0","consumers","0","Meter communication","1","0","Meter communication — status for a chosen date","0"
"0","mis-dashboard","0","Power problems","1","0","Power problems — network 0 is rejected","0"
"0","dashboard","0","Dashboard — DTR voltage unbalance list","1","0","Saved example — balanced OpenAPI sample (total 295)","0"
"0","consumers","0","Billing history","1","0","Billing history — last 6 months of bills","0"
"0","mis-dashboard","0","What kinds of events happened","1","0","What kinds of events happened — network 0 is rejected","0"
"0","energy-audits","1","loss-analysis.harness.ts","0","0","Energy Audit Loss Analysis — Feeder › Validate BILLING loss analysis","0"
"0","hes-commands","0","HES Commands — History","1","0","Validate GET /commands/history — page 2 hasPreviousPage","0"
"0","hes-commands","0","HES Commands — Meter Alarms","1","0","Validate POST /commands/meter-alarms — invalid count returns error","0"
"0","asset-management","0","Asset Management — Negative","1","0","GET /asset-management/dtr/:id — unknown DTR returns 404","0"
"0","revenue-protection","0","Revenue Protection — Aberration Entry EENLTMT API","0","1","IND-REV-ABE-EEN-006 — Fetch EENLTMT Aberration Entry pagination (page 2, limit 2)","0"
"0","mis-dashboard","0","Meter transaction events","1","0","Meter transaction events — by meter type, week by week, all meters","0"
"0","master-data","0","Master data — can this meter serial be added?","1","0","Can this meter serial be added? — a new serial is allowed","0"
"0","mis-dashboard","0","Daily talking chart","1","0","Daily talking chart — live=1 still opens","0"
"0","mis-dashboard","0","Urgency level events","1","0","Urgency level 3 events — a missing time range falls back to day by day","0"
"0","mis-dashboard","0","Urgency level events","1","0","Urgency level 3 events — day by day, all meters","0"
"0","consumers","0","Live voltage and current","1","0","Live voltage and current — extra unused options are ignored","0"
"0","energy-audits","1","loss-analysis.harness.ts","0","0","Energy Audit Loss Analysis — DTR › Validate BILLING loss analysis","0"
"0","mis-dashboard","0","Power problems","1","0","Power problems — organisation 0 is rejected","0"
"0","mis-dashboard","0","Voltage problems","1","0","Voltage problems — by meter type, month by month, all meters","0"
"0","mis-dashboard","0","Urgency level events","1","0","Urgency level 6 events — consumer and DTR stay within all meters","0"
"0","commericial-analysis","0","Consumption Compare report","1","0","Consumption Compare (Last Month) — first and last page have no duplicate meters › Consumption Compare (Last Month) — first and last page have no duplicate meters","0"
"0","dtrs","0","DTR feeders","1","0","Sample feeders — name, status, and last talk-to-system time","0"
"0","mis-dashboard","0","Urgency level events","1","0","Urgency level 4 events — day by day, DTR meters only","0"
"0","mis-dashboard","0","Event summary","1","0","Event summary — by urgency, hour by hour, consumer meters only","0"
"0","consumers","0","Billing history","1","0","Billing history — full bill list for the consumer","0"
"0","reports","0","DTR communication report","1","0","DTR communication — unknown query params are ignored","0"
"0","technical-analysis","0","Technical report","0","1","Technical report — first and last page have no duplicate meters › Ip=0 & In!=0 report — first and last page have no duplicate meters","0"
"0","commericial-analysis","0","Commercial Analysis — cannot open reports without a valid login","1","0","Day and Night — cannot open the report with an invalid login token","0"
"0","feeder","0","Feeder screens — cannot open without a valid login","1","0","Feeder profile — cannot open with an invalid login token","0"
"0","asset-management","0","Organisation Hierarchy API","1","0","Validate Organisation Hierarchy API","0"
"0","revenue-protection","0","Revenue Protection — Aberration Entry DB cross-validation","0","1","IND-REV-ABE-ENTRY-DB-002 — Sampled rows match DB","0"
"0","dtrs","0","DTR statistic cards","1","0","DTR statistic cards — load, energy, consumers, and status","0"
"0","reports","0","Min-max voltage report","1","0","Min-max voltage — unknown query params are ignored","0"
"0","mis-dashboard","0","Talking vs not talking overview","1","0","Talking vs not talking overview — DTR meters only","0"
"0","consumption","0","Consumption API — Edge","1","0","Yearly pattern — a page far past the end of the list is empty","0"
"0","reports","0","Min-max voltage count","1","0","Min-max voltage count — Oct 2025 min Y returns a total","0"
"0","reports","0","Billing MD snapshot report","1","0","Billing MD snapshot — empty page fixture","0"
"0","dashboard","1","Dashboard — DTR power on/off","0","0","DTR power on/off chart — extra unused filters are ignored","0"
"0","revenue-protection","0","Revenue Protection — Aberration Entry EENLTMT API","0","1","IND-REV-ABE-EEN-003 — Fetch EENLTMT Aberration Entry using only year","0"
"0","asset-management","0","Asset Management — Auth Negative","1","0","GET /asset-management/network-hierarchy — without auth returns 401","0"
"0","reports","0","Reports overview","1","0","Overview — zero KPI fixture","0"
"0","mis-dashboard","0","What kinds of events happened","1","0","What kinds of events happened — by consumer category, unknown meter kind is treated as all","0"
"0","consumers","0","Consumption chart","1","0","Consumption chart — sample: monthly usage","0"
"0","dashboard","0","Dashboard — DTR communication","1","0","Saved example — daily null communicating/non-communicating buckets (10 Jul 2026)","0"
"0","dashboard","0","Dashboard — DTR consumption","1","0","DTR consumption chart — hourly view loads","0"
"0","reports","0","Event report","1","0","Event report — page 2 continues serial numbers without duplicates","0"
"0","mis-dashboard","0","Daily talking chart","1","0","Daily talking chart — a negative organisation is rejected","0"
"0","utils-lookup","0","indoore_backend_testing","1","0","UTILS-LOOKUP › utils › lookup-catalog.harness.ts › Organisation search › Organisation search — default limit returns records","0"
"0","consumption","0","Consumption API — Edge","1","0","Daily consumption — a page far past the end of the list is empty","0"
"0","consumers","0","Consumers — screen shape checks","1","0","Power quality — screen shape is unchanged","0"
"0","consumption","0","Consumption API — Auth Negative","1","0","Consumption report rejects disallowed methods","0"
"0","mis-dashboard","0","Saved screen shape","1","0","How many events by urgency — saved screen shape","0"
"0","utils-lookup","0","indoore_backend_testing","1","0","UTILS-LOOKUP › utils › lookup-catalog.harness.ts › Events › events — list shows ids and names","0"
"0","reports","0","Min-max voltage report","1","0","Min-max voltage — Oct 2025 min B first page shows columns and meters","0"
"0","feeder","0","Feeder — saved field lists","1","0","Feeder voltage and current — the field list still matches what we saved","0"
"0","dashboard","0","Dashboard — DTR communication list","1","0","DTR communication list — meters that are not communicating","0"
"0","technical-analysis","0","Technical report","1","0","Voltage Missing report — first page shows columns and meters","0"
"0","dashboard","0","Dashboard — DTR voltage unbalance list","1","0","DTR voltage unbalance list — severely unbalanced DTRs","0"
"0","revenue-protection","1","Revenue Protection — Aberration Entry EENLTMT Contract Snapshot","0","0","IND-RPT-ABE-EEN-CONTRACT-001 — Aberration Entry EENLTMT columns contract snapshot","0"
"0","reports","0","DTR billing report","1","0","DTR billing — page 0 is rejected (page must start at 1)","0"
"0","mis-dashboard","0","How meters are talking","1","0","How meters are talking — from_date and to_date still work","0"
"0","dtrs","0","DTR energy over time","1","0","DTR energy over time — an unknown time grouping is not allowed","0"
"0","master-data","0","Master data — feeder list","1","0","Feeder list — a smaller page size shows fewer records","0"
"0","consumers","0","Consumption chart","1","0","Consumption chart — blank consumer number is rejected","0"
"0","consumers","0","Consumption chart","1","0","Consumption chart — extra unused options are ignored","0"
"0","dashboard","0","Consumers by meter phase — cannot open without a valid login","1","0","cannot open without logging in","0"
"0","reports","0","Reports — contract snapshots","1","0","DTR billing — column and field names stay the same","0"
"0","mis-dashboard","0","How meters are talking","1","0","How meters are talking — missing end date uses the start date","0"
"0","master-data","0","Master data — feeder list","1","0","Feeder list — an empty search shows the full list","0"
"0","mis-dashboard","0","Urgency level 5 events","0","1","Urgency level 5 events — hour by hour","0"
"0","mis-dashboard","0","Urgency today versus yesterday","1","0","Urgency today versus yesterday — both is treated as all meters","0"
"0","dtrs","0","DTR feeders","1","0","DTR feeders — a blank transformer code is not allowed","0"
"0","technical-analysis","0","Technical report","1","0","Earth Loading report — first page shows columns and meters","0"
"0","dtrs","0","DTR feeders","1","0","DTR feeders — a second transformer still shows its feeders","0"
"0","mis-dashboard","0","Urgency level 3 events","0","1","Urgency level 3 events — day by day","0"
"0","dashboard","0","Dashboard — DTR load unbalance","1","0","Saved example — all DTRs Balanced","0"
"0","mis-dashboard","0","How meters are talking","1","0","How meters are talking — extra unused options are ignored","0"
"0","mis-dashboard","0","Event summary","1","0","Event summary — both is treated as all meters","0"
"0","auth","0","Auth Session — Negative","1","0","GET /auth/me — without authentication returns 401","0"
"0","consumption","0","Consumption API — Negative","1","0","Pattern consumption — month zero is rejected","0"
"0","consumption","0","Consumption API — Auth Negative","1","0","Pattern consumption rejects missing auth","0"
"0","reports","0","DTR event report","1","0","DTR event — showing 1 per page returns at most 1 record","0"
"0","mis-dashboard","0","Urgency level events","1","0","Urgency level 5 events — month by month, DTR meters only","0"
"0","mis-dashboard","0","Urgency level events","1","0","Urgency level 4 events — consumer and DTR stay within all meters","0"
"0","consumers","0","Nearby accounts","1","0","Nearby accounts — empty account number is rejected","0"
"0","dashboard","0","DTR load unbalance list — cannot open without a valid login","1","0","cannot open with an expired login token","0"
"0","dtrs","0","DTR events","1","0","Sample events — page two numbering continues from page one","0"
"0","mis-dashboard","0","Event summary","1","0","Event summary — by urgency, hour by hour, all meters","0"
"0","users-admin","0","User Admin — Advanced","1","0","PATCH /users/:id/status — suspend then restore active","0"
"0","mis-dashboard","0","Urgency level events","1","0","Urgency level 5 events — day by day, consumer meters only","0"
"0","asset-management","0","Asset Management — Negative","1","0","GET /asset-management/network-hierarchy — unknown rootId returns 404 or empty scoped tree","0"
"0","consumption","0","Consumption API — Negative","1","0","Pattern consumption — page zero is rejected","0"
"0","revenue-protection","0","Revenue Protection — Aberration Entry By IVRS Auth Negative","1","0","IND-REV-ABE-IVRS-AUTH-002 — PATCH with invalid bearer token","0"
"0","mis-dashboard","0","Urgency level events","1","0","Urgency level 2 events — an invalid time range is rejected","0"
"0","energy-audits","0","hourly-loss-report.harness.ts","1","0","Energy Audit Hourly Loss Report — Feeder › Validate feeder hourly loss report","0"
"0","revenue-protection","1","Revenue Protection — Cases Detail API","0","0","IND-RPT-002 — Validate pagination — smaller page size (limit 5)","0"
"0","dtrs","0","DTR events","1","0","DTR events — search box text is accepted","0"
"0","consumers","0","Can this meter be given to a consumer?","1","0","Can this meter be given to a consumer? — a different office is still handled safely","0"
"0","revenue-protection","0","Revenue Protection — Aberration Entry By IVRS Edge","0","1","IND-REV-ABE-IVRS-EDGE-002 — GET by IVRS is not registered (Expect Express 404)","0"
"0","revenue-protection","1","Revenue Protection — Cases Detail API","0","0","IND-RPT-001 — Validate GET /indore/revenue-protection/aberrations/detail — default page (JAN 2026)","0"
"0","reports","0","Consumer report","1","0","Consumer report — missing report type still returns the LS grid","0"
"0","revenue-protection","0","Revenue Protection — Aberration Entry By IVRS DB cross-validation","0","1","IND-REV-ABE-IVRS-DB-002 — Unknown IVRS has zero DB rows","0"
"0","utils-lookup","0","UTILS-LOOKUP — Catalog DB cross-validation","0","1","IND-UL-DB-006 — Event classifications COUNT + sample rows match DB","0"
"0","dtrs","0","DTR statistic cards","1","0","Sample statistic cards — status shows Limited when load is capped","0"
"0","reports","0","Consumer report","1","0","Consumer report LS — a page past the last page shows no records","0"
"0","mis-dashboard","0","Events that did not roll over","1","0","Events that did not roll over — by meter type, day by day, DTR meters only","0"
"0","dashboard","0","Dashboard — consumers by connection status","1","0","Consumers by connection status — temporarily disconnected consumers","0"
"0","reports","0","Event restoration report","1","0","Event restoration — page 2 continues serial numbers without duplicates","0"
"0","overall-dashboard","0","Mapped vs unmapped meters","1","0","Mapped vs unmapped meters — the two counts add up to the full fleet","0"
"0","feeder","0","Feeder screens — cannot open without a valid login","1","0","Feeder voltage and current — cannot open without logging in","0"
"0","consumers","0","Power quality","1","0","Power quality — unknown meter is empty or not found","0"
"0","mis-dashboard","0","How many meters we have","1","0","How many meters we have — no dates still opens","0"
"0","consumption","0","Consumption API — Edge","1","0","Yearly pattern — leftover unused filters are ignored","0"
"0","utils-lookup","0","indoore_backend_testing","1","0","UTILS-LOOKUP › utils › lookup-catalog.harness.ts › Payment contracts › payment contracts — ids and names are unique","0"
"0","technical-analysis","0","Technical report","0","1","Technical report — first and last page have no duplicate meters › YNR Earth Loading report — first and last page have no duplicate meters","0"
"0","billing","0","Day-by-day billing list","1","0","Day-by-day billing — a page far past the end of the list is empty","0"
"1","meter-replacement","0","Bulk Validate Meter Replacement API","0","0","Validate POST /indore/meter-replacement/bulk/validate — old and new meter serial must differ","0"
"0","auth","0","Auth Sent Invitations List API","1","0","Validate sent invitations list — status=pending","0"
"0","dashboard","0","Dashboard overview — cannot open without a valid login","1","0","cannot open with an empty login token","0"
"0","dtr-load","0","Transformer load reports","1","0","Transformer load — October 2025 sample row matches the live layout","0"
"0","reports","0","DTR data report","1","0","DTR data — Oct 2025 IP first page shows columns and readings","0"
"0","audit-logs","0","Audit Logs API","1","0","Validate GET /indore/users/audit-logs — default page (createdAt_desc)","0"
"0","mis-dashboard","0","How many events by urgency","1","0","How many events by urgency — consumer meters only","0"
"0","mis-dashboard","0","Other events","1","0","Other events — both is treated as all meters","0"
"0","mis-dashboard","0","How many events by urgency","1","0","How many events by urgency — no dates uses today","0"
"0","consumption","0","CONSUMPTION — Contract Snapshots","1","0","Monthly Net Meter Contract Snapshot","0"
"0","dashboard","0","Dashboard — DTR loading list","1","0","DTR loading list — high-load DTRs","0"
"0","mis-dashboard","0","Current problems","1","0","Current problems — organisation 0 is rejected","0"
"0","reports","0","Consumer report","1","0","Consumer report LS — first page shows columns and intervals","0"
"0","master-data","0","Master data — meter list","1","0","Meter list — a page past the last page shows no records","0"
"0","mis-dashboard","0","How many events by urgency","1","0","How many events by urgency — start date after end date is rejected","0"
"0","hes-commands","0","HES Commands — Meter Samples","1","0","Validate POST /commands/meter-samples — paginated startId","0"
"0","asset-management","1","Asset Management — Production Coverage","0","0","Full module coverage — hierarchies, pagination, counts, cross-API alignment","0"
"0","master-data","0","Master data — can this meter be put on a DTR?","1","0","Can this meter be put on a DTR? — a meter that is already on a consumer is rejected","0"
"0","mis-dashboard","0","Current problems","1","0","Current problems — by meter type, week by week, consumer meters only","0"
"0","dashboard","0","Dashboard — DTR load unbalance list","1","0","DTR load unbalance list — moderately unbalanced DTRs","0"
"0","mis-dashboard","0","How meters are talking","1","0","How meters are talking — live view still opens","0"
"0","utils-lookup","0","indoore_backend_testing","1","0","UTILS-LOOKUP › utils › lookup-catalog.harness.ts › Consumer categories › consumer categories — list shows ids and names","0"
"0","asset-management","0","Asset Management Contract Snapshots","1","0","Organisation Hierarchy","0"
"0","consumers","0","Billing history","1","0","Billing history — blank consumer number is rejected","0"
"0","reports","0","Current without voltage report","1","0","Current without voltage — missing phase falls back to R","0"
"0","dtr-load","0","Transformer load reports","1","0","Transformer load — first page lists how heavily each transformer is loaded","0"
"0","consumers","0","Energy flow chart","1","0","Energy flow chart — sample: daily points","0"
"0","reports","0","Reports — contract snapshots","1","0","DTR event — column and field names stay the same","0"
"0","consumers","0","Consumer profile","1","0","Consumer profile — details open using the meter","0"
"0","mis-dashboard","0","Unusual or invalid requests","1","0","Urgency list — a blank urgency level still shows the comparison","0"
"0","mis-dashboard","0","Current problems","1","0","Current problems — by meter type, week by week, all meters","0"
"0","users-admin","0","User Admin — List","0","1","Validate GET /users/:id — user detail","0"
"0","mis-dashboard","0","What kinds of events happened","1","0","What kinds of events happened — organisation 0 is rejected","0"
"0","auth","0","Auth Session — Negative","1","0","GET /auth/devices — without authentication returns 401","0"
"0","users-profile-image","0","USERS-PROFILE-IMAGE — DB Coverage","0","1","IND-USE-DB-001 — scaffold DB coverage","0"
"0","dtr-load","0","Transformer load reports","1","0","Transformer load — energy-use sample shows a start/end date and a unit","0"
"0","dashboard","0","Dashboard — DTR consumption","1","0","Saved example — hourly null energy buckets (10 Jul 2026)","0"
"0","dtrs","0","DTR profile","1","0","DTR profile — a second transformer still shows a profile","0"
"0","reports","0","Min-max voltage count","1","0","Min-max voltage count — invalid voltageType is rejected","0"
"0","reports","0","Event report","1","0","Event report — fromDate after toDate is rejected","0"
"0","feeder","0","Feeder screens — cannot open without a valid login","1","0","Feeder alerts — cannot open with an expired login token","0"
"0","dashboard","0","Dashboard — response shape","1","0","DTR communication chart — response shape stays the same","0"
"0","consumers","0","Consumer profile","1","0","Consumer profile — details open using the IVRS number","0"
"0","revenue-protection","0","Revenue Protection — Cases Negative","0","1","IND-RPT-NEG-014 — organisationLookupId does not bypass JWT data scope","0"
"0","consumers","0","Event summary","1","0","Event summary — sample: long restore time shown as hours and minutes","0"
"0","dtrs","0","DTR energy over time","1","0","DTR energy over time — a blank transformer code is not allowed","0"
"0","mis-dashboard","0","Voltage problems","1","0","Voltage problems — a blank time range is rejected","0"
"0","overall-dashboard","0","Home dashboard screens — cannot open without a valid login","1","0","Mapped vs unmapped meters — cannot open with an invalid login token","0"
"0","hes-commands","1","HES Commands — Query Meter Job","0","0","Validate GET /commands/query-meter-job/:jobName — known job status","0"
"0","users-profile-image","1","User Profile Image Flow","0","0","Validate profile image upload, save, and delete lifecycle","0"
"0","dashboard","0","Consumers by connection status — cannot open without a valid login","1","0","cannot open with an empty login token","0"
"0","dashboard","0","Dashboard — DTR communication","1","0","Saved example — populated communicating/non-communicating points","0"
"0","meter-replacement","1","Meter Replacement Meter Validation API — Negative & Edge","0","0","Leading and trailing spaces are trimmed for known serial","0"
"0","feeder","0","Feeder — unusual cases","1","0","Feeder daily energy — leftover extra filters still show the same chart","0"
"0","mis-dashboard","0","Meter transaction events","1","0","Meter transaction events — by meter type, month by month, all meters","0"
"0","utils-lookup","0","Utils lookup — contract snapshots","1","0","Consumer search — column and field names stay the same","0"
"0","dashboard","0","Dashboard — consumers by connection status","1","0","Saved example — disconnected with rows (offline)","0"
"0","reports","0","DTR event detail report","1","0","DTR event detail — limit 0 is rejected (limit must be at least 1)","0"
"0","mis-dashboard","0","How many events by urgency","1","0","How many events by urgency — all meters, 1 to 30 Oct 2025","0"
"0","dashboard","0","DTR power on/off list — cannot open without a valid login","1","0","cannot open with an empty login token","0"
"0","technical-analysis","0","Technical summary","1","0","Technical summary — missing year is rejected","0"
"0","dtrs","0","DTR statistic cards","1","0","Sample statistic cards — status shows Under Load","0"
"0","mis-dashboard","0","Urgency level events","1","0","Urgency level 1 events — day by day, consumer meters only","0"
"0","consumption","0","Consumption API — Edge","1","0","Monthly net meter — asking for one consumer at a time still returns a row","0"
"0","overall-dashboard","0","Connect and disconnect by month","1","0","Connect and disconnect by month — leftover extra filters are blocked","0"
"0","mis-dashboard","0","Events that did not roll over","1","0","Events that did not roll over — by meter type, day by day, all meters","0"
"0","meter-replacement","1","METER-REPLACEMENT — Contract Snapshots","0","0","Progress Contract Snapshot","0"
"0","mis-dashboard","0","Voltage problems","1","0","Voltage problems — by meter type, week by week, DTR meters only","0"
"0","mis-dashboard","0","Power problems","1","0","Power problems — by consumer category, month by month, all meters","0"
"0","utils-lookup","0","Utils lookup — contract snapshots","1","0","Event priorities — field names stay the same","0"
"0","mis-dashboard","0","Urgency level events","1","0","Urgency level 3 events — day by day, consumer meters only","0"
"0","mis-dashboard","0","Urgency level events","1","0","Urgency level 4 events — extra unused options are ignored","0"
"0","meter-replacement","0","Meter Replacement Submission History API - Negative","0","1","Injection-like search does not 500","0"
"0","billing","0","Day-by-day billing list","1","0","Day-by-day billing — asking for one meter at a time still returns a row","0"
"0","mis-dashboard","0","Events that did not roll over","1","0","Events that did not roll over — by consumer category, hour by hour, all meters","0"
"0","mis-dashboard","0","Urgency level events","1","0","Urgency level 1 events — consumers is treated as consumer meters","0"
"0","mis-dashboard","0","Event summary","1","0","Event summary — by consumer category, week by week, all meters","0"
"0","master-data","0","Master data — meter communication","1","0","Meter communication — communicating filter shows only communicating meters","0"
"0","dtr-load","0","Transformer size list","1","0","Transformer sizes — October 2025 sample matches the live layout","0"
"1","meter-replacement","0","Bulk Validate Meter Replacement API","0","0","Validate POST /indore/meter-replacement/bulk/validate — duplicate old meter serial within file","0"
"0","mis-dashboard","0","Voltage problems","1","0","Voltage problems — by consumer category, hour by hour, consumer meters only","0"
"0","billing","0","Monthly billing list","1","0","Monthly billing — month 13 is rejected (month must be January to December)","0"
"0","dtrs","0","DTR feeders","1","0","Sample feeders — feeder number can be a plain id","0"
"0","mis-dashboard","0","Urgency level 6 events","0","1","Urgency level 6 events — month by month","0"
"0","reports","0","Current without voltage report","1","0","Current without voltage — unknown query params are ignored","0"
"0","consumption","0","Monthly consumption list","1","0","Monthly consumption — first page lists each consumer (energy may be empty)","0"
"0","asset-management","0","Asset Management — Auth Negative","1","0","GET /asset-management/dtr/:id — without auth returns 401","0"
"0","hes-commands","1","HES Commands — Search Meters","0","0","Validate POST /commands/search-meters — paginated itemStart","0"
"0","mis-dashboard","0","Voltage problems","1","0","Voltage problems — by consumer category, month by month, DTR meters only","0"
"0","commericial-analysis","0","Load Factor report","1","0","Load Factor LF > 100% — non-household filter shows the same list (filter is not applied)","0"
"0","dashboard","0","DTR power on/off list — cannot open without a valid login","1","0","cannot open with an expired login token","0"
"0","mis-dashboard","0","Event summary","1","0","Event summary — network 0 is rejected","0"
"0","mis-dashboard","0","Power problems","1","0","Power problems — both is treated as all meters","0"
"0","notifications","0","NOTIFICATIONS — Contract Snapshots","1","0","Notifications List Contract Snapshot","0"
"0","reports","0","Min-max voltage report","1","0","Min-max voltage — Oct 2025 max Y first page shows columns and meters","0"
"0","mis-dashboard","0","Urgency level events","1","0","Urgency level 6 events — network 0 is rejected","0"
"0","revenue-protection","1","Revenue Protection — Aberration Entry API","0","0","IND-REV-ABE-ENTRY-001 — Fetch Aberration Entry using month + year","0"
"0","dashboard","0","Dashboard — DTR load unbalance","1","0","Saved example — mixed Severe/Moderate/Balanced distribution","0"
"0","mis-dashboard","0","Event summary","1","0","Event summary — by consumer category, month by month, all meters","0"
"0","billing","0","Monthly billing list","1","0","Monthly billing — leaving out the year is rejected","0"
"0","technical-analysis","0","Technical report","0","1","Technical report — page size zero is rejected","0"
"0","consumers","0","Nearby accounts","1","0","Nearby accounts — list size cannot be zero","0"
"0","revenue-protection","0","Revenue Protection — Aberration Entry Negative","1","0","IND-REV-ABE-EEN-NEG-001 — Invalid month","0"
"0","mis-dashboard","0","Event summary","1","0","Event summary — a blank grouping is rejected","0"
"0","energy-audits","0","ENERGY-AUDITS — Contract Snapshots","1","0","Loss Analysis Stats Contract Snapshot","0"
"0","feeder","0","Feeder — unusual cases","1","0","Feeder alerts — a page far past the last event is empty","0"
"0","utils-lookup","0","Utils lookup — contract snapshots","1","0","Events — field names stay the same","0"
"0","users-admin","0","USERS-ADMIN — DB Coverage","0","1","IND-USE-DB-001 — scaffold DB coverage","0"
"0","mis-dashboard","0","Urgency today versus yesterday","1","0","Urgency today versus yesterday — consumers is treated as consumer meters","0"
"0","dtrs","0","DTR energy over time","1","0","Sample chart — 1 Sept and 2 Sept each appear only once","0"
"0","mis-dashboard","0","Urgency level events","1","0","Urgency level 6 events — week by week, all meters","0"
"0","technical-analysis","0","Technical report","0","1","Technical report — first and last page have no duplicate meters › Current Unbalance report — first and last page have no duplicate meters","0"
"0","mis-dashboard","0","Saved screen shape","1","0","How meters are talking — saved screen shape","0"
"0","technical-analysis","0","Technical report","0","1","YNR Magnet Event report — empty list is valid","0"
"0","dashboard","0","Dashboard — DTR consumption list","1","0","Saved example — apparent energy (kVAh) with rows (total 1134)","0"
"0","dashboard","0","Dashboard — response shape","1","0","DTR loading list — response shape stays the same","0"
"0","dashboard","0","Dashboard — consumers by meter phase","1","0","Consumers by meter phase — three-phase CT meters","0"
"0","users-profile-image","0","User Profile Image — Negative","1","0","PATCH /users/me/profile-image — invalid profileImageUrl returns 400","0"
"0","consumers","0","Consumption chart","1","0","Consumption chart — weekly view","0"
"0","mis-dashboard","0","Talking vs not talking overview","1","0","Talking vs not talking overview — a negative organisation is rejected","0"
"0","dtrs","0","DTR profile","1","0","DTR profile — a blank transformer code is not allowed","0"
"0","billing","0","Day-by-day billing list","1","0","Day-by-day billing — year 0 is rejected","0"
"0","dtr-load","0","Transformer size list","1","0","Transformer sizes — October 2025 lists each size once, smallest first","0"
"0","meter-replacement","1","Meter Replacement Meter Validation API","0","0","Validate Meter Replacement Meter Validation API","0"
"0","mis-dashboard","0","Other events","1","0","Other events — a missing grouping is rejected","0"
"0","energy-audits","0","network-trends.harness.ts","1","0","Validate billing network trends","0"
"0","consumption","0","Consumption API — Edge","1","0","Pattern comparison — leftover unused filters are ignored","0"
"0","mis-dashboard","0","Daily talking chart","1","0","Daily talking chart — from-date and to-date still work","0"
"0","mis-dashboard","0","Voltage problems","1","0","Voltage problems — an invalid time range is rejected","0"
"0","overall-dashboard","0","Home dashboard","1","0","Home dashboard — saved example still matches (offline)","0"
"0","dashboard","0","Dashboard — DTR loading list","1","0","DTR loading list — under-utilized DTRs","0"
"0","reports","0","Event report","1","0","Event report — missing toDate is rejected","0"
"0","mis-dashboard","0","How meters are talking","1","0","How meters are talking — a negative organisation is rejected","0"
"0","master-data","0","Master data — feeder list","1","0","Feeder list — a page past the last page shows no records","0"
"0","reports","0","Current without voltage report","1","0","Current without voltage — Oct 2025 phase B first page shows columns and readings","0"
"0","dashboard","0","DTR voltage unbalance list — cannot open without a valid login","1","0","cannot open with an empty login token","0"
"0","utils-lookup","0","indoore_backend_testing","1","0","UTILS-LOOKUP › utils › lookup-catalog.harness.ts › Network search › Network search — a negative limit is rejected","0"
"0","consumers","0","Consumption chart","1","0","Consumption chart — sample: daily usage","0"
"0","dtrs","0","DTR feeders","1","0","DTR feeders — extra filters that nobody uses are ignored","0"
"0","consumption","0","Consumption API — Edge","1","0","Monthly consumption — page 2 continues without repeating a meter","0"
"0","reports","0","Billing MD snapshot report","1","0","Billing MD snapshot — a far page is empty or still consistent","0"
"0","overall-dashboard","0","Home dashboard screens — cannot open without a valid login","1","0","Mapped vs unmapped meters — cannot open with an empty login token","0"
"0","mis-dashboard","0","Meter transaction events","1","0","Meter transaction events — dtrs is treated as DTR meters","0"
"0","dashboard","0","Dashboard — response shape","1","0","DTR voltage unbalance — response shape stays the same","0"
"0","consumers","0","Consumers — screen shape checks","1","0","Consumer profile — screen shape is unchanged","0"
"0","reports","0","Consumer report","1","0","Consumer report — invalid report type still returns the LS grid","0"
"0","hes-commands","0","HES Commands — History","1","0","Validate GET /commands/history — last page row count","0"
"0","hes-commands","0","HES Commands — Meter Location","1","0","Validate POST /commands/meter-location — invalid latitude returns error","0"
"0","consumers","0","Can this meter be given to a consumer?","0","1","Can this meter be given to a consumer? — switched-off meter is rejected","0"
"0","master-data","0","Master data — column names in the response","1","0","Meter list — column names in the response stay the same","0"
"0","dashboard","0","Dashboard — DTR consumption list","1","0","Saved example — apparent energy (kVAh) empty page","0"
"0","mis-dashboard","0","Power problems","1","0","Power problems — by meter type, day by day, all meters","0"
"0","mis-dashboard","0","Power problems","1","0","Power problems — by consumer category, month by month, consumer meters only","0"
"0","feeder","0","Feeder — unusual cases","1","0","Feeder voltage and current — leftover extra filters still show the same page","0"
"0","mis-dashboard","0","How meters are talking","1","0","How meters are talking — a bad date is rejected","0"
"0","mis-dashboard","0","Urgency level events","1","0","Urgency level 5 events — an invalid time range is rejected","0"
"0","mis-dashboard","0","Other events","1","0","Other events — consumer and DTR stay within all meters","0"
"0","reports","0","Billing MD snapshot report","1","0","Billing MD snapshot — Oct 2025 first page shows columns and meters","0"
"0","dashboard","0","Dashboard — DTR power on/off","1","0","Saved example — monthly populated on/off buckets (10 Jul 2026)","0"
"0","dashboard","0","Dashboard — overview numbers","1","0","Saved example — connection status buckets sum to ~100% (live 13 Aug 2026)","0"
"0","billing","0","Monthly billing list","1","0","Monthly billing — a meter with no consumer name, zero PF, or a placeholder MD date is still valid","0"
"0","meter-replacement","1","Meter Replacement Progress API — Negative & Edge","0","0","Injection-like query params do not break progress","0"
"0","commericial-analysis","0","Maximum Demand report","1","0","MD > CD Last Three Month — household connections: meter count matches the total","0"
"0","dashboard","0","Dashboard — DTR consumption list","1","0","DTR consumption list — reactive energy (kVArh)","0"
"0","dashboard","0","Dashboard — consumers by category","1","0","Saved example — Residential empty page (offline)","0"
"0","consumers","0","Live load","1","0","Live load — opens using the account number","0"
"0","reports","0","Communication DTRs report","1","0","Communication DTRs — invalid period type is rejected","0"
"0","reports","0","Event report","1","0","Event report — limit 0 is rejected (limit must be at least 1)","0"
"0","dashboard","0","Dashboard — DTR consumption list","1","0","Saved example — reactive energy (kVArh) with rows (total 1134)","0"
"0","reports","0","Bill status report","1","0","Bill status — missing month is rejected","0"
"0","consumers","0","Event list","1","0","Event list — events for the consumer","0"
"0","mis-dashboard","0","Talking meters by category","1","0","Talking meters by category — organisation 0 is rejected","0"
"0","commericial-analysis","0","Load Factor report","1","0","Load Factor less than 5% for last 6 months — billing data is not ready yet","0"
"0","mis-dashboard","0","What kinds of events happened","1","0","What kinds of events happened — by meter type, consumer meters only","0"
"0","reports","0","Bill status report","1","0","Bill status — a far page still returns the summary","0"
"0","dashboard","0","DTR communication list — cannot open without a valid login","1","0","cannot open with an invalid login token","0"
"0","utils-lookup","0","Utils lookup — contract snapshots","1","0","Connection statuses — field names stay the same","0"
"0","dtrs","0","DTR power now","1","0","Sample power now — zeros when there is no live reading","0"
"0","reports","0","DTR communication report","1","0","DTR communication — a far page still returns a valid table","0"
"0","technical-analysis","0","Technical report","0","1","Technical report — non-household filter shows non-household meters","0"
"0","commericial-analysis","0","Consumption Compare report","1","0","Abnormal High — non-household: billing data is not ready yet","0"
"0","mis-dashboard","0","Meter transaction events","1","0","Meter transaction events — a blank time range is rejected","0"
"0","dashboard","0","Dashboard — response shape","1","0","Dashboard overview — response shape stays the same","0"
"0","dashboard","0","Dashboard — DTR load unbalance list","1","0","Saved example — moderate page with id + band label (Aug 2026)","0"
"0","commericial-analysis","0","Commercial Analysis — extra report checks","1","0","Consumption Pattern — zero consumption for last 6 months: billing data is not ready yet","0"
"0","revenue-protection","0","Revenue Protection — ATR Zone API","1","0","IND-RPT-ATZ-003 — Validate pagination — page 2 (limit 5)","0"
"0","reports","0","Event report","1","0","Event report — empty page fixture","0"
"0","mis-dashboard","0","How many events by urgency","1","0","How many events by urgency — day-month-year date is rejected","0"
"0","mis-dashboard","0","Urgency level events","1","0","Urgency level 4 events — hour by hour, consumer meters only","0"
"0","mis-dashboard","0","Voltage problems","1","0","Voltage problems — by meter type, hour by hour, DTR meters only","0"
"0","commericial-analysis","0","Commercial Analysis — cannot open reports without a valid login","1","0","Consumption Compare — cannot open the report without logging in","0"
"0","dashboard","0","DTR load unbalance — cannot open without a valid login","1","0","cannot open with an empty login token","0"
"0","dashboard","0","Dashboard — consumers by meter make","1","0","Saved example — Linkwell with rows (offline)","0"
"0","consumers","0","Event list","1","0","Event list — sample: resolved and pending events","0"
"0","reports","0","Bill status report","1","0","Bill status — showing 1 per page still returns the summary","0"
"0","dashboard","0","Dashboard — DTR voltage unbalance","1","0","DTR voltage unbalance — chart opens with Severe / Moderate / Balanced counts","0"
"0","technical-analysis","0","Technical report","0","1","Technical report — first and last page have no duplicate meters › Cover Open report — first and last page have no duplicate meters","0"
"0","reports","0","Event detail report","1","0","Event detail — invalid toDate is rejected","0"
"0","dtrs","0","DTR feeders","1","0","Sample feeders — none yet is allowed","0"
"0","users-admin","1","User Admin — List","0","0","Validate GET /users — user catalog","0"
"0","revenue-protection","0","Revenue Protection — Aberration Entry By IVRS Negative","0","1","IND-REV-ABE-IVRS-NEG-003 — Empty required field-officer name","0"
"0","mis-dashboard","0","How many meters we have","1","0","How many meters we have — missing end date still opens","0"
"0","audit-logs","0","Audit Log Export API","0","1","Validate Audit Log Export DESC API","0"
"0","consumers","0","Energy flow chart","1","0","Energy flow chart — daily view for the consumer","0"
"0","consumers","0","Nearby accounts","1","0","Nearby accounts — default list shows up to 10 accounts","0"
"0","mis-dashboard","0","Event summary","1","0","Event summary — by consumer category, day by day, consumer meters only","0"
"0","revenue-protection","1","Revenue Protection — Aberrations Edge","0","0","Page far beyond total returns empty rows with consistent pagination","0"
"0","commericial-analysis","0","Load Factor report","1","0","Load Factor LF < 5% — non-household filter shows the same list (filter is not applied)","0"
"0","mis-dashboard","0","Meter transaction events","1","0","Meter transaction events — by meter type, day by day, DTR meters only","0"
"0","consumers","0","Event list","1","0","Event list — unknown meter is empty or not found","0"
"0","meter-replacement","1","Meter Replacement Progress API — Auth Negative","0","0","Invalid Bearer token returns 401","0"
"0","mis-dashboard","0","Voltage problems","1","0","Voltage problems — by consumer category, week by week, all meters","0"
"0","dashboard","0","Dashboard — DTR consumption list","1","0","DTR consumption list — extra unused filters are ignored","0"
"0","commericial-analysis","0","Load Factor report","1","0","Load Factor LF < 5% Last Three month — report opens and values follow the rule","0"
"0","commericial-analysis","0","Commercial Analysis — extra report checks","1","0","Load Factor — report still opens when the rule is not selected (uses default)","0"
"0","mis-dashboard","0","How many meters we have","1","0","How many meters we have — unknown meter kind is treated as all","0"
"0","feeder","0","Feeder — saved field lists","1","0","Feeder alerts — the field list still matches what we saved","0"
"0","dtrs","0","DTR power now","1","0","DTR power now — unknown transformer is not shown","0"
"0","commericial-analysis","0","Commercial Analysis — extra report checks","1","0","Maximum Demand — report still opens when the report type is not selected (uses default)","0"
"0","meter-replacement","1","METER-REPLACEMENT — Contract Snapshots","0","0","Meter Validation Contract Snapshot","0"
"0","technical-analysis","0","Technical report","0","1","Technical report — first and last page have no duplicate meters › YNR Low Power Factor report — first and last page have no duplicate meters","0"
"0","mis-dashboard","0","Saved screen shape","1","0","Urgency level 5 events — saved screen shape","0"
"0","master-data","0","Master data — DTR list","1","0","DTR list — a page past the last page shows no records","0"
"0","mis-dashboard","0","How meters are talking","1","0","How meters are talking — network 0 is rejected","0"
"0","master-data","0","Master data — meter list","1","0","Meter list — page 2 shows the next set of records","0"
"0","revenue-protection","0","Revenue Protection — Cases Negative","0","1","IND-RPT-NEG-004 — SQL injection in month filter","0"
"0","mis-dashboard","0","Urgency level 3 events","0","1","Urgency level 3 events — week by week","0"
"0","mis-dashboard","0","Other events","1","0","Other events — network 0 is rejected","0"
"0","dashboard","0","Dashboard — DTR communication","1","0","Saved example — hourly null communicating/non-communicating buckets (10 Jul 2026)","0"
"0","overall-dashboard","0","DTR talking to the system","1","0","DTR talking to the system — communicating vs not, by day","0"
"0","revenue-protection","0","Revenue Protection — Aberration Entry Negative","1","0","IND-REV-ABE-ENTRY-NEG-005 — Page beyond available data","0"
"0","mis-dashboard","0","Urgency level events","1","0","Urgency level 3 events — consumers is treated as consumer meters","0"
"0","mis-dashboard","0","Talking vs not talking overview","1","0","Talking vs not talking overview — blank dates are treated as missing","0"
"0","mis-dashboard","0","Events that did not roll over","1","0","Events that did not roll over — network 0 is rejected","0"
"0","mis-dashboard","0","How meters are talking","1","0","How meters are talking — consumers is treated as consumer meters","0"
"0","hes-commands","0","HES Commands — Demand Config (E2E)","1","0","Validate POST /commands/demand-config → query-meter-job — demand_integration_period_get E2E","0"
"0","dtrs","0","DTR events","1","0","DTR events — page zero is not allowed","0"
"0","auth","0","AUTH — Contract Snapshots","1","0","Auth Devices Contract Snapshot","0"
"0","reports","0","Communication DTRs report","1","0","Communication DTRs — showing 1 per page returns at most 1 record","0"
"0","mis-dashboard","0","Other events","1","0","Other events — by meter type, week by week, consumer meters only","0"
"0","mis-dashboard","0","Urgency level events","1","0","Urgency level 5 events — network 0 is rejected","0"
"0","mis-dashboard","0","Urgency level events","1","0","Urgency level 2 events — consumer and DTR stay within all meters","0"
"0","reports","0","Min-max voltage report","1","0","Min-max voltage — limit 0 is rejected (limit must be at least 1)","0"
"0","mis-dashboard","0","Meter transaction events","1","0","Meter transaction events — an invalid grouping is rejected","0"
"0","billing","0","Day-by-day billing list","1","0","Day-by-day billing — leftover unused filters are ignored","0"
"0","feeder","0","Feeder — mistakes that should be blocked","1","0","Feeder daily energy — an unknown time grouping is not allowed","0"
"0","mis-dashboard","0","Urgency level events","1","0","Urgency level 3 events — month by month, consumer meters only","0"
"0","master-data","0","Master data — meter communication","1","0","Meter communication — an unknown filter is rejected","0"
"0","feeder","0","Feeder voltage and current","1","0","Feeder voltage and current — red, yellow, and blue phases (blank is OK if no meter)","0"
"0","dtrs","0","DTR energy over time","1","0","Sample chart — years with no energy yet, each year listed once","0"
"0","dashboard","0","Dashboard — DTR consumption list","1","0","Saved example — active energy (kWh) empty page","0"
"0","meter-replacement","1","Meter Replacement Consumer Detail API — Negative & Edge","0","0","Invalid consumer ids return validation error","0"
"0","mis-dashboard","0","Urgency level events","1","0","Urgency level 1 events — month by month, all meters","0"
"0","dashboard","0","Consumers by connection status — cannot open without a valid login","1","0","cannot open with an expired login token","0"
"0","reports","0","DTR data report","1","0","DTR data — LS fixture (1–30 Oct 2025)","0"
"0","reports","0","DTR communication report","1","0","DTR communication — 1–30 Oct 2025 first page shows columns and meters","0"
"0","consumption","0","Pattern yearly list","1","0","Yearly pattern — first page lists each consumer (month energy may be empty)","0"
"0","consumers","0","Consumption chart","1","0","Consumption chart — unknown consumer is not found","0"
"0","dashboard","0","Dashboard — numbers vs database","0","1","Dashboard overview numbers match the database","0"
"0","dtrs","0","DTR events","1","0","DTR events — a blank transformer code is not allowed","0"
"0","mis-dashboard","0","Daily talking chart","1","0","Daily talking chart — missing start date uses the end date","0"
"0","reports","0","Min-max voltage report","1","0","Min-max voltage — a page past the last page shows no records","0"
"0","dashboard","0","DTR voltage unbalance — cannot open without a valid login","1","0","cannot open without logging in","0"
"0","mis-dashboard","0","Daily talking chart","1","0","Daily talking chart — organisation 0 is rejected","0"
"0","reports","0","Bill status report","1","0","Bill status — zero summary fixture","0"
"0","revenue-protection","0","Revenue Protection — Aberration Entry Negative","1","0","IND-REV-ABE-EEN-NEG-002 — Invalid year","0"
"0","commericial-analysis","0","Consumption Pattern report","1","0","Consumption Pattern — Zero Consumption More than 12 months (non-household): billing data is not ready yet","0"
"0","mis-dashboard","0","How many events by urgency","1","0","How many events by urgency — network 0 is rejected","0"
"0","utils-lookup","0","indoore_backend_testing","1","0","UTILS-LOOKUP › utils › lookup-catalog.harness.ts › Consumer search › Consumer search — page 2 shows the next set of records","0"
"0","reports","0","DTR event detail report","1","0","DTR event detail — showing 1 per page returns at most 1 record","0"
"0","mis-dashboard","0","Current problems","1","0","Current problems — by consumer category, month by month, all meters","0"
"0","master-data","0","Master data — consumer list","1","0","Consumer list — page 2 shows the next set of records","0"
"0","mis-dashboard","0","Current problems","1","0","Current problems — by consumer category, week by week, DTR meters only","0"
"0","mis-dashboard","0","Event summary","1","0","Event summary — by meter type, month by month, DTR meters only","0"
"0","mis-dashboard","0","Urgency level events","1","0","Urgency level 3 events — hour by hour, consumer meters only","0"
"0","commericial-analysis","0","Maximum Demand report","1","0","MD > CD Last Three Month — non-household connections: meter count matches the total","0"
"0","mis-dashboard","0","What kinds of events happened","1","0","What kinds of events happened — by consumer category, consumers is treated as consumer meters","0"
"0","dtr-load","0","Transformer load reports","1","0","Transformer load — a page far past the end of the list is empty","0"
"0","consumers","0","Meter communication","1","0","Meter communication — blank consumer number is rejected","0"
"0","revenue-protection","0","Revenue Protection — Aberration Entry EENLTMT API","0","1","IND-REV-ABE-EEN-005 — Fetch EENLTMT Aberration Entry pagination (limit 5)","0"
"0","feeder","0","Feeder screens — cannot open without a valid login","1","0","Feeder voltage and current — cannot open with an invalid login token","0"
"0","utils-lookup","0","Utils lookup — contract snapshots","1","0","Device manufacturers — field names stay the same","0"
"0","utils-lookup","0","UTILS-LOOKUP — Catalog DB cross-validation","0","1","IND-UL-DB-009 — Organisation hierarchy COUNT + sample rows match DB","0"
"0","mis-dashboard","0","Event summary","1","0","Event summary — a missing grouping is rejected","0"
"0","reports","0","Reports — contract snapshots","1","0","Communication DTRs — column and field names stay the same","0"
"0","mis-dashboard","0","How meters are talking","1","0","How meters are talking — day-month-year date is rejected","0"
"0","revenue-protection","0","Revenue Protection — Aberration Entry API","0","1","IND-REV-ABE-ENTRY-002 — Fetch Aberration Entry using only year","0"
"0","dashboard","0","Dashboard — DTR consumption","1","0","Saved example — daily null energy buckets (10 Jul 2026)","0"
"0","consumers","0","Nearby accounts","1","0","Nearby accounts — list size can be limited","0"
"0","mis-dashboard","0","Meter transaction events","1","0","Meter transaction events — by consumer category, month by month, consumer meters only","0"
"0","utils-lookup","0","UTILS-LOOKUP — Catalog DB cross-validation","0","1","IND-UL-DB-007 — Event priorities COUNT + each priority exists in DB","0"
"0","asset-management","0","Asset Management — Data Scope Coverage","1","0","Scoped roles see subset of admin hierarchy and DTR counts","0"
"0","mis-dashboard","0","What kinds of events happened","1","0","What kinds of events happened — by consumer category, DTR meters only","0"
"0","mis-dashboard","0","Saved screen shape","1","0","Power problems — saved screen shape","0"
"0","consumers","0","Consumption chart","1","0","Consumption chart — daily usage for the consumer","0"
"0","mis-dashboard","0","Meter transaction events","1","0","Meter transaction events — organisation 0 is rejected","0"
"0","mis-dashboard","0","Urgency level events","1","0","Urgency level 1 events — week by week, DTR meters only","0"
"0","reports","0","Min-max voltage report","1","0","Min-max voltage — page 0 is rejected (page must start at 1)","0"
"0","mis-dashboard","0","Power problems","1","0","Power problems — by meter type, month by month, all meters","0"
"0","revenue-protection","0","Revenue Protection — Aberration Entry By IVRS Contract Snapshot","1","0","IND-RPT-ABE-IVRS-CONTRACT-001 — By-IVRS PATCH success response keys contract","0"
"0","mis-dashboard","0","Urgency level events","1","0","Urgency level 1 events — a missing time range falls back to day by day","0"
"0","dtrs","0","DTR energy over time","1","0","Sample chart — months with no energy yet, each month listed once","0"
"0","mis-dashboard","0","Talking vs not talking overview","1","0","Talking vs not talking overview — missing end date uses the start date","0"
"0","mis-dashboard","0","Events that did not roll over","1","0","Events that did not roll over — by consumer category, month by month, DTR meters only","0"
"0","mis-dashboard","0","Urgency level events","1","0","Urgency level 2 events — day by day, consumer meters only","0"
"0","reports","0","Event report","1","0","Event report — a page past the last page shows no records","0"
"0","hes-commands","0","HES Commands — Meter Location","1","0","Validate POST /commands/meter-location — unknown node returns error","0"
"0","feeder","0","Feeder profile","1","0","Feeder profile — name, status, parent DTR, and overview cards load","0"
"0","consumption","0","CONSUMPTION — Contract Snapshots","1","0","Pattern Consumption Last Three Contract Snapshot","0"
"0","mis-dashboard","0","Urgency level events","1","0","Urgency level 1 events — organisation 0 is rejected","0"
"0","consumers","0","Consumers — screen shape checks","1","0","Event summary — screen shape is unchanged","0"
"0","overall-dashboard","0","Home dashboard","1","0","Home dashboard — charts and pie charts load","0"
"0","mis-dashboard","0","Talking vs not talking overview","1","0","Talking vs not talking overview — start date after end date is rejected","0"
"0","commericial-analysis","0","Power Factor Violation report","1","0","Power Factor Violation — household plus non-household meters add up to the full total","0"
"0","mis-dashboard","0","Event summary","1","0","Event summary — by meter type, week by week, DTR meters only","0"
"0","billing","0","Day-by-day billing list","1","0","Day-by-day billing — searching by a meter number returns only that meter","0"
"0","hes-commands","0","HES Commands — Payment (E2E)","1","0","Validate POST /commands/payment → query-meter-job — last_token_recharge_amount_get E2E","0"
"0","utils-lookup","0","Utils lookup — contract snapshots","1","0","Payment contracts — field names stay the same","0"
"0","reports","0","Consumer report","1","0","Consumer report — fromDate after toDate is rejected","0"
"0","dashboard","0","Dashboard — response shape","1","0","DTR summary cards — response shape stays the same","0"
"0","dtrs","0","DTR events","1","0","DTR events — page two of the list","0"
"0","commericial-analysis","0","Consumption Compare report","1","0","Abnormal High — household: billing data is not ready yet","0"
"0","reports","0","Reports — contract snapshots","1","0","Billing MD snapshot — column and field names stay the same","0"
"0","utils-lookup","0","indoore_backend_testing","1","0","UTILS-LOOKUP › utils › lookup-catalog.harness.ts › Device manufacturers › device manufacturers — ids and names are unique","0"
"0","mis-dashboard","0","Urgency level events","1","0","Urgency level 3 events — week by week, all meters","0"
"0","revenue-protection","0","Revenue Protection — Aberrations Negative","0","1","Missing month returns empty success grid (not 4xx)","0"
"0","mis-dashboard","0","Other events","1","0","Other events — a blank time range is rejected","0"
"0","revenue-protection","0","Revenue Protection — Aberration Entry EENLTMT Auth Negative","1","0","IND-REV-ABE-EEN-AUTH-003 — Unsupported HTTP method","0"
"0","mis-dashboard","0","How meters are talking","1","0","How meters are talking — both is treated as all meters","0"
"0","dtrs","0","DTR loading gauge","1","0","DTR loading gauge — a blank transformer code is not allowed","0"
"0","dashboard","0","Dashboard — DTR summary cards","1","0","DTR summary cards — extra unused filters are ignored","0"
"0","hes-commands","0","HES Commands — History","1","0","Validate GET /commands/history — page 1 default pagination","0"
"0","technical-analysis","0","Technical report","0","1","YNR CT Bypass report — first page shows columns and meters","0"
"0","commericial-analysis","0","Consumption Compare report","1","0","Consumption Compare (Last Month) — household and non-household lists are the same (connection type filter is not applied)","0"
"0","reports","0","Communication DTRs report","1","0","Communication DTRs — empty page fixture","0"
"0","hes-commands","0","HES Commands — Meter Alarms","1","0","Validate POST /commands/meter-alarms — paginated startId","0"
"0","master-data","0","Master data — substation list","1","0","Substation list — an empty search shows the full list","0"
"0","meter-replacement","1","Meter Replacement Submission Detail API — Negative & Edge","0","0","Valid submission returns success envelope","0"
"0","master-data","0","Master data — column names in the response","1","0","Master data change history — column names in the response stay the same","0"
"0","mis-dashboard","0","Urgency level events","1","0","Urgency level 4 events — month by month, consumer meters only","0"
"0","consumers","0","Consumer profile","1","0","Consumer profile — details open with no extra filters","0"
"0","mis-dashboard","0","How many events by urgency","1","0","How many events by urgency — from-date and to-date still work","0"
"0","billing","0","Day-by-day billing list","1","0","Day-by-day billing — October 2025 first page lists each day's reading","0"
"0","mis-dashboard","0","How many events by urgency","1","0","How many events by urgency — both is treated as all meters","0"
"0","mis-dashboard","0","How meters are talking","1","0","How meters are talking — consumer meters only","0"
"0","consumption","0","Consumption API — Edge","1","0","Hourly consumption — asking for one row at a time still stays within the limit","0"
"0","reports","0","Reports — contract snapshots","1","0","Bill status — column and field names stay the same","0"
"0","dtrs","0","DTR statistic cards","1","0","DTR statistic cards — a blank transformer code is not allowed","0"
"0","mis-dashboard","0","Event summary","1","0","Event summary — by meter type, week by week, all meters","0"
"0","dtrs","0","DTR power now","1","0","Sample power now — reactive power from kW and kVA","0"
"0","reports","0","DTR data report","1","0","DTR data — page 0 is rejected (page must start at 1)","0"
"0","commericial-analysis","0","Commercial Analysis — extra report checks","1","0","Load Factor less than 5% for last 6 months — billing data is not ready yet","0"
"0","overall-dashboard","0","Home dashboard screens — cannot open without a valid login","1","0","Mapped vs unmapped meters — cannot open without logging in","0"
"0","commericial-analysis","0","Commercial Analysis — invalid filters are rejected","1","0","Consumption Compare — month 13 is rejected (month must be 1 to 12)","0"
"0","mis-dashboard","0","How many events by urgency","1","0","How many events by urgency — one day only still opens","0"
"0","mis-dashboard","0","How meters are talking","1","0","How meters are talking — organisation 0 is rejected","0"
"0","hes-commands","0","HES Commands — History","1","0","Validate GET /commands/history — commandType filter","0"
"0","technical-analysis","0","Technical report","0","1","Technical report — a smaller page size shows fewer records","0"
"0","mis-dashboard","0","Talking vs not talking overview","1","0","Talking vs not talking overview — no dates uses today","0"
"0","mis-dashboard","0","Event summary","1","0","Event summary — by consumer category, hour by hour, all meters","0"
"0","billing","0","Day-by-day billing list","1","0","Day-by-day billing — page numbering must start at 1","0"
"0","mis-dashboard","0","Current problems","1","0","Current problems — by meter type, month by month, DTR meters only","0"
"0","mis-dashboard","0","Urgency level events","1","0","Urgency level 4 events — hour by hour, DTR meters only","0"
"0","master-data","0","Master data — substation list","1","0","Substation list — a page past the last page shows no records","0"
"0","mis-dashboard","0","Urgency level 2 events","0","1","Urgency level 2 events — month by month","0"
"0","master-data","0","Master data — change history","1","0","Master data change history — oldest changes appear first","0"
"0","billing","0","Billing — column names stay stable","1","0","Monthly billing — column headings and field names stay the same","0"
"0","dashboard","0","Dashboard — DTR voltage unbalance","1","0","DTR voltage unbalance — extra unused filters are ignored","0"
"0","dtrs","0","DTR feeders","1","0","Sample feeders — last communication can be empty","0"
"0","mis-dashboard","0","How many events by urgency","1","0","How many events by urgency — a negative organisation is rejected","0"
"0","reports","0","Min-max voltage report","1","0","Min-max voltage — Oct 2025 max B first page shows columns and meters","0"
"0","mis-dashboard","0","Daily talking chart","1","0","Daily talking chart — live view still opens","0"
"0","dashboard","0","Dashboard — DTR loading list","1","0","Saved example — under-utilized DTRs with rows","0"
"0","consumers","0","Power quality","1","0","Power quality — extra unused options are ignored","0"
"0","dtrs","0","DTR statistic cards","1","0","Sample statistic cards — up/down percent vs last period","0"
"0","revenue-protection","0","Revenue Protection — Aberrations Auth Negative","0","1","Aberrations rejects disallowed HTTP methods","0"
"0","commericial-analysis","0","Commercial Analysis — invalid filters are rejected","1","0","Dashboard — month 0 is rejected (month must be 1 to 12)","0"
"0","mis-dashboard","0","Event summary","1","0","Event summary — by consumer category, month by month, DTR meters only","0"
"0","users-admin","0","User Admin — Negative","1","0","GET /users/:id — unknown user returns 404","0"
"0","hes-commands","0","HES Commands — Meter Lookup","1","0","Validate GET /commands/meters/:serial — in-scope active meter","0"
"0","mis-dashboard","0","Voltage problems","1","0","Voltage problems — by consumer category, day by day, DTR meters only","0"
"0","meter-replacement","0","Meter Replacement Meter Validation API — Auth Negative","1","0","Disallowed HTTP methods are rejected","0"
"0","dashboard","0","DTR load unbalance — cannot open without a valid login","1","0","cannot open without logging in","0"
"0","reports","0","DTR data report","1","0","DTR data — Oct 2025 LS first page shows columns and readings","0"
"0","dtrs","0","DTR database checks","0","1","DTR profile in the API matches the database, and feeder count lines up","0"
"0","meter-replacement","0","Meter Replacement Progress API — Auth Negative","1","0","Missing Authorization returns 401","0"
"0","commericial-analysis","0","Commercial Analysis — invalid filters are rejected","1","0","Dashboard — month 13 is rejected (month must be 1 to 12)","0"
"0","revenue-protection","0","Revenue Protection — Cases Auth Negative","0","1","IND-RPT-NEG-012 — Cases rejects invalid bearer token","0"
"0","consumers","0","Consumption chart","1","0","Consumption chart — invalid time range is rejected","0"
"0","dashboard","0","Dashboard — DTR load unbalance list","1","0","Saved example — severe page with hierarchy row","0"
"0","consumers","0","Billing history","1","0","Billing history — unknown meter is empty or not found","0"
"0","utils-lookup","0","Utils lookup — contract snapshots","1","0","Meter phases — field names stay the same","0"
"0","mis-dashboard","0","Meter transaction events","1","0","Meter transaction events — by consumer category, hour by hour, DTR meters only","0"
"0","reports","0","Min-max voltage report","1","0","Min-max voltage — Oct 2025 max R first page shows columns and meters","0"
"0","mis-dashboard","0","Urgency level events","1","0","Urgency level 3 events — hour by hour, DTR meters only","0"
"0","mis-dashboard","0","Power problems","1","0","Power problems — by meter type, hour by hour, consumer meters only","0"
"0","dashboard","0","Dashboard — DTR load unbalance","1","0","DTR load unbalance — chart opens with Severe / Moderate / Balanced counts","0"
"0","revenue-protection","0","Revenue Protection — Aberration Entry EENLTMT Edge","1","0","IND-REV-ABE-EEN-EDGE-003 — Filter combination returning zero rows","0"
"0","mis-dashboard","0","Events that did not roll over","1","0","Events that did not roll over — a blank time range is rejected","0"
"0","mis-dashboard","0","Events that did not roll over","1","0","Events that did not roll over — by consumer category, month by month, consumer meters only","0"
"0","revenue-protection","1","Revenue Protection — ATR Zone Contract Snapshot","0","0","IND-RPT-ATZ-CONTRACT-001 — ATR Zone columns contract snapshot","0"
"0","consumers","0","Energy flow chart","1","0","Energy flow chart — sample: monthly points","0"
"0","commericial-analysis","0","Consumption Compare report","1","0","Consumption Compare (Last Month) — this month's usage is less than half of last month's","0"
"0","mis-dashboard","0","Event summary","1","0","Event summary — by consumer category, hour by hour, consumer meters only","0"
"0","dtrs","0","DTR energy over time","1","0","Sample chart — power factor calculated from kWh and kVAh","0"
"0","reports","0","Event restoration report","1","0","Event restoration — a page past the last page shows no records","0"
"0","reports","0","Event restoration report","1","0","Event restoration — unknown query params are ignored","0"
"0","mis-dashboard","0","Urgency level events","1","0","Urgency level 1 events — both is treated as all meters","0"
"0","reports","0","DTR event detail report","1","0","DTR event detail — page 2 continues serial numbers without duplicates","0"
"0","commericial-analysis","0","Load Factor report","1","0","LF > 100% — household and non-household lists are the same (connection type filter is not applied)","0"
"0","mis-dashboard","0","Saved screen shape","1","0","Talking vs not talking overview — saved screen shape","0"
"0","consumers","0","Meter communication","1","0","Meter communication — status for today when no date is given","0"
"0","modules-permissions","0","Module Permission — Negative","1","0","POST /permissions/modules — invalid module name returns 400","0"
"0","mis-dashboard","0","Events that did not roll over","1","0","Events that did not roll over — consumers is treated as consumer meters","0"
"0","master-data","0","Master data — substation list","1","0","Substation list — a smaller page size shows fewer records","0"
"0","mis-dashboard","0","How many meters we have","1","0","How many meters we have — day-month-year date is rejected","0"
"0","asset-management","1","DTR Detail API","0","0","Validate DTR Detail API","0"
"0","users-admin","0","User Admin — List","0","1","Validate GET /users/:id/devices — device groups catalog","0"
"0","dashboard","0","Consumers by category — cannot open without a valid login","1","0","cannot open without logging in","0"
"0","reports","0","Event report","1","0","Event report — unknown query params are ignored","0"
"0","auth","0","Auth Session — Negative","0","1","POST /auth/refresh — without session cookies returns 401","0"
"0","revenue-protection","0","Revenue Protection — Cases Negative","0","1","IND-RPT-NEG-003 — Non-existent month token","0"
"0","mis-dashboard","0","Daily talking chart","1","0","Daily talking chart — consumer and DTR stay within all meters","0"
"0","reports","0","DTR communication report","1","0","DTR communication — showing 1 per page returns at most 1 record","0"
"0","consumption","0","CONSUMPTION — Contract Snapshots","1","0","Night-Zero Consumption Contract Snapshot","0"
"0","users-admin","0","User Admin — List","0","1","Validate GET /users/audit-logs — audit log catalog","0"
"0","users-profile-image","0","User Profile Image — Negative","1","0","PATCH /users/me/profile-image — empty body returns 400","0"
"0","reports","0","DTR event detail report","1","0","DTR event detail — invalid fromDate is rejected","0"
"0","revenue-protection","0","Revenue Protection — Aberration Entry By IVRS Negative","0","1","IND-REV-ABE-IVRS-NEG-002 — Missing required fields","0"
"0","mis-dashboard","0","What kinds of events happened","1","0","What kinds of events happened — by consumer category, dtrs is treated as DTR meters","0"
"0","reports","0","Communication consumers report","1","0","Communication consumers — empty page fixture","0"
"0","mis-dashboard","0","Power problems","1","0","Power problems — by consumer category, day by day, all meters","0"
"0","mis-dashboard","0","Power problems","1","0","Power problems — dtrs is treated as DTR meters","0"
"0","revenue-protection","0","Revenue Protection — Cases Negative","0","1","IND-RPT-NEG-002 — Invalid month format","0"
"0","mis-dashboard","0","Current problems","1","0","Current problems — network 0 is rejected","0"
"0","technical-analysis","0","Technical report","0","1","Technical report — first and last page have no duplicate meters › Voltage Unbalance report — first and last page have no duplicate meters","0"
"0","asset-management","0","Asset Management Contract Snapshots","1","0","Network Hierarchy","0"
"0","dashboard","0","Dashboard — DTR consumption","1","0","DTR consumption chart — yearly view loads","0"
"0","revenue-protection","0","Revenue Protection — Aberrations Negative","0","1","Invalid month token returns empty success grid (not 4xx)","0"
"0","master-data","0","Master data — consumer list","1","0","Consumer list — first page shows columns, records, and page numbers","0"
"0","reports","0","Event detail report","1","0","Event detail — missing fromDate is rejected","0"
"0","meter-replacement","1","Meter Replacement Submission History API - Filters and Edge","0","0","Filter by PENDING status returns matching items","0"
"0","meter-replacement","1","Meter Replacement Progress API — Negative & Edge","0","0","Ignored query params still return progress charts","0"
"0","mis-dashboard","0","Talking meters by category","1","0","Talking meters by category — a bad date is rejected","0"
"0","dashboard","0","Dashboard — DTR summary cards","1","0","Saved example — monthly summary cards with 12-point trends (10 Jul 2026)","0"
"0","mis-dashboard","0","Urgency level events","1","0","Urgency level 3 events — organisation 0 is rejected","0"
"0","billing","0","Day-by-day billing list","1","0","Day-by-day billing — month 0 is rejected","0"
"0","dtrs","0","DTR events","1","0","Sample events — resolved alarm with restore time","0"
"0","commericial-analysis","0","Consumption Pattern report","1","0","Consumption Pattern — Zero Consumption for Last 6 months (non-household): billing data is not ready yet","0"
"0","dashboard","0","Dashboard — response shape","1","0","DTR load unbalance — response shape stays the same","0"
"0","mis-dashboard","0","Meter transaction events","1","0","Meter transaction events — consumer and DTR stay within all meters","0"
"0","mis-dashboard","0","Event summary","1","0","Event summary — by urgency, month by month, consumer meters only","0"
"0","dashboard","0","Dashboard — DTR summary cards","1","0","DTR summary cards — an invalid time period is rejected","0"
"0","mis-dashboard","0","Urgency level events","1","0","Urgency level 4 events — week by week, DTR meters only","0"
"0","revenue-protection","0","Revenue Protection — ATR Zone Negative","1","0","IND-RPT-ATZ-NEG-007 — limit=99999 is rejected or bounded","0"
"0","consumers","0","Consumers — screen shape checks","1","0","Can this meter be given to a consumer? — screen shape is unchanged","0"
"0","mis-dashboard","0","Urgency level events","1","0","Urgency level 2 events — consumers is treated as consumer meters","0"
"0","commericial-analysis","0","Maximum Demand report","1","0","Improper MD — report opens and demand is above sanctioned load","0"
"0","dashboard","0","Dashboard — DTR communication","1","0","DTR communication chart — weekly view loads","0"
"0","dtrs","0","DTR feeders","1","0","DTR feeders — unknown transformer is not shown","0"
"0","dashboard","0","Dashboard — DTR summary cards","1","0","DTR summary cards — weekly view loads","0"
"0","asset-management","0","Asset Management — Auth Negative","1","0","GET /asset-management/organisation-hierarchy — without auth returns 401","0"
"0","dashboard","0","Dashboard — consumers by meter phase","1","0","Consumers by meter phase — extra unused filters are ignored","0"
"0","reports","0","Current without voltage report","1","0","Current without voltage — empty page fixture","0"
"0","technical-analysis","0","Technical report","0","1","Magnet Event report — empty list is valid","0"
"0","reports","0","Event restoration report","1","0","Event restoration — missing toDate is rejected","0"
"0","reports","0","Min-max voltage count","1","0","Min-max voltage count — missing year is rejected","0"
"0","reports","0","DTR data report","1","0","DTR data — includeTotal still shows the same IP columns","0"
"0","reports","0","Current without voltage report","1","0","Current without voltage — limit 0 is rejected (limit must be at least 1)","0"
"0","utils-lookup","0","Utils lookup — missing routes","1","0","Main-sub meters — missing route returns 404","0"
"0","technical-analysis","0","Technical report","0","1","Technical report — first and last page have no duplicate meters › Neutral Disturbance report — first and last page have no duplicate meters","0"
"0","mis-dashboard","0","Talking meters by category","1","0","Talking meters by category — live view still opens","0"
"0","utils-lookup","0","indoore_backend_testing","1","0","UTILS-LOOKUP › utils › lookup-catalog.harness.ts › Connection statuses › connection statuses — list shows ids and names","0"
"0","meter-replacement","0","Meter Replacement Submission History API - Negative","0","1","Unknown search returns empty page","0"
"0","mis-dashboard","0","Meter transaction events","1","0","Meter transaction events — by consumer category, month by month, DTR meters only","0"
"0","master-data","0","Master data — feeder list","1","0","Feeder list — first page shows columns, records, and page numbers","0"
"0","dashboard","0","Consumers by meter make — cannot open without a valid login","1","0","cannot open with an empty login token","0"
"0","mis-dashboard","0","Current problems","1","0","Current problems — by consumer category, day by day, DTR meters only","0"
"0","reports","0","Billing MD snapshot report","1","0","Billing MD snapshot — missing year is rejected","0"
"0","dtrs","0","DTR loading gauge","1","0","Sample loading gauge — only instant and daily when billing is late","0"
"0","users-admin","0","User Admin — Negative","1","0","POST /users/:id/force-logout — unknown user returns 404","0"
"0","users-admin","0","User Admin — Negative","1","0","PATCH /users/:id — empty body returns 400","0"
"0","dashboard","0","Dashboard — DTR consumption list","1","0","Saved example — reactive energy (kVArh) empty page","0"
"0","mis-dashboard","0","Other events","1","0","Other events — by consumer category, month by month, all meters","0"
"0","revenue-protection","0","Revenue Protection — Aberration Entry Negative","1","0","IND-REV-ABE-EEN-NEG-003 — Invalid page","0"
"0","technical-analysis","0","Technical report","0","1","YNR Neutral Disturbance report — first page shows columns and meters","0"
"0","consumption","0","Consumption API — Edge","1","0","Last three months — page 2 continues without repeating a meter","0"
"0","dashboard","0","Dashboard — consumers by meter make","1","0","Consumers by meter make — page 2 still shows a valid list","0"
"0","consumers","0","Meter communication","1","0","Meter communication — sample: readings received with delay","0"
"0","dtr-load","0","Transformer load reports","1","0","Transformer load — page 2 continues the list without repeating a transformer","0"
"0","modules-permissions","0","Module Permission — List","1","0","Validate GET /permissions/modules — catalog list","0"
"0","consumers","0","Consumers — screen shape checks","1","0","Energy flow chart — screen shape is unchanged","0"
"0","dtrs","0","DTR profile","1","0","Sample profile — transformer 11IW3 with empty recent activity","0"
"0","dashboard","0","Dashboard — DTR loading list","1","0","Saved example — critically loaded DTRs with rows","0"
"0","reports","0","DTR event detail report","1","0","DTR event detail — fromDate after toDate is rejected","0"
"0","modules-permissions","0","Module Permission — Negative","1","0","PATCH /permissions/modules/:id — unknown module returns 404","0"
"0","consumers","0","Consumers — screen shape checks","0","1","Turn consumer on or off — skipped on shared database","0"
"0","mis-dashboard","0","Urgency level events","1","0","Urgency level 5 events — hour by hour, consumer meters only","0"
"0","mis-dashboard","0","Event summary","1","0","Event summary — by urgency, week by week, DTR meters only","0"
"0","reports","0","Consumer report","1","0","Consumer report — invalid fromDate is rejected","0"
"0","consumers","0","Consumers — screen shape checks","1","0","Nearby accounts — screen shape is unchanged","0"
"0","utils-lookup","0","UTILS-LOOKUP — Catalog DB cross-validation","0","1","IND-UL-DB-010 — Network hierarchy COUNT + sample rows match DB","0"
"0","reports","0","Min-max voltage count","1","0","Min-max voltage count — invalid month is rejected","0"
"0","utils-lookup","0","Utils lookup — contract snapshots","1","0","Network hierarchy — field names stay the same","0"
"0","mis-dashboard","0","Urgency level events","1","0","Urgency level 5 events — week by week, all meters","0"
"0","mis-dashboard","0","What kinds of events happened","1","0","What kinds of events happened — by consumer category, consumer meters only","0"
"0","mis-dashboard","0","Saved screen shape","1","0","Voltage problems — saved screen shape","0"
"0","meter-replacement","0","Meter Replacement Submission History API - Auth Negative","0","1","Disallowed HTTP methods are rejected","0"
"0","commericial-analysis","0","Commercial Analysis — extra report checks","1","0","Consumption Pattern — zero consumption for last 3 months: report opens","0"
"0","other","0","indoore_backend_testing","1","0","core › __tests__ › dedupe-serials.util › formatMeterSerialsQueryParam joins unique serials","0"
"0","reports","0","DTR event detail report","1","0","DTR event detail — page 0 is rejected (page must start at 1)","0"
"0","modules-permissions","0","Module Permission — Negative","1","0","DELETE /permissions/modules/:id — protected module returns 403","0"
"0","dashboard","0","Dashboard — DTR summary cards","1","0","DTR summary cards — monthly view loads","0"
"0","mis-dashboard","0","Urgency level events","1","0","Urgency level 1 events — month by month, DTR meters only","0"
"0","dashboard","0","Dashboard — consumers by meter phase","1","0","Saved example — 1 PH empty page (offline)","0"
"0","consumers","0","Consumers — screen shape checks","1","0","Billing history — screen shape is unchanged","0"
"0","commericial-analysis","0","Commercial Analysis — dashboard response shape","1","0","Dashboard — the list of fields in the response stays the same","0"
"0","dashboard","0","DTR voltage unbalance list — cannot open without a valid login","1","0","cannot open with an expired login token","0"
"0","dtrs","0","DTR statistic cards","1","0","DTR statistic cards — unknown transformer is not shown or cards are empty","0"
"0","mis-dashboard","0","Urgency level events","1","0","Urgency level 1 events — week by week, consumer meters only","0"
"0","mis-dashboard","0","Urgency level events","1","0","Urgency level 5 events — month by month, all meters","0"
"0","mis-dashboard","0","Urgency level events","1","0","Urgency level 1 events — an invalid time range is rejected","0"
"0","mis-dashboard","0","Power problems","1","0","Power problems — a missing grouping is rejected","0"
"0","users-profile-image","0","User Profile Image — Negative","1","0","POST /users/me/profile-image/upload-url — missing fileName returns 400","0"
"0","meter-replacement","0","Meter Replacement Consumer Search API — Auth Negative","1","0","Disallowed HTTP methods are rejected","0"
"0","mis-dashboard","0","Urgency level events","1","0","Urgency level 5 events — hour by hour, all meters","0"
"0","reports","0","Communication DTRs report","1","0","Communication DTRs — missing date for day is rejected","0"
"0","consumers","0","Live load","1","0","Live load — unknown consumer is not found","0"
"0","meter-replacement","1","Meter Replacement Meter Validation API — Negative & Edge","0","0","Empty / missing meterSerial returns validation error","0"
"0","consumers","0","Power quality","1","0","Power quality — opens using the account number","0"
"0","mis-dashboard","0","Voltage problems","1","0","Voltage problems — by meter type, week by week, all meters","0"
"0","commericial-analysis","0","Commercial Analysis — extra report checks","1","0","Maximum Demand — Improper MD: report opens and demand follows the rule","0"
"0","consumers","0","Event list","1","0","Event list — blank consumer number is rejected","0"
