"DESCRIPTION","DURATION IN MS","NAME","PARENT SUITE","START TIME","STATUS","STOP TIME","SUB SUITE","SUITE","TEST CLASS","TEST METHOD"
"","893","DTR communication — missing toDate is rejected","reports","2026-09-15","passed","2026-09-15","DTR communication — missing toDate is rejected","DTR communication report","dtrcommunication",""
"","2758","Consumers by meter make — extra unused filters are ignored","dashboard","2026-09-15","passed","2026-09-15","Consumers by meter make — extra unused filters are ignored","Dashboard — consumers by meter make","consumeroemdistribution",""
"","1222","Voltage problems — dtrs is treated as DTR meters","mis-dashboard","2026-09-15","passed","2026-09-15","Voltage problems — dtrs is treated as DTR meters","Voltage problems","eventdatavoltage",""
"","486","Urgency level 5 events — hour by hour, DTR meters only","mis-dashboard","2026-09-15","passed","2026-09-15","Urgency level 5 events — hour by hour, DTR meters only","Urgency level events","eventpriority",""
"","1818","TODs — missing route returns 404","utils-lookup","2026-09-15","passed","2026-09-15","TODs — missing route returns 404","Utils lookup — missing routes","missing-routes",""
"","1791","Live voltage and current — opens using the meter","consumers","2026-09-15","passed","2026-09-15","Live voltage and current — opens using the meter","Live voltage and current","realtimepower",""
"","1025","Talking meters by category — network 0 is rejected","mis-dashboard","2026-09-15","passed","2026-09-15","Talking meters by category — network 0 is rejected","Talking meters by category","communication-category",""
"","239","Events that did not roll over — a missing grouping is rejected","mis-dashboard","2026-09-15","passed","2026-09-15","Events that did not roll over — a missing grouping is rejected","Events that did not roll over","eventdatanonrollover",""
"","234","Load Factor — month 13 is rejected (month must be 1 to 12)","commericial-analysis","2026-09-15","passed","2026-09-15","Load Factor — month 13 is rejected (month must be 1 to 12)","Commercial Analysis — invalid filters are rejected","commercial-negative",""
"","60","API counts and spot checks align with PostgreSQL","asset-management","2026-09-15","skipped","2026-09-15","API counts and spot checks align with PostgreSQL","Asset Management — DB Coverage","asset-management.db",""
"","22","Saved example — high-load DTRs empty page","dashboard","2026-09-15","passed","2026-09-15","Saved example — high-load DTRs empty page","Dashboard — DTR loading list","dtrpercentageloadingdetails",""
"","67","Sample profile — no recent activity is allowed","dtrs","2026-09-15","passed","2026-09-15","Sample profile — no recent activity is allowed","DTR profile","dtrprofile",""
"","240","Voltage problems — organisation 0 is rejected","mis-dashboard","2026-09-15","passed","2026-09-15","Voltage problems — organisation 0 is rejected","Voltage problems","eventdatavoltage",""
"","1804","DTR communication — missing fromDate is rejected","reports","2026-09-15","passed","2026-09-15","DTR communication — missing fromDate is rejected","DTR communication report","dtrcommunication",""
"","437","Power problems — by meter type, hour by hour, DTR meters only","mis-dashboard","2026-09-15","passed","2026-09-15","Power problems — by meter type, hour by hour, DTR meters only","Power problems","eventdatapower",""
"","12","Low Voltage in any Phase report — first and last page have no duplicate meters","technical-analysis","2026-09-15","skipped","2026-09-15","Technical report — first and last page have no duplicate meters › Low Voltage in any Phase report — first and last page have no duplicate meters","Technical report","technicalanalysis",""
"","0","Urgency level 1 events — month by month (extra check)","mis-dashboard","2026-09-15","skipped","2026-09-15","Urgency level 1 events — month by month (extra check)","Urgency level 1 events (extra check)","eventpriority1",""
"","1147","Hourly Consumption Contract Snapshot","consumption","2026-09-15","skipped","2026-09-15","Hourly Consumption Contract Snapshot","CONSUMPTION — Contract Snapshots","consumption.contract",""
"","1199","Urgency level 3 events — dtrs is treated as DTR meters","mis-dashboard","2026-09-15","passed","2026-09-15","Urgency level 3 events — dtrs is treated as DTR meters","Urgency level events","eventpriority",""
"","291","Urgency level 6 events — week by week, consumer meters only","mis-dashboard","2026-09-15","passed","2026-09-15","Urgency level 6 events — week by week, consumer meters only","Urgency level events","eventpriority",""
"","300","Events that did not roll over — by meter type, week by week, DTR meters only","mis-dashboard","2026-09-15","passed","2026-09-15","Events that did not roll over — by meter type, week by week, DTR meters only","Events that did not roll over","eventdatanonrollover",""
"","2217","POST /permissions/modules/:id/permissions — duplicate permission key returns 409 or 400","modules-permissions","2026-09-15","passed","2026-09-15","POST /permissions/modules/:id/permissions — duplicate permission key returns 409 or 400","Module Permission — Negative","modulepermission-negative",""
"","249","How many meters we have — extra unused options are ignored","mis-dashboard","2026-09-15","passed","2026-09-15","How many meters we have — extra unused options are ignored","How many meters we have","communicationstats",""
"","1895","Consumers by category — response shape stays the same","dashboard","2026-09-15","passed","2026-09-15","Consumers by category — response shape stays the same","Dashboard — response shape","dashboard.contract",""
"","349","How meters are talking — unknown meter kind is treated as all","mis-dashboard","2026-09-15","passed","2026-09-15","How meters are talking — unknown meter kind is treated as all","How meters are talking","communication",""
"","721","GET /asset-management/dtr/:id — invalid pagination params","asset-management","2026-09-15","passed","2026-09-15","GET /asset-management/dtr/:id — invalid pagination params","Asset Management — Negative","asset-management-negative",""
"","392","Consumer categories — field names stay the same","utils-lookup","2026-09-15","passed","2026-09-15","Consumer categories — field names stay the same","Utils lookup — contract snapshots","utils-lookup.contract",""
"","237","Pattern consumption — month thirteen is rejected","consumption","2026-09-15","passed","2026-09-15","Pattern consumption — month thirteen is rejected","Consumption API — Negative","consumption-negative",""
"","1085","DELETE /users/:id/devices/:deviceId — unknown device returns 404","users-admin","2026-09-15","passed","2026-09-15","DELETE /users/:id/devices/:deviceId — unknown device returns 404","User Admin — Negative","useradmin-negative",""
"","318","Sanction Load Violation — report opens and demand is above sanctioned load","commericial-analysis","2026-09-15","passed","2026-09-15","Sanction Load Violation — report opens and demand is above sanctioned load","Maximum Demand report","mdanalysis",""
"","238","Meter transaction events — a missing grouping is rejected","mis-dashboard","2026-09-15","passed","2026-09-15","Meter transaction events — a missing grouping is rejected","Meter transaction events","eventdatatransaction",""
"","234","Consumption Pattern — unknown report type is rejected","commericial-analysis","2026-09-15","passed","2026-09-15","Consumption Pattern — unknown report type is rejected","Commercial Analysis — invalid filters are rejected","commercial-negative",""
"","3887","Monthly billing — first page still lists meters when the grand total is turned off","billing","2026-09-15","passed","2026-09-15","Monthly billing — first page still lists meters when the grand total is turned off","Monthly billing list","billingdata",""
"","1340","DTR billing — includeTotal still shows the same columns","reports","2026-09-15","passed","2026-09-15","DTR billing — includeTotal still shows the same columns","DTR billing report","dtrbilling",""
"","667","DTR event detail — column and field names stay the same","reports","2026-09-15","passed","2026-09-15","DTR event detail — column and field names stay the same","Reports — contract snapshots","reports.contract",""
"","1682","Event report — invalid fromDate is rejected","reports","2026-09-15","passed","2026-09-15","Event report — invalid fromDate is rejected","Event report","eventreport",""
"","79","Billing MD snapshot — Oct 2025 fixture (total 0 with rows)","reports","2026-09-15","passed","2026-09-15","Billing MD snapshot — Oct 2025 fixture (total 0 with rows)","Billing MD snapshot report","billingmdsnapshot",""
"","8259","Validate Meter Replacement Consumer Search API","meter-replacement","2026-09-15","failed","2026-09-15","Validate Meter Replacement Consumer Search API","Meter Replacement Consumer Search API","consumer-search",""
"","241","Feeder alerts — asking for one event at a time still returns a row","feeder","2026-09-15","passed","2026-09-15","Feeder alerts — asking for one event at a time still returns a row","Feeder — unusual cases","feeder-edge",""
"","29","Saved example — moderate empty page","dashboard","2026-09-15","passed","2026-09-15","Saved example — moderate empty page","Dashboard — DTR voltage unbalance list","dtrvoltageunbalancedetails",""
"","897","Consumption Pattern — Zero Consumption: household and non-household lists are the same (connection type filter is not applied)","commericial-analysis","2026-09-15","passed","2026-09-15","Consumption Pattern — Zero Consumption: household and non-household lists are the same (connection type filter is not applied)","Consumption Pattern report","consumptionpattern",""
"","45","Consumer report DP — Oct 2025 fixture","reports","2026-09-15","passed","2026-09-15","Consumer report DP — Oct 2025 fixture","Consumer report","consumerreport",""
"","892","Network search — limit 0 is rejected","utils-lookup","2026-09-15","passed","2026-09-15","UTILS-LOOKUP › utils › lookup-catalog.harness.ts › Network search › Network search — limit 0 is rejected","indoore_backend_testing","modules/UTILS-LOOKUP/tests/networksearch.api",""
"","1807","DTR event — missing toDate is rejected","reports","2026-09-15","passed","2026-09-15","DTR event — missing toDate is rejected","DTR event report","dtrevent",""
"","1027","DTR communication list — meters that are communicating","dashboard","2026-09-15","passed","2026-09-15","DTR communication list — meters that are communicating","Dashboard — DTR communication list","dtrcommunicationdetails",""
"","515","Current problems — by meter type, day by day, DTR meters only","mis-dashboard","2026-09-15","passed","2026-09-15","Current problems — by meter type, day by day, DTR meters only","Current problems","eventdatacurrent",""
"","40","Power quality — sample: single-phase meter","consumers","2026-09-15","passed","2026-09-15","Power quality — sample: single-phase meter","Power quality","powerquality",""
"","1590","Validate sent invitations list — status=expired","auth","2026-09-15","passed","2026-09-15","Validate sent invitations list — status=expired","Auth Sent Invitations List API","invite-list",""
"","247","Talking vs not talking overview — all meters equals consumer plus DTR","mis-dashboard","2026-09-15","passed","2026-09-15","Talking vs not talking overview — all meters equals consumer plus DTR","Talking vs not talking overview","communication-overview",""
"","352","Other events — by meter type, month by month, DTR meters only","mis-dashboard","2026-09-15","passed","2026-09-15","Other events — by meter type, month by month, DTR meters only","Other events","eventdataother",""
"","881","cannot open with a badly formed login token","dashboard","2026-09-15","passed","2026-09-15","cannot open with a badly formed login token","Consumers by category — cannot open without a valid login","consumercategorydistribution",""
"","4303","Validate POST /commands/profile-config → query-meter-job — profile_capture_period_get E2E","hes-commands","2026-09-15","passed","2026-09-15","Validate POST /commands/profile-config → query-meter-job — profile_capture_period_get E2E","HES Commands — Profile Config (E2E)","commands-profile-config",""
"","2173","Event restoration — showing 1 per page returns at most 1 record","reports","2026-09-15","passed","2026-09-15","Event restoration — showing 1 per page returns at most 1 record","Event restoration report","eventrestoration",""
"","1772","Other events — by consumer category, day by day, all meters","mis-dashboard","2026-09-15","passed","2026-09-15","Other events — by consumer category, day by day, all meters","Other events","eventdataother",""
"","1473","Min-max voltage — column and field names stay the same","reports","2026-09-15","passed","2026-09-15","Min-max voltage — column and field names stay the same","Reports — contract snapshots","reports.contract",""
"","885","cannot open with an expired login token","dashboard","2026-09-15","passed","2026-09-15","cannot open with an expired login token","Consumers by meter phase — cannot open without a valid login","consumerphasedistribution",""
"","888","Billing MD snapshot — invalid year is rejected","reports","2026-09-15","passed","2026-09-15","Billing MD snapshot — invalid year is rejected","Billing MD snapshot report","billingmdsnapshot",""
"","912","Transformer load — leaving out the start date is rejected","dtr-load","2026-09-15","passed","2026-09-15","Transformer load — leaving out the start date is rejected","Transformer load reports","dtrload",""
"","1789","Energy flow chart — weekly view","consumers","2026-09-15","passed","2026-09-15","Energy flow chart — weekly view","Energy flow chart","energyflow",""
"","805","Talking meters by category — consumer and DTR stay within all meters","mis-dashboard","2026-09-15","passed","2026-09-15","Talking meters by category — consumer and DTR stay within all meters","Talking meters by category","communication-category",""
"","292","Urgency level 2 events — week by week, consumer meters only","mis-dashboard","2026-09-15","passed","2026-09-15","Urgency level 2 events — week by week, consumer meters only","Urgency level events","eventpriority",""
"","979","Voltage problems — by consumer category, day by day, all meters","mis-dashboard","2026-09-15","passed","2026-09-15","Voltage problems — by consumer category, day by day, all meters","Voltage problems","eventdatavoltage",""
"","351","How meters are talking — dtrs is treated as DTR meters","mis-dashboard","2026-09-15","passed","2026-09-15","How meters are talking — dtrs is treated as DTR meters","How meters are talking","communication",""
"","2224","Daily consumption — page 2 continues without repeating a meter","consumption","2026-09-15","passed","2026-09-15","Daily consumption — page 2 continues without repeating a meter","Consumption API — Edge","consumption-edge",""
"","59","Sample loading gauge — kVA values without a rated size percent","dtrs","2026-09-15","passed","2026-09-15","Sample loading gauge — kVA values without a rated size percent","DTR loading gauge","dtrcapacitygauge",""
"","1963","Event restoration — 1–30 Oct 2025 first page shows columns and occurrences","reports","2026-09-15","passed","2026-09-15","Event restoration — 1–30 Oct 2025 first page shows columns and occurrences","Event restoration report","eventrestoration",""
"","481","Meter transaction events — by meter type, day by day, consumer meters only","mis-dashboard","2026-09-15","passed","2026-09-15","Meter transaction events — by meter type, day by day, consumer meters only","Meter transaction events","eventdatatransaction",""
"","2260","Disallowed HTTP methods are rejected","meter-replacement","2026-09-15","passed","2026-09-15","Disallowed HTTP methods are rejected","Meter Replacement Submission Detail API — Auth Negative","submission-detail-negative",""
"","280","DTR list — column names in the response stay the same","master-data","2026-09-15","passed","2026-09-15","DTR list — column names in the response stay the same","Master data — column names in the response","master-data.contract",""
"","1778","Can this meter be given to a consumer? — office filter is optional","consumers","2026-09-15","passed","2026-09-15","Can this meter be given to a consumer? — office filter is optional","Can this meter be given to a consumer?","validatemeter",""
"","256","Event summary — by meter type, week by week, consumer meters only","mis-dashboard","2026-09-15","passed","2026-09-15","Event summary — by meter type, week by week, consumer meters only","Event summary","eventdata",""
"","1915","cannot open with an invalid login token","dashboard","2026-09-15","passed","2026-09-15","cannot open with an invalid login token","Dashboard overview — cannot open without a valid login","dashboardmetrics",""
"","7","IND-RPT-DB-003 — Circle/division/zone exist in org master","revenue-protection","2026-09-15","skipped","2026-09-15","IND-RPT-DB-003 — Circle/division/zone exist in org master","Revenue Protection — Cases DB cross-validation","cases.db",""
"","237","Daily consumption — start date after end date is rejected","consumption","2026-09-15","passed","2026-09-15","Daily consumption — start date after end date is rejected","Consumption API — Negative","consumption-negative",""
"","88","Sample chart — days with no energy yet","dtrs","2026-09-15","passed","2026-09-15","Sample chart — days with no energy yet","DTR energy over time","dtrdailythresholdchart",""
"","1794","Consumer search — limit 0 is rejected","utils-lookup","2026-09-15","passed","2026-09-15","UTILS-LOOKUP › utils › lookup-catalog.harness.ts › Consumer search › Consumer search — limit 0 is rejected","indoore_backend_testing","modules/UTILS-LOOKUP/tests/consumersearch",""
"","1385","Event detail — invalid fromDate is rejected","reports","2026-09-15","passed","2026-09-15","Event detail — invalid fromDate is rejected","Event detail report","eventdetail",""
"","49","IND-MR-DB-001 — Dashboard / consumer / meter / history / submission vs DB","meter-replacement","2026-09-15","skipped","2026-09-15","IND-MR-DB-001 — Dashboard / consumer / meter / history / submission vs DB","METER-REPLACEMENT — DB Coverage","meter-replacement.db",""
"","2228","Night-time consumption — first page lists each consumer (night/day use may be empty)","consumption","2026-09-15","passed","2026-09-15","Night-time consumption — first page lists each consumer (night/day use may be empty)","Night-time consumption list","nightzeroconsumption",""
"","487","Voltage problems — extra unused options are ignored","mis-dashboard","2026-09-15","passed","2026-09-15","Voltage problems — extra unused options are ignored","Voltage problems","eventdatavoltage",""
"","1890","Event summary — opens using the meter","consumers","2026-09-15","passed","2026-09-15","Event summary — opens using the meter","Event summary","eventlogcards",""
"","4","Technical report — missing analysis type is rejected","technical-analysis","2026-09-15","skipped","2026-09-15","Technical report — missing analysis type is rejected","Technical report","technicalanalysis",""
"","21","Saved example — meters that are communicating with hierarchy row","dashboard","2026-09-15","passed","2026-09-15","Saved example — meters that are communicating with hierarchy row","Dashboard — DTR communication list","dtrcommunicationdetails",""
"","2749","Meter communication — page 2 shows the next set of records","master-data","2026-09-15","passed","2026-09-15","Meter communication — page 2 shows the next set of records","Master data — meter communication","meter-communication-status",""
"","1087","Meter transaction events — an invalid time range is rejected","mis-dashboard","2026-09-15","passed","2026-09-15","Meter transaction events — an invalid time range is rejected","Meter transaction events","eventdatatransaction",""
"","1092","Daily talking chart — no dates uses today","mis-dashboard","2026-09-15","passed","2026-09-15","Daily talking chart — no dates uses today","Daily talking chart","communication-trend",""
"","70","Communication DTRs — Oct 2025 month fixture","reports","2026-09-15","passed","2026-09-15","Communication DTRs — Oct 2025 month fixture","Communication DTRs report","communicationdtrs",""
"","1","IND-AUD-DB-001 — list total ≤ DB + row spot by id","audit-logs","2026-09-15","skipped","2026-09-15","IND-AUD-DB-001 — list total ≤ DB + row spot by id","AUDIT-LOGS — DB Coverage","audit-logs.db",""
"","239","Feeder daily energy — month-by-month kWh (an empty chart is still OK)","feeder","2026-09-15","passed","2026-09-15","Feeder daily energy — month-by-month kWh (an empty chart is still OK)","Feeder — unusual cases","feeder-edge",""
"","2697","events — ids and names are unique","utils-lookup","2026-09-15","passed","2026-09-15","UTILS-LOOKUP › utils › lookup-catalog.harness.ts › Events › events — ids and names are unique","indoore_backend_testing","modules/UTILS-LOOKUP/tests/event",""
"","34","Live load — sample: three-phase load","consumers","2026-09-15","passed","2026-09-15","Live load — sample: three-phase load","Live load","liveloadprofile",""
"","1817","Day-by-day billing — leaving out the month is rejected","billing","2026-09-15","passed","2026-09-15","Day-by-day billing — leaving out the month is rejected","Day-by-day billing list","daywisebilling",""
"","882","cannot open with an empty login token","dashboard","2026-09-15","passed","2026-09-15","cannot open with an empty login token","DTR load unbalance list — cannot open without a valid login","dtrloadunbalancedetails",""
"","1786","Urgency level 6 events — month by month, all meters","mis-dashboard","2026-09-15","passed","2026-09-15","Urgency level 6 events — month by month, all meters","Urgency level events","eventpriority",""
"","842","Urgency level 6 events — day by day, consumer meters only","mis-dashboard","2026-09-15","passed","2026-09-15","Urgency level 6 events — day by day, consumer meters only","Urgency level events","eventpriority",""
"","8281","Consumption Pattern — Zero Consumption for Last 9 months (household): billing data is not ready yet","commericial-analysis","2026-09-15","passed","2026-09-15","Consumption Pattern — Zero Consumption for Last 9 months (household): billing data is not ready yet","Consumption Pattern report","consumptionpattern",""
"","9","dedupeMeterSerials removes duplicates and blanks","other","2026-09-15","passed","2026-09-15","core › __tests__ › dedupe-serials.util › dedupeMeterSerials removes duplicates and blanks","indoore_backend_testing","dedupe-serials.util",""
"","913","Can this meter be given to a consumer? — meter already on another consumer is rejected","consumers","2026-09-15","passed","2026-09-15","Can this meter be given to a consumer? — meter already on another consumer is rejected","Can this meter be given to a consumer?","validatemeter",""
"","1578","DTR loading list — page 2 still shows a valid list","dashboard","2026-09-15","passed","2026-09-15","DTR loading list — page 2 still shows a valid list","Dashboard — DTR loading list","dtrpercentageloadingdetails",""
"","6486","MD > CD Last Three Month — first and last page have no duplicate meters","commericial-analysis","2026-09-15","passed","2026-09-15","Maximum Demand — first and last page have no duplicate meters › MD > CD Last Three Month — first and last page have no duplicate meters","Maximum Demand report","mdanalysis",""
"","241208","Validate POST /indore/meter-replacement/bulk/validate — single valid row reports valid:true","meter-replacement","2026-09-15","broken","2026-09-15","Validate POST /indore/meter-replacement/bulk/validate — single valid row reports valid:true","Bulk Validate Meter Replacement API","bulk-validation",""
"","879","Connect and disconnect by month — cannot open with an invalid login token","overall-dashboard","2026-09-15","passed","2026-09-15","Connect and disconnect by month — cannot open with an invalid login token","Home dashboard screens — cannot open without a valid login","overall-dashboard-auth",""
"","18","Current Bypass report — first and last page have no duplicate meters","technical-analysis","2026-09-15","skipped","2026-09-15","Technical report — first and last page have no duplicate meters › Current Bypass report — first and last page have no duplicate meters","Technical report","technicalanalysis",""
"","1892","DTR billing — invalid fromDate is rejected","reports","2026-09-15","passed","2026-09-15","DTR billing — invalid fromDate is rejected","DTR billing report","dtrbilling",""
"","918","Other events — an invalid time range is rejected","mis-dashboard","2026-09-15","passed","2026-09-15","Other events — an invalid time range is rejected","Other events","eventdataother",""
"","25","Saved example — DTRs that are ON with rows (total 1134)","dashboard","2026-09-15","passed","2026-09-15","Saved example — DTRs that are ON with rows (total 1134)","Dashboard — DTR power on/off list","dtrpowerstatusdetails",""
"","238","Events that did not roll over — an invalid grouping is rejected","mis-dashboard","2026-09-15","passed","2026-09-15","Events that did not roll over — an invalid grouping is rejected","Events that did not roll over","eventdatanonrollover",""
"","999","Organisation hierarchy — live tree","utils-lookup","2026-09-15","passed","2026-09-15","UTILS-LOOKUP › utils › lookup-catalog.harness.ts › Organisation hierarchy › Organisation hierarchy — live tree","indoore_backend_testing","modules/UTILS-LOOKUP/tests/organizationhierarchy",""
"","14780","Validate POST /commands/meter-location — set location for known node","hes-commands","2026-09-15","passed","2026-09-15","Validate POST /commands/meter-location — set location for known node","HES Commands — Meter Location","commands-meter-location",""
"","833","IND-REV-ABE-ENTRY-AUTH-001 — Request without Authorization header","revenue-protection","2026-09-15","passed","2026-09-15","IND-REV-ABE-ENTRY-AUTH-001 — Request without Authorization header","Revenue Protection — Aberration Entry Auth Negative","aberration-entry.auth",""
"","905","Live voltage and current — opens using the account number","consumers","2026-09-15","passed","2026-09-15","Live voltage and current — opens using the account number","Live voltage and current","realtimepower",""
"","272","Talking meters by category — consumers is treated as consumer meters","mis-dashboard","2026-09-15","passed","2026-09-15","Talking meters by category — consumers is treated as consumer meters","Talking meters by category","communication-category",""
"","37","Saved example — weekly null on/off buckets (10 Jul 2026)","dashboard","2026-09-15","passed","2026-09-15","Saved example — weekly null on/off buckets (10 Jul 2026)","Dashboard — DTR power on/off","dtrpowerstatus",""
"","265","Talking meters by category — from-date and to-date still work","mis-dashboard","2026-09-15","passed","2026-09-15","Talking meters by category — from-date and to-date still work","Talking meters by category","communication-category",""
"","256","How many meters we have — both is treated as all meters","mis-dashboard","2026-09-15","passed","2026-09-15","How many meters we have — both is treated as all meters","How many meters we have","communicationstats",""
"","238","Mapped vs unmapped meters — leftover extra filters are blocked","overall-dashboard","2026-09-15","passed","2026-09-15","Mapped vs unmapped meters — leftover extra filters are blocked","Mapped vs unmapped meters","installationsummary",""
"","976","Energy flow chart — monthly view","consumers","2026-09-15","passed","2026-09-15","Energy flow chart — monthly view","Energy flow chart","energyflow",""
"","83002","Validate POST /commands/metering-mode → query-meter-job — metering_mode_get E2E","hes-commands","2026-09-15","failed","2026-09-15","Validate POST /commands/metering-mode → query-meter-job — metering_mode_get E2E","HES Commands — Metering Mode (E2E)","commands-metering-mode",""
"","7160","Maximum Demand — MD > CD Last Three Month: report opens and demand follows the rule","commericial-analysis","2026-09-15","passed","2026-09-15","Maximum Demand — MD > CD Last Three Month: report opens and demand follows the rule","Commercial Analysis — extra report checks","commercial-edge",""
"","9","Sample events — none yet is allowed","dtrs","2026-09-15","passed","2026-09-15","Sample events — none yet is allowed","DTR events","dtrevents",""
"","241203","Validate POST /indore/meter-replacement/bulk/validate — meter readings must be non-negative","meter-replacement","2026-09-15","broken","2026-09-15","Validate POST /indore/meter-replacement/bulk/validate — meter readings must be non-negative","Bulk Validate Meter Replacement API","bulk-validation",""
"","1810","Feeder daily energy — cannot open without logging in","feeder","2026-09-15","passed","2026-09-15","Feeder daily energy — cannot open without logging in","Feeder screens — cannot open without a valid login","feeder-auth",""
"","26","Saved example — severe empty page (Aug 2026)","dashboard","2026-09-15","passed","2026-09-15","Saved example — severe empty page (Aug 2026)","Dashboard — DTR load unbalance list","dtrloadunbalancedetails",""
"","1809","Feeder voltage and current — cannot open with an empty login token","feeder","2026-09-15","passed","2026-09-15","Feeder voltage and current — cannot open with an empty login token","Feeder screens — cannot open without a valid login","feeder-auth",""
"","980","Network search — default limit returns records","utils-lookup","2026-09-15","passed","2026-09-15","UTILS-LOOKUP › utils › lookup-catalog.harness.ts › Network search › Network search — default limit returns records","indoore_backend_testing","modules/UTILS-LOOKUP/tests/networksearch.api",""
"","40549","How many meters we have — all meters","mis-dashboard","2026-09-15","passed","2026-09-15","How many meters we have — all meters","How many meters we have","communicationstats",""
"","1104","Urgency today versus yesterday — organisation 0 is rejected","mis-dashboard","2026-09-15","passed","2026-09-15","Urgency today versus yesterday — organisation 0 is rejected","Urgency today versus yesterday","eventpriorityoverview",""
"","1759","DTR voltage unbalance list — page 2 still shows a valid list","dashboard","2026-09-15","passed","2026-09-15","DTR voltage unbalance list — page 2 still shows a valid list","Dashboard — DTR voltage unbalance list","dtrvoltageunbalancedetails",""
"","1427","Power problems — by meter type, hour by hour, all meters","mis-dashboard","2026-09-15","passed","2026-09-15","Power problems — by meter type, hour by hour, all meters","Power problems","eventdatapower",""
"","894","Energy flow chart — invalid time range is rejected","consumers","2026-09-15","passed","2026-09-15","Energy flow chart — invalid time range is rejected","Energy flow chart","energyflow",""
"","7","Live voltage and current — sample: no live reading yet","consumers","2026-09-15","passed","2026-09-15","Live voltage and current — sample: no live reading yet","Live voltage and current","realtimepower",""
"","1002","Can this meter be given to a consumer? — spaces-only serial is rejected","consumers","2026-09-15","passed","2026-09-15","Can this meter be given to a consumer? — spaces-only serial is rejected","Can this meter be given to a consumer?","validatemeter",""
"","248","How many meters we have — missing start date still opens","mis-dashboard","2026-09-15","passed","2026-09-15","How many meters we have — missing start date still opens","How many meters we have","communicationstats",""
"","986","Event restoration — column and field names stay the same","reports","2026-09-15","passed","2026-09-15","Event restoration — column and field names stay the same","Reports — contract snapshots","reports.contract",""
"","1147","Urgency today versus yesterday — consumer meters only","mis-dashboard","2026-09-15","passed","2026-09-15","Urgency today versus yesterday — consumer meters only","Urgency today versus yesterday","eventpriorityoverview",""
"","1403","DTR communication chart — an invalid time period is rejected","dashboard","2026-09-15","passed","2026-09-15","DTR communication chart — an invalid time period is rejected","Dashboard — DTR communication","dtrcommunication",""
"","245","Urgency level 3 events — consumer and DTR stay within all meters","mis-dashboard","2026-09-15","passed","2026-09-15","Urgency level 3 events — consumer and DTR stay within all meters","Urgency level events","eventpriority",""
"","906","DTR energy over time — DAILY in capital letters still works or is rejected","dtrs","2026-09-15","passed","2026-09-15","DTR energy over time — DAILY in capital letters still works or is rejected","DTR energy over time","dtrdailythresholdchart",""
"","240","Event summary — an invalid time range is rejected","mis-dashboard","2026-09-15","passed","2026-09-15","Event summary — an invalid time range is rejected","Event summary","eventdata",""
"","2708","Power Factor Violation — page 2 still shows a valid meter list","commericial-analysis","2026-09-15","passed","2026-09-15","Power Factor Violation — page 2 still shows a valid meter list","Commercial Analysis — extra report checks","commercial-edge",""
"","2788","Event detail — a page past the last page shows no records","reports","2026-09-15","passed","2026-09-15","Event detail — a page past the last page shows no records","Event detail report","eventdetail",""
"","234","Daily consumption — a badly formatted start date is rejected","consumption","2026-09-15","passed","2026-09-15","Daily consumption — a badly formatted start date is rejected","Consumption API — Negative","consumption-negative",""
"","1892","Consumer report DP — first page shows columns and daily readings","reports","2026-09-15","passed","2026-09-15","Consumer report DP — first page shows columns and daily readings","Consumer report","consumerreport",""
"","1003","Master data change history — an action that is not from master data is rejected","master-data","2026-09-15","passed","2026-09-15","Master data change history — an action that is not from master data is rejected","Master data — change history","master-data-audit-logs",""
"","22","Saved example — populated kWh/kVAh/kVArh points","dashboard","2026-09-15","passed","2026-09-15","Saved example — populated kWh/kVAh/kVArh points","Dashboard — DTR consumption","dtrconsumption",""
"","1438","Events that did not roll over — by consumer category, day by day, consumer meters only","mis-dashboard","2026-09-15","passed","2026-09-15","Events that did not roll over — by consumer category, day by day, consumer meters only","Events that did not roll over","eventdatanonrollover",""
"","1876","Transformer load — asking for zero rows per page is rejected","dtr-load","2026-09-15","passed","2026-09-15","Transformer load — asking for zero rows per page is rejected","Transformer load reports","dtrload",""
"","250","Feeder profile — a feeder that does not exist is not shown","feeder","2026-09-15","passed","2026-09-15","Feeder profile — a feeder that does not exist is not shown","Feeder — mistakes that should be blocked","feeder-negative",""
"","1713","Consumers by meter make — response shape stays the same","dashboard","2026-09-15","passed","2026-09-15","Consumers by meter make — response shape stays the same","Dashboard — response shape","dashboard.contract",""
"","345","Urgency level 3 events — month by month, DTR meters only","mis-dashboard","2026-09-15","passed","2026-09-15","Urgency level 3 events — month by month, DTR meters only","Urgency level events","eventpriority",""
"","41","Consumption chart — sample: weekly usage","consumers","2026-09-15","passed","2026-09-15","Consumption chart — sample: weekly usage","Consumption chart","energyconsumptiongraph",""
"","17","Saved example — connected empty page (offline)","dashboard","2026-09-15","passed","2026-09-15","Saved example — connected empty page (offline)","Dashboard — consumers by connection status","consumerconnectionstatus",""
"","2078","Billing history — unknown consumer is empty or not found","consumers","2026-09-15","passed","2026-09-15","Billing history — unknown consumer is empty or not found","Billing history","billinghistory",""
"","7875","Consumption Compare — Consumption Compare Same Month Last Year: billing data is not ready yet","commericial-analysis","2026-09-15","passed","2026-09-15","Consumption Compare — Consumption Compare Same Month Last Year: billing data is not ready yet","Commercial Analysis — extra report checks","commercial-edge",""
"","4316","Meter list — first page shows columns, records, and page numbers","master-data","2026-09-15","passed","2026-09-15","Meter list — first page shows columns, records, and page numbers","Master data — meter list","meter-master",""
"","898","meter phases — ids and names are unique","utils-lookup","2026-09-15","passed","2026-09-15","UTILS-LOOKUP › utils › lookup-catalog.harness.ts › Meter phases › meter phases — ids and names are unique","indoore_backend_testing","modules/UTILS-LOOKUP/tests/meterphase",""
"","61669","Feeder list — page 2 shows the next set of records","master-data","2026-09-15","passed","2026-09-15","Feeder list — page 2 shows the next set of records","Master data — feeder list","feeder-master",""
"","233","Monthly net meter — a page far past the end of the list is empty","consumption","2026-09-15","passed","2026-09-15","Monthly net meter — a page far past the end of the list is empty","Consumption API — Edge","consumption-edge",""
"","690","Power problems — by consumer category, hour by hour, consumer meters only","mis-dashboard","2026-09-15","passed","2026-09-15","Power problems — by consumer category, hour by hour, consumer meters only","Power problems","eventdatapower",""
"","238","Other events — an invalid grouping is rejected","mis-dashboard","2026-09-15","passed","2026-09-15","Other events — an invalid grouping is rejected","Other events","eventdataother",""
"","2503","Consumers by meter make — Linkwell meters","dashboard","2026-09-15","passed","2026-09-15","Consumers by meter make — Linkwell meters","Dashboard — consumers by meter make","consumeroemdistribution",""
"","19","Consumer report — empty page fixture","reports","2026-09-15","passed","2026-09-15","Consumer report — empty page fixture","Consumer report","consumerreport",""
"","18","Saved example — critically loaded DTRs empty page","dashboard","2026-09-15","passed","2026-09-15","Saved example — critically loaded DTRs empty page","Dashboard — DTR loading list","dtrpercentageloadingdetails",""
"","897","Event detail — limit 0 is rejected (limit must be at least 1)","reports","2026-09-15","passed","2026-09-15","Event detail — limit 0 is rejected (limit must be at least 1)","Event detail report","eventdetail",""
"","543","Events that did not roll over — by meter type, hour by hour, all meters","mis-dashboard","2026-09-15","passed","2026-09-15","Events that did not roll over — by meter type, hour by hour, all meters","Events that did not roll over","eventdatanonrollover",""
"","1804","Event restoration — page 0 is rejected (page must start at 1)","reports","2026-09-15","passed","2026-09-15","Event restoration — page 0 is rejected (page must start at 1)","Event restoration report","eventrestoration",""
"","29","Event summary — sample: change vs yesterday is correct","consumers","2026-09-15","passed","2026-09-15","Event summary — sample: change vs yesterday is correct","Event summary","eventlogcards",""
"","1000","Home dashboard — cannot open with an empty login token","overall-dashboard","2026-09-15","passed","2026-09-15","Home dashboard — cannot open with an empty login token","Home dashboard — cannot open without a valid login","dashboardmetrics",""
"","288","Urgency level 2 events — week by week, DTR meters only","mis-dashboard","2026-09-15","passed","2026-09-15","Urgency level 2 events — week by week, DTR meters only","Urgency level events","eventpriority",""
"","1086","Power problems — by meter type, month by month, consumer meters only","mis-dashboard","2026-09-15","passed","2026-09-15","Power problems — by meter type, month by month, consumer meters only","Power problems","eventdatapower",""
"","1","Urgency level 1 events — day by day (extra check)","mis-dashboard","2026-09-15","skipped","2026-09-15","Urgency level 1 events — day by day (extra check)","Urgency level 1 events (extra check)","eventpriority1",""
"","906","Min-max voltage count — page and limit do not change the total","reports","2026-09-15","passed","2026-09-15","Min-max voltage count — page and limit do not change the total","Min-max voltage count","minmaxvoltagecount",""
"","265","Talking meters by category — unknown meter kind is treated as all","mis-dashboard","2026-09-15","passed","2026-09-15","Talking meters by category — unknown meter kind is treated as all","Talking meters by category","communication-category",""
"","255","What kinds of events happened — by meter type, consumers is treated as consumer meters","mis-dashboard","2026-09-15","passed","2026-09-15","What kinds of events happened — by meter type, consumers is treated as consumer meters","What kinds of events happened","event-classification",""
"","7","Min-max voltage count — Oct 2025 min R fixture","reports","2026-09-15","passed","2026-09-15","Min-max voltage count — Oct 2025 min R fixture","Min-max voltage count","minmaxvoltagecount",""
"","28","Bill status — Oct 2025 fixture (summary with empty rows)","reports","2026-09-15","passed","2026-09-15","Bill status — Oct 2025 fixture (summary with empty rows)","Bill status report","billstatus",""
"","234","Day and Night — page 0 is rejected (page must start at 1)","commericial-analysis","2026-09-15","passed","2026-09-15","Day and Night — page 0 is rejected (page must start at 1)","Commercial Analysis — invalid filters are rejected","commercial-negative",""
"","243","How many meters we have — a negative organisation is rejected","mis-dashboard","2026-09-15","passed","2026-09-15","How many meters we have — a negative organisation is rejected","How many meters we have","communicationstats",""
"","497","Urgency level 2 events — day by day, DTR meters only","mis-dashboard","2026-09-15","passed","2026-09-15","Urgency level 2 events — day by day, DTR meters only","Urgency level events","eventpriority",""
"","249","How many meters we have — one day only still opens","mis-dashboard","2026-09-15","passed","2026-09-15","How many meters we have — one day only still opens","How many meters we have","communicationstats",""
"","1787","Can this meter be given to a consumer? — empty serial is rejected","consumers","2026-09-15","passed","2026-09-15","Can this meter be given to a consumer? — empty serial is rejected","Can this meter be given to a consumer?","validatemeter",""
"","1819","cannot open with an invalid login token","dashboard","2026-09-15","passed","2026-09-15","cannot open with an invalid login token","Consumers by category — cannot open without a valid login","consumercategorydistribution",""
"","256","How many events by urgency — extra unused options are ignored","mis-dashboard","2026-09-15","passed","2026-09-15","How many events by urgency — extra unused options are ignored","How many events by urgency","priority-overview",""
"","1395","DTR list — an empty search shows the full list","master-data","2026-09-15","passed","2026-09-15","DTR list — an empty search shows the full list","Master data — DTR list","dtr-master",""
"","13216","Boundary integer submission ids do not 500","meter-replacement","2026-09-15","passed","2026-09-15","Boundary integer submission ids do not 500","Meter Replacement Submission Detail API — Negative & Edge","submission-detail-negative",""
"","502","Validate sent invitations list — email search","auth","2026-09-15","passed","2026-09-15","Validate sent invitations list — email search","Auth Sent Invitations List API","invite-list",""
"","1897","Communication consumers — invalid meter type is rejected","reports","2026-09-15","passed","2026-09-15","Communication consumers — invalid meter type is rejected","Communication consumers report","communicationconsumers",""
"","69","Sample profile — capacity and map pin can be empty","dtrs","2026-09-15","passed","2026-09-15","Sample profile — capacity and map pin can be empty","DTR profile","dtrprofile",""
"","1","Aberrations rejects invalid bearer token","revenue-protection","2026-09-15","skipped","2026-09-15","Aberrations rejects invalid bearer token","Revenue Protection — Aberrations Auth Negative","aberrations-auth-negative",""
"","23951","How many meters we have — from_date and to_date still work","mis-dashboard","2026-09-15","passed","2026-09-15","How many meters we have — from_date and to_date still work","How many meters we have","communicationstats",""
"","1519","DTR power on/off chart — an invalid time period is rejected","dashboard","2026-09-15","passed","2026-09-15","DTR power on/off chart — an invalid time period is rejected","Dashboard — DTR power on/off","dtrpowerstatus",""
"","2830","Communication DTRs — day first page shows columns and DTRs","reports","2026-09-15","passed","2026-09-15","Communication DTRs — day first page shows columns and DTRs","Communication DTRs report","communicationdtrs",""
"","2017","DTR billing — 1–30 Oct 2025 first page (null total is valid)","reports","2026-09-15","passed","2026-09-15","DTR billing — 1–30 Oct 2025 first page (null total is valid)","DTR billing report","dtrbilling",""
"","645","Other events — by consumer category, hour by hour, DTR meters only","mis-dashboard","2026-09-15","passed","2026-09-15","Other events — by consumer category, hour by hour, DTR meters only","Other events","eventdataother",""
"","1996","Power Factor Violation — non-household connections: number of meters on the page matches the total","commericial-analysis","2026-09-15","passed","2026-09-15","Power Factor Violation — non-household connections: number of meters on the page matches the total","Power Factor Violation report","powerfactor",""
"","927","DTR search — showing 1 per page returns at most 1 record","utils-lookup","2026-09-15","passed","2026-09-15","UTILS-LOOKUP › utils › lookup-catalog.harness.ts › DTR search › DTR search — showing 1 per page returns at most 1 record","indoore_backend_testing","modules/UTILS-LOOKUP/tests/dtrsearch",""
"","2145","IND-RPT-003 — Validate pagination — page 2 (limit 5)","revenue-protection","2026-09-15","failed","2026-09-15","IND-RPT-003 — Validate pagination — page 2 (limit 5)","Revenue Protection — Cases Detail API","cases",""
"","77","DTR communication — Oct 2025 fixture (includeTotal=false)","reports","2026-09-15","passed","2026-09-15","DTR communication — Oct 2025 fixture (includeTotal=false)","DTR communication report","dtrcommunication",""
"","1","Negative page is rejected","revenue-protection","2026-09-15","skipped","2026-09-15","Negative page is rejected","Revenue Protection — Aberrations Negative","aberrations-negative",""
"","433","What kinds of events happened — by meter type, all meters","mis-dashboard","2026-09-15","passed","2026-09-15","What kinds of events happened — by meter type, all meters","What kinds of events happened","event-classification",""
"","235","Pattern Consumption Comparison Contract Snapshot","consumption","2026-09-15","passed","2026-09-15","Pattern Consumption Comparison Contract Snapshot","CONSUMPTION — Contract Snapshots","consumption.contract",""
"","2693","Consumer search — showing 1 per page returns at most 1 record","utils-lookup","2026-09-15","passed","2026-09-15","UTILS-LOOKUP › utils › lookup-catalog.harness.ts › Consumer search › Consumer search — showing 1 per page returns at most 1 record","indoore_backend_testing","modules/UTILS-LOOKUP/tests/consumersearch",""
"","297","Power problems — by meter type, week by week, DTR meters only","mis-dashboard","2026-09-15","passed","2026-09-15","Power problems — by meter type, week by week, DTR meters only","Power problems","eventdatapower",""
"","2","Urgency level 3 events — hour by hour","mis-dashboard","2026-09-15","skipped","2026-09-15","Urgency level 3 events — hour by hour","Urgency level 3 events","eventpriority3",""
"","633","Consumption Pattern — showing 1 meter per page returns at most one meter","commericial-analysis","2026-09-15","passed","2026-09-15","Consumption Pattern — showing 1 meter per page returns at most one meter","Commercial Analysis — extra report checks","commercial-edge",""
"","60","Sample loading gauge — percent of rated size","dtrs","2026-09-15","passed","2026-09-15","Sample loading gauge — percent of rated size","DTR loading gauge","dtrcapacitygauge",""
"","1688","cannot open with an empty login token","dashboard","2026-09-15","passed","2026-09-15","cannot open with an empty login token","DTR communication list — cannot open without a valid login","dtrcommunicationdetails",""
"","2868","Consumer search — first page shows columns and records","utils-lookup","2026-09-15","passed","2026-09-15","UTILS-LOOKUP › utils › lookup-catalog.harness.ts › Consumer search › Consumer search — first page shows columns and records","indoore_backend_testing","modules/UTILS-LOOKUP/tests/consumersearch",""
"","0","DELETE /auth/devices/:id — unknown device returns 404","auth","2026-09-15","skipped","2026-09-15","DELETE /auth/devices/:id — unknown device returns 404","Auth Devices API","auth-devices",""
"","1","Valid date range returns success","meter-replacement","2026-09-15","skipped","2026-09-15","Valid date range returns success","Meter Replacement Submission History API - Filters and Edge","submission-history-negative",""
"","958","cannot open with an empty login token","dashboard","2026-09-15","passed","2026-09-15","cannot open with an empty login token","DTR loading list — cannot open without a valid login","dtrpercentageloadingdetails",""
"","1818","Dashboard overview — extra unused filters are ignored","dashboard","2026-09-15","passed","2026-09-15","Dashboard overview — extra unused filters are ignored","Dashboard — overview numbers","dashboardmetrics",""
"","236","Current problems — an invalid time range is rejected","mis-dashboard","2026-09-15","passed","2026-09-15","Current problems — an invalid time range is rejected","Current problems","eventdatacurrent",""
"","1667","POST /permissions/modules — duplicate module key returns 409 or 400","modules-permissions","2026-09-15","passed","2026-09-15","POST /permissions/modules — duplicate module key returns 409 or 400","Module Permission — Negative","modulepermission-negative",""
"","37","Saved example — normally loaded DTRs with rows","dashboard","2026-09-15","passed","2026-09-15","Saved example — normally loaded DTRs with rows","Dashboard — DTR loading list","dtrpercentageloadingdetails",""
"","1834","Network hierarchy — live tree","utils-lookup","2026-09-15","passed","2026-09-15","UTILS-LOOKUP › utils › lookup-catalog.harness.ts › Network hierarchy › Network hierarchy — live tree","indoore_backend_testing","modules/UTILS-LOOKUP/tests/networkhierarchy",""
"","233","Min-max voltage count — column and field names stay the same","reports","2026-09-15","passed","2026-09-15","Min-max voltage count — column and field names stay the same","Reports — contract snapshots","reports.contract",""
"","1806","Feeder daily energy — cannot open with a badly formed login token","feeder","2026-09-15","passed","2026-09-15","Feeder daily energy — cannot open with a badly formed login token","Feeder screens — cannot open without a valid login","feeder-auth",""
"","26","Saved example — balanced empty page (Aug 2026)","dashboard","2026-09-15","passed","2026-09-15","Saved example — balanced empty page (Aug 2026)","Dashboard — DTR load unbalance list","dtrloadunbalancedetails",""
"","44","Min-max voltage — empty page fixture","reports","2026-09-15","passed","2026-09-15","Min-max voltage — empty page fixture","Min-max voltage report","minmaxvoltage",""
"","1093","Current without voltage — showing 1 per page returns at most 1 record","reports","2026-09-15","passed","2026-09-15","Current without voltage — showing 1 per page returns at most 1 record","Current without voltage report","currentwithoutvoltage",""
"","883","Feeder profile — cannot open with an expired login token","feeder","2026-09-15","passed","2026-09-15","Feeder profile — cannot open with an expired login token","Feeder screens — cannot open without a valid login","feeder-auth",""
"","261","Talking vs not talking overview — from-date and to-date still work","mis-dashboard","2026-09-15","passed","2026-09-15","Talking vs not talking overview — from-date and to-date still work","Talking vs not talking overview","communication-overview",""
"","893","Monthly billing — asking for more than 5000 rows per page is rejected","billing","2026-09-15","passed","2026-09-15","Monthly billing — asking for more than 5000 rows per page is rejected","Monthly billing list","billingdata",""
"","330","LF < 5% — household and non-household lists are the same (connection type filter is not applied)","commericial-analysis","2026-09-15","passed","2026-09-15","LF < 5% — household and non-household lists are the same (connection type filter is not applied)","Load Factor report","loadfactor",""
"","32","Sample chart — days with energy, power factor, and reactive energy","dtrs","2026-09-15","passed","2026-09-15","Sample chart — days with energy, power factor, and reactive energy","DTR energy over time","dtrdailythresholdchart",""
"","246","Meter communication — screen shape is unchanged","consumers","2026-09-15","passed","2026-09-15","Meter communication — screen shape is unchanged","Consumers — screen shape checks","consumers.contract",""
"","905","Can this meter be given to a consumer? — extra unused options are ignored","consumers","2026-09-15","passed","2026-09-15","Can this meter be given to a consumer? — extra unused options are ignored","Can this meter be given to a consumer?","validatemeter",""
"","1004","Urgency level 1 events — week by week, all meters","mis-dashboard","2026-09-15","passed","2026-09-15","Urgency level 1 events — week by week, all meters","Urgency level events","eventpriority",""
"","1749","Validate LS loss analysis","energy-audits","2026-09-15","failed","2026-09-15","Energy Audit Loss Analysis — DTR › Validate LS loss analysis","loss-analysis.harness.ts","modules/ENERGY-AUDITS/tests/loss-analysis-dtr",""
"","927","Transformer load — page numbering must start at 1","dtr-load","2026-09-15","passed","2026-09-15","Transformer load — page numbering must start at 1","Transformer load reports","dtrload",""
"","2605","Consumers by meter make — L&T meters","dashboard","2026-09-15","passed","2026-09-15","Consumers by meter make — L&T meters","Dashboard — consumers by meter make","consumeroemdistribution",""
"","961","Consumer search — a non-numeric page is rejected","utils-lookup","2026-09-15","passed","2026-09-15","UTILS-LOOKUP › utils › lookup-catalog.harness.ts › Consumer search › Consumer search — a non-numeric page is rejected","indoore_backend_testing","modules/UTILS-LOOKUP/tests/consumersearch",""
"","65","Sample profile — capacity shown as kVA with a map pin","dtrs","2026-09-15","passed","2026-09-15","Sample profile — capacity shown as kVA with a map pin","DTR profile","dtrprofile",""
"","889","Monthly billing — page numbering must start at 1","billing","2026-09-15","passed","2026-09-15","Monthly billing — page numbering must start at 1","Monthly billing list","billingdata",""
"","270","What kinds of events happened — by consumer category, both is treated as all meters","mis-dashboard","2026-09-15","passed","2026-09-15","What kinds of events happened — by consumer category, both is treated as all meters","What kinds of events happened","event-classification",""
"","347","Meter transaction events — by consumer category, week by week, consumer meters only","mis-dashboard","2026-09-15","passed","2026-09-15","Meter transaction events — by consumer category, week by week, consumer meters only","Meter transaction events","eventdatatransaction",""
"","2695","Consumers by category — commercial connections","dashboard","2026-09-15","passed","2026-09-15","Consumers by category — commercial connections","Dashboard — consumers by category","consumercategorydistribution",""
"","968","How meters are talking — live=1 still opens","mis-dashboard","2026-09-15","passed","2026-09-15","How meters are talking — live=1 still opens","How meters are talking","communication",""
"","1317","Urgency level 6 events — consumers is treated as consumer meters","mis-dashboard","2026-09-15","passed","2026-09-15","Urgency level 6 events — consumers is treated as consumer meters","Urgency level events","eventpriority",""
"","937","Consumption chart — unknown meter is empty or not found","consumers","2026-09-15","passed","2026-09-15","Consumption chart — unknown meter is empty or not found","Consumption chart","energyconsumptiongraph",""
"","258","GET /asset-management/dtr/:id — invalid id zero returns 400 or 404","asset-management","2026-09-15","passed","2026-09-15","GET /asset-management/dtr/:id — invalid id zero returns 400 or 404","Asset Management — Negative","asset-management-negative",""
"","37","Saved example — severe page with hierarchy row","dashboard","2026-09-15","passed","2026-09-15","Saved example — severe page with hierarchy row","Dashboard — DTR voltage unbalance list","dtrvoltageunbalancedetails",""
"","2388","Consumers by meter phase — three-phase whole-current meters","dashboard","2026-09-15","passed","2026-09-15","Consumers by meter phase — three-phase whole-current meters","Dashboard — consumers by meter phase","consumerphasedistribution",""
"","1","Urgency level 5 events — week by week","mis-dashboard","2026-09-15","skipped","2026-09-15","Urgency level 5 events — week by week","Urgency level 5 events","eventpriority5",""
"","238","Voltage problems — an invalid grouping is rejected","mis-dashboard","2026-09-15","passed","2026-09-15","Voltage problems — an invalid grouping is rejected","Voltage problems","eventdatavoltage",""
"","255","Event summary — extra unused options are ignored","mis-dashboard","2026-09-15","passed","2026-09-15","Event summary — extra unused options are ignored","Event summary","eventdata",""
"","480","Urgency level 5 events — dtrs is treated as DTR meters","mis-dashboard","2026-09-15","passed","2026-09-15","Urgency level 5 events — dtrs is treated as DTR meters","Urgency level events","eventpriority",""
"","439","Urgency level 2 events — hour by hour, consumer meters only","mis-dashboard","2026-09-15","passed","2026-09-15","Urgency level 2 events — hour by hour, consumer meters only","Urgency level events","eventpriority",""
"","34","DTR event — empty page fixture","reports","2026-09-15","passed","2026-09-15","DTR event — empty page fixture","DTR event report","dtrevent",""
"","14","Power Failure report — first and last page have no duplicate meters","technical-analysis","2026-09-15","skipped","2026-09-15","Technical report — first and last page have no duplicate meters › Power Failure report — first and last page have no duplicate meters","Technical report","technicalanalysis",""
"","893","Master data change history — an invalid page number is rejected","master-data","2026-09-15","passed","2026-09-15","Master data change history — an invalid page number is rejected","Master data — change history","master-data-audit-logs",""
"","361","Power problems — by consumer category, week by week, consumer meters only","mis-dashboard","2026-09-15","passed","2026-09-15","Power problems — by consumer category, week by week, consumer meters only","Power problems","eventdatapower",""
"","41","Saved example — yearly null energy buckets (10 Jul 2026)","dashboard","2026-09-15","passed","2026-09-15","Saved example — yearly null energy buckets (10 Jul 2026)","Dashboard — DTR consumption","dtrconsumption",""
"","251","Event summary — by meter type, day by day, all meters","mis-dashboard","2026-09-15","passed","2026-09-15","Event summary — by meter type, day by day, all meters","Event summary","eventdata",""
"","1800","Technical summary — missing month is rejected","technical-analysis","2026-09-15","passed","2026-09-15","Technical summary — missing month is rejected","Technical summary","technical-summary",""
"","8772","Commercial dashboard — all report cards load for the selected month","commericial-analysis","2026-09-15","passed","2026-09-15","Commercial dashboard — all report cards load for the selected month","Commercial dashboard — report cards","commercial-summary",""
"","697","Last three months — asking for one consumer at a time still returns a row","consumption","2026-09-15","passed","2026-09-15","Last three months — asking for one consumer at a time still returns a row","Consumption API — Edge","consumption-edge",""
"","227","Monthly net meter rejects missing auth","consumption","2026-09-15","passed","2026-09-15","Monthly net meter rejects missing auth","Consumption API — Auth Negative","consumption-auth-negative",""
"","1","Dashboard totals match the detailed reports and the billing database","commericial-analysis","2026-09-15","skipped","2026-09-15","Dashboard totals match the detailed reports and the billing database","Commercial Analysis — meter details vs database","commericial-analysis.db",""
"","1251","Urgency level 6 events — a blank time range is rejected","mis-dashboard","2026-09-15","passed","2026-09-15","Urgency level 6 events — a blank time range is rejected","Urgency level events","eventpriority",""
"","2125","Min-max voltage — Oct 2025 min R first page shows columns and meters","reports","2026-09-15","passed","2026-09-15","Min-max voltage — Oct 2025 min R first page shows columns and meters","Min-max voltage report","minmaxvoltage",""
"","3673","Dashboard overview — counts and cards load","dashboard","2026-09-15","passed","2026-09-15","Dashboard overview — counts and cards load","Dashboard — overview numbers","dashboardmetrics",""
"","77","Billing MD snapshot — sparse hierarchy fixture","reports","2026-09-15","passed","2026-09-15","Billing MD snapshot — sparse hierarchy fixture","Billing MD snapshot report","billingmdsnapshot",""
"","881","Mapped vs unmapped meters — cannot open with a badly formed login token","overall-dashboard","2026-09-15","passed","2026-09-15","Mapped vs unmapped meters — cannot open with a badly formed login token","Home dashboard screens — cannot open without a valid login","overall-dashboard-auth",""
"","290","Urgency level 5 events — week by week, DTR meters only","mis-dashboard","2026-09-15","passed","2026-09-15","Urgency level 5 events — week by week, DTR meters only","Urgency level events","eventpriority",""
"","524","Events that did not roll over — dtrs is treated as DTR meters","mis-dashboard","2026-09-15","passed","2026-09-15","Events that did not roll over — dtrs is treated as DTR meters","Events that did not roll over","eventdatanonrollover",""
"","241204","Validate POST /indore/meter-replacement/bulk/validate — new meter reading must be numeric","meter-replacement","2026-09-15","broken","2026-09-15","Validate POST /indore/meter-replacement/bulk/validate — new meter reading must be numeric","Bulk Validate Meter Replacement API","bulk-validation",""
"","1142","Can this meter be given to a consumer? — checking the same serial twice gives the same answer","consumers","2026-09-15","passed","2026-09-15","Can this meter be given to a consumer? — checking the same serial twice gives the same answer","Can this meter be given to a consumer?","validatemeter",""
"","1485","Urgency level 5 events — day by day, all meters","mis-dashboard","2026-09-15","passed","2026-09-15","Urgency level 5 events — day by day, all meters","Urgency level events","eventpriority",""
"","304","What kinds of events happened — by consumer category, all meters","mis-dashboard","2026-09-15","passed","2026-09-15","What kinds of events happened — by consumer category, all meters","What kinds of events happened","event-classification",""
"","92","DTR event — 1–30 Oct 2025 fixture","reports","2026-09-15","passed","2026-09-15","DTR event — 1–30 Oct 2025 fixture","DTR event report","dtrevent",""
"","1351","Meter transaction events — by meter type, hour by hour, DTR meters only","mis-dashboard","2026-09-15","passed","2026-09-15","Meter transaction events — by meter type, hour by hour, DTR meters only","Meter transaction events","eventdatatransaction",""
"","1435","DTR list — page 2 shows the next set of records","master-data","2026-09-15","passed","2026-09-15","DTR list — page 2 shows the next set of records","Master data — DTR list","dtr-master",""
"","481","Urgency level 5 events — both is treated as all meters","mis-dashboard","2026-09-15","passed","2026-09-15","Urgency level 5 events — both is treated as all meters","Urgency level events","eventpriority",""
"","1803","Event detail — page 0 is rejected (page must start at 1)","reports","2026-09-15","passed","2026-09-15","Event detail — page 0 is rejected (page must start at 1)","Event detail report","eventdetail",""
"","239","Validate POST /commands/demand-config — invalid type returns validation error","hes-commands","2026-09-15","passed","2026-09-15","Validate POST /commands/demand-config — invalid type returns validation error","HES Commands — Demand Config (E2E)","commands-demand-config",""
"","1631","cannot open without logging in","dashboard","2026-09-15","passed","2026-09-15","cannot open without logging in","DTR voltage unbalance list — cannot open without a valid login","dtrvoltageunbalancedetails",""
"","24","Saved example — DTRs that are OFF with hierarchy row","dashboard","2026-09-15","passed","2026-09-15","Saved example — DTRs that are OFF with hierarchy row","Dashboard — DTR power on/off list","dtrpowerstatusdetails",""
"","5738","Low Power Factor report — first page shows columns and meters","technical-analysis","2026-09-15","passed","2026-09-15","Low Power Factor report — first page shows columns and meters","Technical report","technicalanalysis",""
"","40663","Consumption Pattern — Zero Consumption for Last 3 months: first and last page have no duplicate meters","commericial-analysis","2026-09-15","passed","2026-09-15","Consumption Pattern — first and last page have no duplicate meters › Consumption Pattern — Zero Consumption for Last 3 months: first and last page have no duplicate meters","Consumption Pattern report","consumptionpattern",""
"","7658","Ignored query params still return dashboard summary","meter-replacement","2026-09-15","failed","2026-09-15","Ignored query params still return dashboard summary","Meter Replacement Dashboard Summary API — Negative & Edge","dashboard-summary-negative",""
"","249","Event summary — by meter type, month by month, consumer meters only","mis-dashboard","2026-09-15","passed","2026-09-15","Event summary — by meter type, month by month, consumer meters only","Event summary","eventdata",""
"","502","Power problems — consumers is treated as consumer meters","mis-dashboard","2026-09-15","passed","2026-09-15","Power problems — consumers is treated as consumer meters","Power problems","eventdatapower",""
"","24","Saved example — all-zero Severe/Moderate/Balanced distribution (13 Jul 2026)","dashboard","2026-09-15","passed","2026-09-15","Saved example — all-zero Severe/Moderate/Balanced distribution (13 Jul 2026)","Dashboard — DTR load unbalance","dtrloadunbalance",""
"","89","Event detail — 1–30 Oct 2025 fixture","reports","2026-09-15","passed","2026-09-15","Event detail — 1–30 Oct 2025 fixture","Event detail report","eventdetail",""
"","1527","POST /permissions/modules/:id/permissions — key prefix mismatch returns 400","modules-permissions","2026-09-15","passed","2026-09-15","POST /permissions/modules/:id/permissions — key prefix mismatch returns 400","Module Permission — Negative","modulepermission-negative",""
"","15","Ip!=In (Phase current is not equal to neutral current) report — first and last page have no duplicate meters","technical-analysis","2026-09-15","skipped","2026-09-15","Technical report — first and last page have no duplicate meters › Ip!=In (Phase current is not equal to neutral current) report — first and last page have no duplicate meters","Technical report","technicalanalysis",""
"","1298","Consumption Pattern — Zero Consumption: report opens and usage follows the rule","commericial-analysis","2026-09-15","passed","2026-09-15","Consumption Pattern — Zero Consumption: report opens and usage follows the rule","Consumption Pattern report","consumptionpattern",""
"","9723","Validate POST /indore/meter-replacement/bulk/validate — required columns must be present","meter-replacement","2026-09-15","failed","2026-09-15","Validate POST /indore/meter-replacement/bulk/validate — required columns must be present","Bulk Validate Meter Replacement API","bulk-validation",""
"","1971","Daily consumption — first page lists each consumer (readings may be empty)","consumption","2026-09-15","passed","2026-09-15","Daily consumption — first page lists each consumer (readings may be empty)","Daily consumption list","dailyconsumption",""
"","1394","DTR loading gauge — extra filters that nobody uses are ignored","dtrs","2026-09-15","passed","2026-09-15","DTR loading gauge — extra filters that nobody uses are ignored","DTR loading gauge","dtrcapacitygauge",""
"","902","Nearby accounts — letters-only account has no neighbours","consumers","2026-09-15","passed","2026-09-15","Nearby accounts — letters-only account has no neighbours","Nearby accounts","nearestaccountids",""
"","1223","Consumer report — column and field names stay the same","reports","2026-09-15","passed","2026-09-15","Consumer report — column and field names stay the same","Reports — contract snapshots","reports.contract",""
"","6741","Technical summary — card totals match the report list","technical-analysis","2026-09-15","failed","2026-09-15","Technical summary — card totals match the report list","Technical summary","technical-summary",""
"","268","Monthly net meter — leftover unused filters are ignored","consumption","2026-09-15","passed","2026-09-15","Monthly net meter — leftover unused filters are ignored","Consumption API — Edge","consumption-edge",""
"","662","Power problems — by consumer category, hour by hour, all meters","mis-dashboard","2026-09-15","passed","2026-09-15","Power problems — by consumer category, hour by hour, all meters","Power problems","eventdatapower",""
"","25","Event summary — sample: resolved and pending counts","consumers","2026-09-15","passed","2026-09-15","Event summary — sample: resolved and pending counts","Event summary","eventlogcards",""
"","1679","DTR consumption chart — an invalid time period is rejected","dashboard","2026-09-15","passed","2026-09-15","DTR consumption chart — an invalid time period is rejected","Dashboard — DTR consumption","dtrconsumption",""
"","2622","DTR loading list — extra unused filters are ignored","dashboard","2026-09-15","passed","2026-09-15","DTR loading list — extra unused filters are ignored","Dashboard — DTR loading list","dtrpercentageloadingdetails",""
"","15484","Validate Meter Replacement Submission Detail API","meter-replacement","2026-09-15","failed","2026-09-15","Validate Meter Replacement Submission Detail API","Meter Replacement Submission Detail API","submission-detail",""
"","756","Technical report — column and field names stay the same","technical-analysis","2026-09-15","passed","2026-09-15","Technical report — column and field names stay the same","Technical analysis — contract snapshots","technical-analysis.contract",""
"","8417","Consumption Compare — Abnormal Low: billing data is not ready yet","commericial-analysis","2026-09-15","passed","2026-09-15","Consumption Compare — Abnormal Low: billing data is not ready yet","Commercial Analysis — extra report checks","commercial-edge",""
"","1188","How many meters we have — from-date and to-date still work","mis-dashboard","2026-09-15","passed","2026-09-15","How many meters we have — from-date and to-date still work","How many meters we have","communicationstats",""
"","2768","Day and Night — Night consumption <= 10% of Day consumption: household and non-household lists are the same (connection type filter is not applied)","commericial-analysis","2026-09-15","passed","2026-09-15","Day and Night — Night consumption <= 10% of Day consumption: household and non-household lists are the same (connection type filter is not applied)","Day and Night consumption report","daynight",""
"","248","IND-RPT-ATZ-NEG-004 — page=0 is rejected","revenue-protection","2026-09-15","passed","2026-09-15","IND-RPT-ATZ-NEG-004 — page=0 is rejected","Revenue Protection — ATR Zone Negative","atr-zone.negative",""
"","1551","DTR events — a second transformer still shows events","dtrs","2026-09-15","passed","2026-09-15","DTR events — a second transformer still shows events","DTR events","dtrevents",""
"","241","Power Factor Violation — page 0 is rejected (page must start at 1)","commericial-analysis","2026-09-15","passed","2026-09-15","Power Factor Violation — page 0 is rejected (page must start at 1)","Commercial Analysis — invalid filters are rejected","commercial-negative",""
"","893","Power quality — blank consumer number is rejected","consumers","2026-09-15","passed","2026-09-15","Power quality — blank consumer number is rejected","Power quality","powerquality",""
"","256","How many events by urgency — consumers is treated as consumer meters","mis-dashboard","2026-09-15","passed","2026-09-15","How many events by urgency — consumers is treated as consumer meters","How many events by urgency","priority-overview",""
"","883","cannot open without logging in","dashboard","2026-09-15","passed","2026-09-15","cannot open without logging in","DTR power on/off list — cannot open without a valid login","dtrpowerstatusdetails",""
"","1552","Can this meter be given to a consumer? — extra spaces around the serial are ignored","consumers","2026-09-15","passed","2026-09-15","Can this meter be given to a consumer? — extra spaces around the serial are ignored","Can this meter be given to a consumer?","validatemeter",""
"","10","YNR Low Power Factor report — first page shows columns and meters","technical-analysis","2026-09-15","skipped","2026-09-15","YNR Low Power Factor report — first page shows columns and meters","Technical report","technicalanalysis",""
"","1378","Consumption Compare — report still opens when the report type is not selected (uses default)","commericial-analysis","2026-09-15","passed","2026-09-15","Consumption Compare — report still opens when the report type is not selected (uses default)","Commercial Analysis — extra report checks","commercial-edge",""
"","9202","Validate POST /indore/meter-replacement/bulk/validate — at least one data row required","meter-replacement","2026-09-15","failed","2026-09-15","Validate POST /indore/meter-replacement/bulk/validate — at least one data row required","Bulk Validate Meter Replacement API","bulk-validation",""
"","1282","Network search — field names stay the same","utils-lookup","2026-09-15","passed","2026-09-15","Network search — field names stay the same","Utils lookup — contract snapshots","utils-lookup.contract",""
"","237","Feeder alerts — showing zero events at a time is not allowed","feeder","2026-09-15","passed","2026-09-15","Feeder alerts — showing zero events at a time is not allowed","Feeder — mistakes that should be blocked","feeder-negative",""
"","24","Saved example — L&T with rows (offline)","dashboard","2026-09-15","passed","2026-09-15","Saved example — L&T with rows (offline)","Dashboard — consumers by meter make","consumeroemdistribution",""
"","960","Consumption chart — last few hours","consumers","2026-09-15","passed","2026-09-15","Consumption chart — last few hours","Consumption chart","energyconsumptiongraph",""
"","95369","Validate POST /commands/load-curtailment → query-meter-job — load_curtailment_get E2E","hes-commands","2026-09-15","passed","2026-09-15","Validate POST /commands/load-curtailment → query-meter-job — load_curtailment_get E2E","HES Commands — Load Curtailment (E2E)","commands-load-curtailment",""
"","927","Energy flow chart — unknown meter is empty or not found","consumers","2026-09-15","passed","2026-09-15","Energy flow chart — unknown meter is empty or not found","Energy flow chart","energyflow",""
"","256","Event summary — by urgency, month by month, DTR meters only","mis-dashboard","2026-09-15","passed","2026-09-15","Event summary — by urgency, month by month, DTR meters only","Event summary","eventdata",""
"","486","Urgency level 4 events — consumers is treated as consumer meters","mis-dashboard","2026-09-15","passed","2026-09-15","Urgency level 4 events — consumers is treated as consumer meters","Urgency level events","eventpriority",""
"","1805","Meter communication — unknown meter shows empty or not found","consumers","2026-09-15","passed","2026-09-15","Meter communication — unknown meter shows empty or not found","Meter communication","communicationstatus",""
"","1821","Feeder alerts — first page of events (an empty list is still OK)","feeder","2026-09-15","passed","2026-09-15","Feeder alerts — first page of events (an empty list is still OK)","Feeder alerts","feeder-alerts",""
"","645","Voltage problems — by consumer category, hour by hour, all meters","mis-dashboard","2026-09-15","passed","2026-09-15","Voltage problems — by consumer category, hour by hour, all meters","Voltage problems","eventdatavoltage",""
"","1798","Consumer report — missing fromDate is rejected","reports","2026-09-15","passed","2026-09-15","Consumer report — missing fromDate is rejected","Consumer report","consumerreport",""
"","1473","cannot open with an empty login token","dashboard","2026-09-15","passed","2026-09-15","cannot open with an empty login token","Consumers by category — cannot open without a valid login","consumercategorydistribution",""
"","237","What kinds of events happened — an invalid grouping is rejected","mis-dashboard","2026-09-15","passed","2026-09-15","What kinds of events happened — an invalid grouping is rejected","What kinds of events happened","event-classification",""
"","936","DTR communication chart — daily view loads","dashboard","2026-09-15","passed","2026-09-15","DTR communication chart — daily view loads","Dashboard — DTR communication","dtrcommunication",""
"","961","Consumption chart — opens using the account number","consumers","2026-09-15","passed","2026-09-15","Consumption chart — opens using the account number","Consumption chart","energyconsumptiongraph",""
"","4","Technical report — unknown query params are ignored","technical-analysis","2026-09-15","skipped","2026-09-15","Technical report — unknown query params are ignored","Technical report","technicalanalysis",""
"","514","Current problems — consumers is treated as consumer meters","mis-dashboard","2026-09-15","passed","2026-09-15","Current problems — consumers is treated as consumer meters","Current problems","eventdatacurrent",""
"","1","Urgency level 5 events — day by day","mis-dashboard","2026-09-15","skipped","2026-09-15","Urgency level 5 events — day by day","Urgency level 5 events","eventpriority5",""
"","241","Talking vs not talking overview — a bad date is rejected","mis-dashboard","2026-09-15","passed","2026-09-15","Talking vs not talking overview — a bad date is rejected","Talking vs not talking overview","communication-overview",""
"","1907","Event report — page 0 is rejected (page must start at 1)","reports","2026-09-15","passed","2026-09-15","Event report — page 0 is rejected (page must start at 1)","Event report","eventreport",""
"","1449","Other events — by consumer category, hour by hour, all meters","mis-dashboard","2026-09-15","passed","2026-09-15","Other events — by consumer category, hour by hour, all meters","Other events","eventdataother",""
"","241209","Validate POST /indore/meter-replacement/bulk/validate — new meter must not already be assigned","meter-replacement","2026-09-15","broken","2026-09-15","Validate POST /indore/meter-replacement/bulk/validate — new meter must not already be assigned","Bulk Validate Meter Replacement API","bulk-validation",""
"","1573","Power Factor Violation — report still opens when PF limit is not selected (uses default)","commericial-analysis","2026-09-15","passed","2026-09-15","Power Factor Violation — report still opens when PF limit is not selected (uses default)","Commercial Analysis — extra report checks","commercial-edge",""
"","488","Power problems — by meter type, day by day, DTR meters only","mis-dashboard","2026-09-15","passed","2026-09-15","Power problems — by meter type, day by day, DTR meters only","Power problems","eventdatapower",""
"","1869","Min-max voltage count — a month with no readings still returns 200","reports","2026-09-15","passed","2026-09-15","Min-max voltage count — a month with no readings still returns 200","Min-max voltage count","minmaxvoltagecount",""
"","2","Can this meter be given to a consumer? — unused active meter is allowed","consumers","2026-09-15","skipped","2026-09-15","Can this meter be given to a consumer? — unused active meter is allowed","Can this meter be given to a consumer?","validatemeter",""
"","6088","Validate User Management Module","users-admin","2026-09-15","failed","2026-09-15","Validate User Management Module","User Management Flow","usermanagement",""
"","240","Voltage problems — network 0 is rejected","mis-dashboard","2026-09-15","passed","2026-09-15","Voltage problems — network 0 is rejected","Voltage problems","eventdatavoltage",""
"","264","Talking meters by category — start date after end date is rejected","mis-dashboard","2026-09-15","passed","2026-09-15","Talking meters by category — start date after end date is rejected","Talking meters by category","communication-category",""
"","455","Urgency level 1 events — hour by hour, all meters","mis-dashboard","2026-09-15","passed","2026-09-15","Urgency level 1 events — hour by hour, all meters","Urgency level events","eventpriority",""
"","1636","Validate GET /auth/devices — session device catalog","auth","2026-09-15","failed","2026-09-15","Validate GET /auth/devices — session device catalog","Auth Devices API","auth-devices",""
"","1127","How many meters we have — start date after end date is rejected","mis-dashboard","2026-09-15","passed","2026-09-15","How many meters we have — start date after end date is rejected","How many meters we have","communicationstats",""
"","2232","DTR power on/off chart — weekly view loads","dashboard","2026-09-15","failed","2026-09-15","DTR power on/off chart — weekly view loads","Dashboard — DTR power on/off","dtrpowerstatus",""
"","2353","Disallowed HTTP methods are rejected","meter-replacement","2026-09-15","passed","2026-09-15","Disallowed HTTP methods are rejected","Meter Replacement Consumer Detail API — Auth Negative","consumer-detail-negative",""
"","908","event classifications — ids and names are unique","utils-lookup","2026-09-15","passed","2026-09-15","UTILS-LOOKUP › utils › lookup-catalog.harness.ts › Event classifications › event classifications — ids and names are unique","indoore_backend_testing","modules/UTILS-LOOKUP/tests/eventclassification",""
"","1888","event priorities — list shows ids and names","utils-lookup","2026-09-15","passed","2026-09-15","UTILS-LOOKUP › utils › lookup-catalog.harness.ts › Event priorities › event priorities — list shows ids and names","indoore_backend_testing","modules/UTILS-LOOKUP/tests/eventpriority",""
"","240","Urgency level 4 events — organisation 0 is rejected","mis-dashboard","2026-09-15","passed","2026-09-15","Urgency level 4 events — organisation 0 is rejected","Urgency level events","eventpriority",""
"","889","Min-max voltage count — missing meterPhaseTblRefId is rejected","reports","2026-09-15","passed","2026-09-15","Min-max voltage count — missing meterPhaseTblRefId is rejected","Min-max voltage count","minmaxvoltagecount",""
"","322","LF < 5% Last Three month — household and non-household lists are the same (connection type filter is not applied)","commericial-analysis","2026-09-15","passed","2026-09-15","LF < 5% Last Three month — household and non-household lists are the same (connection type filter is not applied)","Load Factor report","loadfactor",""
"","775","IND-RPT-ABE-CONTRACT-001 — Aberrations columns contract snapshot","revenue-protection","2026-09-15","failed","2026-09-15","IND-RPT-ABE-CONTRACT-001 — Aberrations columns contract snapshot","Revenue Protection — Aberrations Contract Snapshot","aberrations.contract",""
"","254","Event summary — by meter type, month by month, all meters","mis-dashboard","2026-09-15","passed","2026-09-15","Event summary — by meter type, month by month, all meters","Event summary","eventdata",""
"","879","cannot open with a badly formed login token","dashboard","2026-09-15","passed","2026-09-15","cannot open with a badly formed login token","Dashboard overview — cannot open without a valid login","dashboardmetrics",""
"","240","Urgency level 6 events — saved screen shape","mis-dashboard","2026-09-15","passed","2026-09-15","Urgency level 6 events — saved screen shape","Saved screen shape","mis-dashboard.contract",""
"","2074","Validate GET /commands/meter-info/:serial — HES device metadata","hes-commands","2026-09-15","passed","2026-09-15","Validate GET /commands/meter-info/:serial — HES device metadata","HES Commands — Meter Info","commands-meter-info",""
"","4","Monthly billing — first page meter name and IVRS match the database","billing","2026-09-15","skipped","2026-09-15","Monthly billing — first page meter name and IVRS match the database","Monthly billing vs database","billing.db",""
"","990","Monthly billing — leaving out the month is rejected","billing","2026-09-15","passed","2026-09-15","Monthly billing — leaving out the month is rejected","Monthly billing list","billingdata",""
"","4171","Consumers by category — residential connections","dashboard","2026-09-15","passed","2026-09-15","Consumers by category — residential connections","Dashboard — consumers by category","consumercategorydistribution",""
"","234","Daily consumption — leaving out the report type is rejected","consumption","2026-09-15","passed","2026-09-15","Daily consumption — leaving out the report type is rejected","Consumption API — Negative","consumption-negative",""
"","1733","Organisation search — limit 1 returns at most 1 record","utils-lookup","2026-09-15","passed","2026-09-15","UTILS-LOOKUP › utils › lookup-catalog.harness.ts › Organisation search › Organisation search — limit 1 returns at most 1 record","indoore_backend_testing","modules/UTILS-LOOKUP/tests/searchorganization",""
"","58","Consumption chart — sample: days with usage","consumers","2026-09-15","passed","2026-09-15","Consumption chart — sample: days with usage","Consumption chart","energyconsumptiongraph",""
"","1642","Monthly net meter rejects invalid bearer token","consumption","2026-09-15","passed","2026-09-15","Monthly net meter rejects invalid bearer token","Consumption API — Auth Negative","consumption-auth-negative",""
"","18","Sample chart — reactive energy calculated from kWh and kVAh","dtrs","2026-09-15","passed","2026-09-15","Sample chart — reactive energy calculated from kWh and kVAh","DTR energy over time","dtrdailythresholdchart",""
"","13","Cover Open report — first page shows columns and meters","technical-analysis","2026-09-15","skipped","2026-09-15","Cover Open report — first page shows columns and meters","Technical report","technicalanalysis",""
"","29","Saved example — active energy (kWh) with rows (total 1134)","dashboard","2026-09-15","passed","2026-09-15","Saved example — active energy (kWh) with rows (total 1134)","Dashboard — DTR consumption list","dtrconsumptiondetails",""
"","24024","How many meters we have — consumer meters only","mis-dashboard","2026-09-15","passed","2026-09-15","How many meters we have — consumer meters only","How many meters we have","communicationstats",""
"","1916","cannot open with an invalid login token","dashboard","2026-09-15","passed","2026-09-15","cannot open with an invalid login token","Consumers by meter make — cannot open without a valid login","consumeroemdistribution",""
"","237","Validate POST /commands/billing — invalid type returns validation error","hes-commands","2026-09-15","passed","2026-09-15","Validate POST /commands/billing — invalid type returns validation error","HES Commands — Billing (E2E)","commands-billing",""
"","1785","Bill status — invalid month is rejected","reports","2026-09-15","passed","2026-09-15","Bill status — invalid month is rejected","Bill status report","billstatus",""
"","2308","DTR consumption chart — monthly view loads","dashboard","2026-09-15","passed","2026-09-15","DTR consumption chart — monthly view loads","Dashboard — DTR consumption","dtrconsumption",""
"","2110","DTR power on/off list — DTRs that are ON","dashboard","2026-09-15","passed","2026-09-15","DTR power on/off list — DTRs that are ON","Dashboard — DTR power on/off list","dtrpowerstatusdetails",""
"","1703","Home dashboard — cannot open without logging in","overall-dashboard","2026-09-15","passed","2026-09-15","Home dashboard — cannot open without logging in","Home dashboard — cannot open without a valid login","dashboardmetrics",""
"","69","Sample statistic cards — feeder and fuse counts are whole numbers","dtrs","2026-09-15","passed","2026-09-15","Sample statistic cards — feeder and fuse counts are whole numbers","DTR statistic cards","dtrstatistics",""
"","1375","Load Factor LF > 100% — report opens and values follow the rule","commericial-analysis","2026-09-15","passed","2026-09-15","Load Factor LF > 100% — report opens and values follow the rule","Load Factor report","loadfactor",""
"","1613","Transformer load — first page lists how much energy each transformer used by hour","dtr-load","2026-09-15","passed","2026-09-15","Transformer load — first page lists how much energy each transformer used by hour","Transformer load reports","dtrload",""
"","1846","Feeder alerts — cannot open with a badly formed login token","feeder","2026-09-15","passed","2026-09-15","Feeder alerts — cannot open with a badly formed login token","Feeder screens — cannot open without a valid login","feeder-auth",""
"","8204","Consumption Pattern — Zero Consumption for Last 9 months (non-household): billing data is not ready yet","commericial-analysis","2026-09-15","passed","2026-09-15","Consumption Pattern — Zero Consumption for Last 9 months (non-household): billing data is not ready yet","Consumption Pattern report","consumptionpattern",""
"","523","Urgency level 5 events — consumers is treated as consumer meters","mis-dashboard","2026-09-15","passed","2026-09-15","Urgency level 5 events — consumers is treated as consumer meters","Urgency level events","eventpriority",""
"","135262","Validate POST /indore/meter-replacement/bulk/validate — consumer with existing PENDING replacement rejected","meter-replacement","2026-09-15","skipped","2026-09-15","Validate POST /indore/meter-replacement/bulk/validate — consumer with existing PENDING replacement rejected","Bulk Validate Meter Replacement API","bulk-validation",""
"","889","Communication consumers — invalid date is rejected","reports","2026-09-15","passed","2026-09-15","Communication consumers — invalid date is rejected","Communication consumers report","communicationconsumers",""
"","1313","What kinds of events happened — consumer and DTR stay within all meters","mis-dashboard","2026-09-15","passed","2026-09-15","What kinds of events happened — consumer and DTR stay within all meters","What kinds of events happened","event-classification",""
"","784","DTR Detail","asset-management","2026-09-15","failed","2026-09-15","DTR Detail","Asset Management Contract Snapshots","asset-management.contract",""
"","250","What kinds of events happened — a negative organisation is rejected","mis-dashboard","2026-09-15","passed","2026-09-15","What kinds of events happened — a negative organisation is rejected","What kinds of events happened","event-classification",""
"","236","Power Factor Violation — month 13 is rejected (month must be 1 to 12)","commericial-analysis","2026-09-15","passed","2026-09-15","Power Factor Violation — month 13 is rejected (month must be 1 to 12)","Commercial Analysis — invalid filters are rejected","commercial-negative",""
"","877","Missing Authorization returns 401","meter-replacement","2026-09-15","passed","2026-09-15","Missing Authorization returns 401","Meter Replacement Consumer Detail API — Auth Negative","consumer-detail-negative",""
"","153","Day-by-day billing — two meters on the same feeder can share a DTR, and a no-usage day is allowed","billing","2026-09-15","passed","2026-09-15","Day-by-day billing — two meters on the same feeder can share a DTR, and a no-usage day is allowed","Day-by-day billing list","daywisebilling",""
"","256","How many events by urgency — live=1 still opens","mis-dashboard","2026-09-15","passed","2026-09-15","How many events by urgency — live=1 still opens","How many events by urgency","priority-overview",""
"","20","Saved example — 3 PH WC with rows (offline)","dashboard","2026-09-15","passed","2026-09-15","Saved example — 3 PH WC with rows (offline)","Dashboard — consumers by meter phase","consumerphasedistribution",""
"","888","cannot open with an invalid login token","dashboard","2026-09-15","passed","2026-09-15","cannot open with an invalid login token","DTR load unbalance list — cannot open without a valid login","dtrloadunbalancedetails",""
"","1918","cannot open with a badly formed login token","dashboard","2026-09-15","passed","2026-09-15","cannot open with a badly formed login token","DTR voltage unbalance list — cannot open without a valid login","dtrvoltageunbalancedetails",""
"","2203","Validate pagination — page 2","audit-logs","2026-09-15","passed","2026-09-15","Validate pagination — page 2","Audit Logs API","auditlogs",""
"","31","DTR communication — empty page fixture","reports","2026-09-15","passed","2026-09-15","DTR communication — empty page fixture","DTR communication report","dtrcommunication",""
"","1923","cannot open with an invalid login token","dashboard","2026-09-15","passed","2026-09-15","cannot open with an invalid login token","Revenue subsidy (power factor) — cannot open without a valid login","revenuesubsidypf",""
"","348","Urgency level 1 events — month by month, consumer meters only","mis-dashboard","2026-09-15","passed","2026-09-15","Urgency level 1 events — month by month, consumer meters only","Urgency level events","eventpriority",""
"","2882","Communication consumers — day first page shows columns and meters","reports","2026-09-15","passed","2026-09-15","Communication consumers — day first page shows columns and meters","Communication consumers report","communicationconsumers",""
"","1","IND-OD-DB-001 — Home dashboard mapped vs unmapped shares look consistent","overall-dashboard","2026-09-15","skipped","2026-09-15","IND-OD-DB-001 — Home dashboard mapped vs unmapped shares look consistent","OVERALL-DASHBOARD — DB Coverage","overall-dashboard.db",""
"","532","Current problems — both is treated as all meters","mis-dashboard","2026-09-15","passed","2026-09-15","Current problems — both is treated as all meters","Current problems","eventdatacurrent",""
"","889","Billing MD snapshot — limit 0 is rejected (limit must be at least 1)","reports","2026-09-15","passed","2026-09-15","Billing MD snapshot — limit 0 is rejected (limit must be at least 1)","Billing MD snapshot report","billingmdsnapshot",""
"","85","Energy flow chart — sample: yearly points","consumers","2026-09-15","passed","2026-09-15","Energy flow chart — sample: yearly points","Energy flow chart","energyflow",""
"","1051","DTR power now — kW, kVA, kVAr, and power factor","dtrs","2026-09-15","passed","2026-09-15","DTR power now — kW, kVA, kVAr, and power factor","DTR power now","dtrpowertriangle",""
"","1538","Current problems — by consumer category, month by month, DTR meters only","mis-dashboard","2026-09-15","passed","2026-09-15","Current problems — by consumer category, month by month, DTR meters only","Current problems","eventdatacurrent",""
"","98","Day-by-day billing — October 2025 sample row matches the live layout","billing","2026-09-15","passed","2026-09-15","Day-by-day billing — October 2025 sample row matches the live layout","Day-by-day billing list","daywisebilling",""
"","1341","Last three months — a page far past the end of the list is empty","consumption","2026-09-15","passed","2026-09-15","Last three months — a page far past the end of the list is empty","Consumption API — Edge","consumption-edge",""
"","2","IND-RPT-NEG-015 — Far-future filter returns empty success grid","revenue-protection","2026-09-15","skipped","2026-09-15","IND-RPT-NEG-015 — Far-future filter returns empty success grid","Revenue Protection — Cases Negative","cases-negative",""
"","7673","Sanction Load Violation — first and last page have no duplicate meters","commericial-analysis","2026-09-15","passed","2026-09-15","Maximum Demand — first and last page have no duplicate meters › Sanction Load Violation — first and last page have no duplicate meters","Maximum Demand report","mdanalysis",""
"","237","Validate POST /commands/load-curtailment — invalid type returns validation error","hes-commands","2026-09-15","passed","2026-09-15","Validate POST /commands/load-curtailment — invalid type returns validation error","HES Commands — Load Curtailment (E2E)","commands-load-curtailment",""
"","30","Saved example — mixed Severe/Moderate/Balanced distribution","dashboard","2026-09-15","passed","2026-09-15","Saved example — mixed Severe/Moderate/Balanced distribution","Dashboard — DTR voltage unbalance","dtrvoltageunbalance",""
"","230127","Consumption Compare (Last Month) — every page is checked so the same meter is not listed twice on the same DTR","commericial-analysis","2026-09-15","passed","2026-09-15","Consumption Compare (Last Month) — first and last page have no duplicate meters › Consumption Compare (Last Month) — every page is checked so the same meter is not listed twice on the same DTR","Consumption Compare report","consumptioncompare",""
"","235","Daily talking chart — a bad date is rejected","mis-dashboard","2026-09-15","passed","2026-09-15","Daily talking chart — a bad date is rejected","Daily talking chart","communication-trend",""
"","237","Urgency level 4 events — a blank time range is rejected","mis-dashboard","2026-09-15","passed","2026-09-15","Urgency level 4 events — a blank time range is rejected","Urgency level events","eventpriority",""
"","1816","Consumption chart — opens using the meter","consumers","2026-09-15","passed","2026-09-15","Consumption chart — opens using the meter","Consumption chart","energyconsumptiongraph",""
"","3003","Event detail — 1–30 Oct 2025 first page shows columns and meter events","reports","2026-09-15","passed","2026-09-15","Event detail — 1–30 Oct 2025 first page shows columns and meter events","Event detail report","eventdetail",""
"","263","Event summary — consumer and DTR stay within all meters","mis-dashboard","2026-09-15","passed","2026-09-15","Event summary — consumer and DTR stay within all meters","Event summary","eventdata",""
"","1793","Can this meter serial be added? — a serial that is only spaces is rejected","master-data","2026-09-15","passed","2026-09-15","Can this meter serial be added? — a serial that is only spaces is rejected","Master data — can this meter serial be added?","validate-add-meter",""
"","14485","Validate Notifications Module","notifications","2026-09-15","passed","2026-09-15","Validate Notifications Module","Notifications CRUD Flow","notifications",""
"","32","Saved example — weekly null energy buckets (10 Jul 2026)","dashboard","2026-09-15","passed","2026-09-15","Saved example — weekly null energy buckets (10 Jul 2026)","Dashboard — DTR consumption","dtrconsumption",""
"","225","Consumption Pattern — cannot open the report without logging in","commericial-analysis","2026-09-15","passed","2026-09-15","Consumption Pattern — cannot open the report without logging in","Commercial Analysis — cannot open reports without a valid login","commercial-auth-negative",""
"","18984","Validate Network Hierarchy API","asset-management","2026-09-15","passed","2026-09-15","Validate Network Hierarchy API","Network Hierarchy API","networkhierarchy",""
"","1924","Monthly billing — a page far past the end of the list is empty","billing","2026-09-15","passed","2026-09-15","Monthly billing — a page far past the end of the list is empty","Monthly billing list","billingdata",""
"","1912","DTR event detail — missing fromDate is rejected","reports","2026-09-15","passed","2026-09-15","DTR event detail — missing fromDate is rejected","DTR event detail report","dtreventdetail",""
"","1805","DTR communication — page 0 is rejected (page must start at 1)","reports","2026-09-15","passed","2026-09-15","DTR communication — page 0 is rejected (page must start at 1)","DTR communication report","dtrcommunication",""
"","2615","Communication DTRs — unknown query params are ignored","reports","2026-09-15","passed","2026-09-15","Communication DTRs — unknown query params are ignored","Communication DTRs report","communicationdtrs",""
"","8023","Consumption Pattern — Zero Consumption for Last 12 months (household): billing data is not ready yet","commericial-analysis","2026-09-15","passed","2026-09-15","Consumption Pattern — Zero Consumption for Last 12 months (household): billing data is not ready yet","Consumption Pattern report","consumptionpattern",""
"","1040","Missing Authorization returns 401","meter-replacement","2026-09-15","passed","2026-09-15","Missing Authorization returns 401","Meter Replacement Consumer Search API — Auth Negative","consumer-search-negative",""
"","236","Urgency level 2 events — saved screen shape","mis-dashboard","2026-09-15","passed","2026-09-15","Urgency level 2 events — saved screen shape","Saved screen shape","mis-dashboard.contract",""
"","1","How many meters we have — cards do not exceed the full meter list","mis-dashboard","2026-09-15","skipped","2026-09-15","How many meters we have — cards do not exceed the full meter list","Meter counts versus the database","mis-dashboard.db",""
"","255","What kinds of events happened — by meter type, both is treated as all meters","mis-dashboard","2026-09-15","passed","2026-09-15","What kinds of events happened — by meter type, both is treated as all meters","What kinds of events happened","event-classification",""
"","247","GET /asset-management/organisation-hierarchy — unknown rootId returns 404 or empty scoped tree","asset-management","2026-09-15","passed","2026-09-15","GET /asset-management/organisation-hierarchy — unknown rootId returns 404 or empty scoped tree","Asset Management — Negative","asset-management-negative",""
"","490","Urgency level 2 events — a missing time range falls back to day by day","mis-dashboard","2026-09-15","passed","2026-09-15","Urgency level 2 events — a missing time range falls back to day by day","Urgency level events","eventpriority",""
"","11046","Daily talking chart — consumer meters only","mis-dashboard","2026-09-15","passed","2026-09-15","Daily talking chart — consumer meters only","Daily talking chart","communication-trend",""
"","254","Event summary — by consumer category, week by week, consumer meters only","mis-dashboard","2026-09-15","passed","2026-09-15","Event summary — by consumer category, week by week, consumer meters only","Event summary","eventdata",""
"","1765","cannot open with an empty login token","dashboard","2026-09-15","passed","2026-09-15","cannot open with an empty login token","Revenue subsidy (power factor) — cannot open without a valid login","revenuesubsidypf",""
"","1210","Events that did not roll over — by meter type, month by month, all meters","mis-dashboard","2026-09-15","passed","2026-09-15","Events that did not roll over — by meter type, month by month, all meters","Events that did not roll over","eventdatanonrollover",""
"","1918","Day-by-day billing — a meter number that does not exist shows an empty list","billing","2026-09-15","passed","2026-09-15","Day-by-day billing — a meter number that does not exist shows an empty list","Day-by-day billing list","daywisebilling",""
"","8447","Consumption Compare Same Month Last Year — non-household: billing data is not ready yet","commericial-analysis","2026-09-15","passed","2026-09-15","Consumption Compare Same Month Last Year — non-household: billing data is not ready yet","Consumption Compare report","consumptioncompare",""
"","1811","Min-max voltage count — invalid year is rejected","reports","2026-09-15","passed","2026-09-15","Min-max voltage count — invalid year is rejected","Min-max voltage count","minmaxvoltagecount",""
"","4","DTR billing — first row meter serial matches DB meter header","reports","2026-09-15","skipped","2026-09-15","DTR billing — first row meter serial matches DB meter header","DTR billing — DB cross-validation","dtrbilling.db",""
"","10","Current Without Voltage report — first and last page have no duplicate meters","technical-analysis","2026-09-15","skipped","2026-09-15","Technical report — first and last page have no duplicate meters › Current Without Voltage report — first and last page have no duplicate meters","Technical report","technicalanalysis",""
"","245","IND-REV-ABE-ENTRY-AUTH-002 — Invalid bearer token","revenue-protection","2026-09-15","passed","2026-09-15","IND-REV-ABE-ENTRY-AUTH-002 — Invalid bearer token","Revenue Protection — Aberration Entry Auth Negative","aberration-entry.auth",""
"","1733","Consumer report LS — unknown query params are ignored","reports","2026-09-15","passed","2026-09-15","Consumer report LS — unknown query params are ignored","Consumer report","consumerreport",""
"","805","IND-RPT-ABE-ENTRY-CONTRACT-001 — Aberration Entry zone columns contract snapshot","revenue-protection","2026-09-15","failed","2026-09-15","IND-RPT-ABE-ENTRY-CONTRACT-001 — Aberration Entry zone columns contract snapshot","Revenue Protection — Aberration Entry Zone Contract Snapshot","aberration-entry-zone.contract",""
"","667","Other events — by consumer category, hour by hour, consumer meters only","mis-dashboard","2026-09-15","passed","2026-09-15","Other events — by consumer category, hour by hour, consumer meters only","Other events","eventdataother",""
"","1873","IND-RPT-ATZ-002 — Validate pagination — smaller page size (limit 5)","revenue-protection","2026-09-15","passed","2026-09-15","IND-RPT-ATZ-002 — Validate pagination — smaller page size (limit 5)","Revenue Protection — ATR Zone API","atr-zone",""
"","1641","DTR event — a page past the last page shows no records","reports","2026-09-15","passed","2026-09-15","DTR event — a page past the last page shows no records","DTR event report","dtrevent",""
"","1536","Consumer report LS — showing 1 per page returns at most 1 record","reports","2026-09-15","passed","2026-09-15","Consumer report LS — showing 1 per page returns at most 1 record","Consumer report","consumerreport",""
"","35","Sample events — pending alarm without restore time","dtrs","2026-09-15","passed","2026-09-15","Sample events — pending alarm without restore time","DTR events","dtrevents",""
"","697","Talking meters by category — live=1 still opens","mis-dashboard","2026-09-15","passed","2026-09-15","Talking meters by category — live=1 still opens","Talking meters by category","communication-category",""
"","44","Saved example — monthly null energy buckets (10 Jul 2026)","dashboard","2026-09-15","passed","2026-09-15","Saved example — monthly null energy buckets (10 Jul 2026)","Dashboard — DTR consumption","dtrconsumption",""
"","1","IND-UL-DB-001 — Connection statuses COUNT + sample rows match DB","utils-lookup","2026-09-15","skipped","2026-09-15","IND-UL-DB-001 — Connection statuses COUNT + sample rows match DB","UTILS-LOOKUP — Catalog DB cross-validation","lookup-catalogs.db",""
"","1929","DTR billing — showing 1 per page still lists a meter","reports","2026-09-15","passed","2026-09-15","DTR billing — showing 1 per page still lists a meter","DTR billing report","dtrbilling",""
"","57","Saved example — networkDetails 24-month trends with trailing live count","dashboard","2026-09-15","passed","2026-09-15","Saved example — networkDetails 24-month trends with trailing live count","Dashboard — overview numbers","dashboardmetrics",""
"","272","Talking meters by category — from_date and to_date still work","mis-dashboard","2026-09-15","passed","2026-09-15","Talking meters by category — from_date and to_date still work","Talking meters by category","communication-category",""
"","255","What kinds of events happened — extra unused options are ignored","mis-dashboard","2026-09-15","passed","2026-09-15","What kinds of events happened — extra unused options are ignored","What kinds of events happened","event-classification",""
"","2381","Consumer list — test-meter filter shows test meters only","master-data","2026-09-15","passed","2026-09-15","Consumer list — test-meter filter shows test meters only","Master data — consumer list","consumer-master",""
"","354","Urgency level 6 events — month by month, DTR meters only","mis-dashboard","2026-09-15","passed","2026-09-15","Urgency level 6 events — month by month, DTR meters only","Urgency level events","eventpriority",""
"","804","Urgency level 6 events — day by day, all meters","mis-dashboard","2026-09-15","passed","2026-09-15","Urgency level 6 events — day by day, all meters","Urgency level events","eventpriority",""
"","303","Daily talking chart — both is treated as all meters","mis-dashboard","2026-09-15","passed","2026-09-15","Daily talking chart — both is treated as all meters","Daily talking chart","communication-trend",""
"","9","IND-CON-DB-001 — daily + net-meter + pattern totalCount vs DB","consumption","2026-09-15","skipped","2026-09-15","IND-CON-DB-001 — daily + net-meter + pattern totalCount vs DB","CONSUMPTION — DB Coverage","consumption.db",""
"","2043","DTR data — unknown query params are ignored","reports","2026-09-15","passed","2026-09-15","DTR data — unknown query params are ignored","DTR data report","dtrdata",""
"","2138","Transformer load — October 2025 first page lists each transformer’s load by hour","dtr-load","2026-09-15","passed","2026-09-15","Transformer load — October 2025 first page lists each transformer’s load by hour","Transformer load reports","dtrload",""
"","291","How meters are talking — one day only still opens","mis-dashboard","2026-09-15","passed","2026-09-15","How meters are talking — one day only still opens","How meters are talking","communication",""
"","1748","DTR power now — a second transformer still shows power","dtrs","2026-09-15","passed","2026-09-15","DTR power now — a second transformer still shows power","DTR power now","dtrpowertriangle",""
"","488","Power problems — by consumer category, month by month, DTR meters only","mis-dashboard","2026-09-15","passed","2026-09-15","Power problems — by consumer category, month by month, DTR meters only","Power problems","eventdatapower",""
"","238","Daily talking chart — day-month-year date is rejected","mis-dashboard","2026-09-15","passed","2026-09-15","Daily talking chart — day-month-year date is rejected","Daily talking chart","communication-trend",""
"","258","Event summary — by urgency, day by day, consumer meters only","mis-dashboard","2026-09-15","passed","2026-09-15","Event summary — by urgency, day by day, consumer meters only","Event summary","eventdata",""
"","484","Communication consumers — column and field names stay the same","reports","2026-09-15","passed","2026-09-15","Communication consumers — column and field names stay the same","Reports — contract snapshots","reports.contract",""
"","3819","LF > 100% — every page is checked so the same meter is not listed twice on the same DTR","commericial-analysis","2026-09-15","passed","2026-09-15","Load Factor — first and last page have no duplicate meters › LF > 100% — every page is checked so the same meter is not listed twice on the same DTR","Load Factor report","loadfactor",""
"","1824","DTR list — search finds the DTR name or meter serial","master-data","2026-09-15","passed","2026-09-15","DTR list — search finds the DTR name or meter serial","Master data — DTR list","dtr-master",""
"","1371","DTR billing — unknown query params are ignored","reports","2026-09-15","passed","2026-09-15","DTR billing — unknown query params are ignored","DTR billing report","dtrbilling",""
"","1206","How many events by urgency — dtrs is treated as DTR meters","mis-dashboard","2026-09-15","passed","2026-09-15","How many events by urgency — dtrs is treated as DTR meters","How many events by urgency","priority-overview",""
"","372842","LF < 5% Last Three month — every page is checked so the same meter is not listed twice on the same DTR","commericial-analysis","2026-09-15","failed","2026-09-15","Load Factor — first and last page have no duplicate meters › LF < 5% Last Three month — every page is checked so the same meter is not listed twice on the same DTR","Load Factor report","loadfactor",""
"","1048","Event list — page 2 of events loads","consumers","2026-09-15","passed","2026-09-15","Event list — page 2 of events loads","Event list","eventloglist",""
"","2132","Meter communication — search finds the meter serial","master-data","2026-09-15","passed","2026-09-15","Meter communication — search finds the meter serial","Master data — meter communication","meter-communication-status",""
"","491","Urgency level 6 events — day by day, DTR meters only","mis-dashboard","2026-09-15","passed","2026-09-15","Urgency level 6 events — day by day, DTR meters only","Urgency level events","eventpriority",""
"","3040","Substation list — first page shows columns, records, and page numbers","master-data","2026-09-15","passed","2026-09-15","Substation list — first page shows columns, records, and page numbers","Master data — substation list","substation-master",""
"","232","Daily consumption — an unknown report type is rejected","consumption","2026-09-15","passed","2026-09-15","Daily consumption — an unknown report type is rejected","Consumption API — Negative","consumption-negative",""
"","863","Daily consumption — asking for one consumer at a time still returns a row","consumption","2026-09-15","passed","2026-09-15","Daily consumption — asking for one consumer at a time still returns a row","Consumption API — Edge","consumption-edge",""
"","84","Event list — sample: page count is correct","consumers","2026-09-15","passed","2026-09-15","Event list — sample: page count is correct","Event list","eventloglist",""
"","714","Voltage problems — by consumer category, hour by hour, DTR meters only","mis-dashboard","2026-09-15","passed","2026-09-15","Voltage problems — by consumer category, hour by hour, DTR meters only","Voltage problems","eventdatavoltage",""
"","8373","Consumption Compare Same Month Last Year — all connections: billing data is not ready yet","commericial-analysis","2026-09-15","passed","2026-09-15","Consumption Compare Same Month Last Year — all connections: billing data is not ready yet","Consumption Compare report","consumptioncompare",""
"","1162","Current Without Voltage report — first page shows columns and meters","technical-analysis","2026-09-15","passed","2026-09-15","Current Without Voltage report — first page shows columns and meters","Technical report","technicalanalysis",""
"","1710","Master data change history — filter shows only meter-related changes","master-data","2026-09-15","passed","2026-09-15","Master data change history — filter shows only meter-related changes","Master data — change history","master-data-audit-logs",""
"","1784","Connection types — missing route returns 404","utils-lookup","2026-09-15","passed","2026-09-15","Connection types — missing route returns 404","Utils lookup — missing routes","missing-routes",""
"","1253","DTR energy over time — day by day, each day listed once","dtrs","2026-09-15","passed","2026-09-15","DTR energy over time — day by day, each day listed once","DTR energy over time","dtrdailythresholdchart",""
"","73","Sample statistic cards — power-on time looks like a clock","dtrs","2026-09-15","passed","2026-09-15","Sample statistic cards — power-on time looks like a clock","DTR statistic cards","dtrstatistics",""
"","5384","Meter list — an empty search shows the full list","master-data","2026-09-15","passed","2026-09-15","Meter list — an empty search shows the full list","Master data — meter list","meter-master",""
"","270","DTR search — column and field names stay the same","utils-lookup","2026-09-15","passed","2026-09-15","DTR search — column and field names stay the same","Utils lookup — contract snapshots","utils-lookup.contract",""
"","2741","Consumers by meter phase — page 2 still shows a valid list","dashboard","2026-09-15","passed","2026-09-15","Consumers by meter phase — page 2 still shows a valid list","Dashboard — consumers by meter phase","consumerphasedistribution",""
"","1626","event classifications — list shows ids and names","utils-lookup","2026-09-15","passed","2026-09-15","UTILS-LOOKUP › utils › lookup-catalog.harness.ts › Event classifications › event classifications — list shows ids and names","indoore_backend_testing","modules/UTILS-LOOKUP/tests/eventclassification",""
"","891","DTR event detail — invalid toDate is rejected","reports","2026-09-15","passed","2026-09-15","DTR event detail — invalid toDate is rejected","DTR event detail report","dtreventdetail",""
"","929","DTR voltage unbalance list — extra unused filters are ignored","dashboard","2026-09-15","passed","2026-09-15","DTR voltage unbalance list — extra unused filters are ignored","Dashboard — DTR voltage unbalance list","dtrvoltageunbalancedetails",""
"","2202","DTR consumption list — active energy (kWh)","dashboard","2026-09-15","passed","2026-09-15","DTR consumption list — active energy (kWh)","Dashboard — DTR consumption list","dtrconsumptiondetails",""
"","8617","Consumption Compare — Abnormal High: billing data is not ready yet","commericial-analysis","2026-09-15","passed","2026-09-15","Consumption Compare — Abnormal High: billing data is not ready yet","Commercial Analysis — extra report checks","commercial-edge",""
"","355","Urgency level 4 events — month by month, DTR meters only","mis-dashboard","2026-09-15","passed","2026-09-15","Urgency level 4 events — month by month, DTR meters only","Urgency level events","eventpriority",""
"","893","Consumer report — missing meter serial is rejected","reports","2026-09-15","passed","2026-09-15","Consumer report — missing meter serial is rejected","Consumer report","consumerreport",""
"","1737","Event list — search filter is accepted","consumers","2026-09-15","passed","2026-09-15","Event list — search filter is accepted","Event list","eventloglist",""
"","72","Sample statistic cards — consumer count is zero or more","dtrs","2026-09-15","passed","2026-09-15","Sample statistic cards — consumer count is zero or more","DTR statistic cards","dtrstatistics",""
"","1513","Current problems — by meter type, hour by hour, all meters","mis-dashboard","2026-09-15","passed","2026-09-15","Current problems — by meter type, hour by hour, all meters","Current problems","eventdatacurrent",""
"","488","Urgency level 6 events — extra unused options are ignored","mis-dashboard","2026-09-15","passed","2026-09-15","Urgency level 6 events — extra unused options are ignored","Urgency level events","eventpriority",""
"","2301","Validate POST /commands/meter-alarms — default window","hes-commands","2026-09-15","passed","2026-09-15","Validate POST /commands/meter-alarms — default window","HES Commands — Meter Alarms","commands-meter-alarms",""
"","1352","DTR event — fromDate after toDate is rejected","reports","2026-09-15","passed","2026-09-15","DTR event — fromDate after toDate is rejected","DTR event report","dtrevent",""
"","2155","Validate dtr hourly loss report","energy-audits","2026-09-15","failed","2026-09-15","Energy Audit Hourly Loss Report — DTR › Validate dtr hourly loss report","hourly-loss-report.harness.ts","modules/ENERGY-AUDITS/tests/hourly-loss-report-dtr",""
"","957","Power problems — by consumer category, day by day, consumer meters only","mis-dashboard","2026-09-15","passed","2026-09-15","Power problems — by consumer category, day by day, consumer meters only","Power problems","eventdatapower",""
"","2","Can this meter be put on a DTR? — an inactive meter is rejected","master-data","2026-09-15","skipped","2026-09-15","Can this meter be put on a DTR? — an inactive meter is rejected","Master data — can this meter be put on a DTR?","validate-dtr-meter",""
"","1581","Monthly billing — page 2 continues the list without repeating a meter","billing","2026-09-15","passed","2026-09-15","Monthly billing — page 2 continues the list without repeating a meter","Monthly billing list","billingdata",""
"","898","Event detail — missing toDate is rejected","reports","2026-09-15","passed","2026-09-15","Event detail — missing toDate is rejected","Event detail report","eventdetail",""
"","1042","Consumer report LS — without total still shows columns","reports","2026-09-15","passed","2026-09-15","Consumer report LS — without total still shows columns","Consumer report","consumerreport",""
"","358","Events that did not roll over — by consumer category, week by week, DTR meters only","mis-dashboard","2026-09-15","passed","2026-09-15","Events that did not roll over — by consumer category, week by week, DTR meters only","Events that did not roll over","eventdatanonrollover",""
"","1893","DTR communication chart — hourly view loads","dashboard","2026-09-15","passed","2026-09-15","DTR communication chart — hourly view loads","Dashboard — DTR communication","dtrcommunication",""
"","256","Urgency today versus yesterday — extra unused options are ignored","mis-dashboard","2026-09-15","passed","2026-09-15","Urgency today versus yesterday — extra unused options are ignored","Urgency today versus yesterday","eventpriorityoverview",""
"","349","Voltage problems — by meter type, month by month, consumer meters only","mis-dashboard","2026-09-15","passed","2026-09-15","Voltage problems — by meter type, month by month, consumer meters only","Voltage problems","eventdatavoltage",""
"","239","POST /permissions/modules — invalid module key returns 400","modules-permissions","2026-09-15","passed","2026-09-15","POST /permissions/modules — invalid module key returns 400","Module Permission — Negative","modulepermission-negative",""
"","888","Min-max voltage — invalid phase is rejected","reports","2026-09-15","passed","2026-09-15","Min-max voltage — invalid phase is rejected","Min-max voltage report","minmaxvoltage",""
"","1585","Validate LS loss analysis","energy-audits","2026-09-15","failed","2026-09-15","Energy Audit Loss Analysis — Feeder › Validate LS loss analysis","loss-analysis.harness.ts","modules/ENERGY-AUDITS/tests/loss-analysis-feeder",""
"","1907","Event report — missing fromDate is rejected","reports","2026-09-15","passed","2026-09-15","Event report — missing fromDate is rejected","Event report","eventreport",""
"","2403","Transformer load — first page lists how uneven the three phases are","dtr-load","2026-09-15","passed","2026-09-15","Transformer load — first page lists how uneven the three phases are","Transformer load reports","dtrload",""
"","1728","DTR consumption list — apparent energy (kVAh)","dashboard","2026-09-15","passed","2026-09-15","DTR consumption list — apparent energy (kVAh)","Dashboard — DTR consumption list","dtrconsumptiondetails",""
"","14","Ip!=0 & In=0 report — first and last page have no duplicate meters","technical-analysis","2026-09-15","skipped","2026-09-15","Technical report — first and last page have no duplicate meters › Ip!=0 & In=0 report — first and last page have no duplicate meters","Technical report","technicalanalysis",""
"","16","Event list — sample: no events","consumers","2026-09-15","passed","2026-09-15","Event list — sample: no events","Event list","eventloglist",""
"","744","Meter transaction events — by consumer category, month by month, all meters","mis-dashboard","2026-09-15","passed","2026-09-15","Meter transaction events — by consumer category, month by month, all meters","Meter transaction events","eventdatatransaction",""
"","501","Meter transaction events — by meter type, day by day, all meters","mis-dashboard","2026-09-15","passed","2026-09-15","Meter transaction events — by meter type, day by day, all meters","Meter transaction events","eventdatatransaction",""
"","5244","Day-by-day billing — November (30 days) does not fill a 31st day column","billing","2026-09-15","passed","2026-09-15","Day-by-day billing — November (30 days) does not fill a 31st day column","Day-by-day billing list","daywisebilling",""
"","248","GET /users/audit-logs — invalid page returns 400","users-admin","2026-09-15","passed","2026-09-15","GET /users/audit-logs — invalid page returns 400","User Admin — Negative","useradmin-negative",""
"","243","Talking meters by category — day-month-year date is rejected","mis-dashboard","2026-09-15","passed","2026-09-15","Talking meters by category — day-month-year date is rejected","Talking meters by category","communication-category",""
"","445","Urgency level 4 events — hour by hour, all meters","mis-dashboard","2026-09-15","passed","2026-09-15","Urgency level 4 events — hour by hour, all meters","Urgency level events","eventpriority",""
"","355","Other events — by consumer category, week by week, consumer meters only","mis-dashboard","2026-09-15","passed","2026-09-15","Other events — by consumer category, week by week, consumer meters only","Other events","eventdataother",""
"","801","MD > CD Last Three Month — household plus non-household meters equal the full total","commericial-analysis","2026-09-15","passed","2026-09-15","MD > CD Last Three Month — household plus non-household meters equal the full total","Maximum Demand report","mdanalysis",""
"","1852","Organisation search — a negative limit is rejected","utils-lookup","2026-09-15","passed","2026-09-15","UTILS-LOOKUP › utils › lookup-catalog.harness.ts › Organisation search › Organisation search — a negative limit is rejected","indoore_backend_testing","modules/UTILS-LOOKUP/tests/searchorganization",""
"","2627","Over Voltage in any phase report — first page shows columns and meters","technical-analysis","2026-09-15","passed","2026-09-15","Over Voltage in any phase report — first page shows columns and meters","Technical report","technicalanalysis",""
"","878","cannot open with a badly formed login token","dashboard","2026-09-15","passed","2026-09-15","cannot open with a badly formed login token","Revenue subsidy (power factor) — cannot open without a valid login","revenuesubsidypf",""
"","11124","Day and Night — Night Zero Consumption: report opens and usage follows the rule","commericial-analysis","2026-09-15","passed","2026-09-15","Day and Night — Night Zero Consumption: report opens and usage follows the rule","Commercial Analysis — extra report checks","commercial-edge",""
"","353","How meters are talking — from-date and to-date still work","mis-dashboard","2026-09-15","passed","2026-09-15","How meters are talking — from-date and to-date still work","How meters are talking","communication",""
"","2961","Consumption Compare (Last Month) — page 2 still shows a valid meter list","commericial-analysis","2026-09-15","passed","2026-09-15","Consumption Compare (Last Month) — page 2 still shows a valid meter list","Commercial Analysis — extra report checks","commercial-edge",""
"","926","IND-RPT-NEG-011 — Cases rejects missing auth","revenue-protection","2026-09-15","failed","2026-09-15","IND-RPT-NEG-011 — Cases rejects missing auth","Revenue Protection — Cases Auth Negative","cases-auth-negative",""
"","1631","DTR communication list — page 2 still shows a valid list","dashboard","2026-09-15","passed","2026-09-15","DTR communication list — page 2 still shows a valid list","Dashboard — DTR communication list","dtrcommunicationdetails",""
"","908","payment contracts — list shows ids and names","utils-lookup","2026-09-15","passed","2026-09-15","UTILS-LOOKUP › utils › lookup-catalog.harness.ts › Payment contracts › payment contracts — list shows ids and names","indoore_backend_testing","modules/UTILS-LOOKUP/tests/paymentcontract",""
"","1363","DTR communication — fromDate after toDate is rejected","reports","2026-09-15","passed","2026-09-15","DTR communication — fromDate after toDate is rejected","DTR communication report","dtrcommunication",""
"","240","DTR voltage unbalance list — response shape stays the same","dashboard","2026-09-15","passed","2026-09-15","DTR voltage unbalance list — response shape stays the same","Dashboard — response shape","dashboard.contract",""
"","776","IND-RPT-CONTRACT-001 — Cases columns contract snapshot","revenue-protection","2026-09-15","failed","2026-09-15","IND-RPT-CONTRACT-001 — Cases columns contract snapshot","Revenue Protection — Cases Contract Snapshot","cases.contract",""
"","2404","Consumers by connection status — permanently disconnected consumers","dashboard","2026-09-15","passed","2026-09-15","Consumers by connection status — permanently disconnected consumers","Dashboard — consumers by connection status","consumerconnectionstatus",""
"","898","Consumer search — page 0 is rejected","utils-lookup","2026-09-15","passed","2026-09-15","UTILS-LOOKUP › utils › lookup-catalog.harness.ts › Consumer search › Consumer search — page 0 is rejected","indoore_backend_testing","modules/UTILS-LOOKUP/tests/consumersearch",""
"","1898","DTR billing — limit 0 is rejected (limit must be at least 1)","reports","2026-09-15","passed","2026-09-15","DTR billing — limit 0 is rejected (limit must be at least 1)","DTR billing report","dtrbilling",""
"","240","Load Factor — page 0 is rejected (page must start at 1)","commericial-analysis","2026-09-15","passed","2026-09-15","Load Factor — page 0 is rejected (page must start at 1)","Commercial Analysis — invalid filters are rejected","commercial-negative",""
"","2677","Communication DTRs — range first page shows columns and DTRs","reports","2026-09-15","passed","2026-09-15","Communication DTRs — range first page shows columns and DTRs","Communication DTRs report","communicationdtrs",""
"","988","Current problems — by consumer category, day by day, all meters","mis-dashboard","2026-09-15","passed","2026-09-15","Current problems — by consumer category, day by day, all meters","Current problems","eventdatacurrent",""
"","1801","Nearby accounts — number at the end of the account is used","consumers","2026-09-15","passed","2026-09-15","Nearby accounts — number at the end of the account is used","Nearby accounts","nearestaccountids",""
"","904","IND-REV-ABE-IVRS-EDGE-001 — IVRS with surrounding whitespace is trimmed","revenue-protection","2026-09-15","failed","2026-09-15","IND-REV-ABE-IVRS-EDGE-001 — IVRS with surrounding whitespace is trimmed","Revenue Protection — Aberration Entry By IVRS Edge","aberration-entry-by-ivrs.edge",""
"","257","Talking vs not talking overview — dtrs is treated as DTR meters","mis-dashboard","2026-09-15","passed","2026-09-15","Talking vs not talking overview — dtrs is treated as DTR meters","Talking vs not talking overview","communication-overview",""
"","883","cannot open with an expired login token","dashboard","2026-09-15","passed","2026-09-15","cannot open with an expired login token","Consumers by meter make — cannot open without a valid login","consumeroemdistribution",""
"","1001","PATCH /users/:id — unknown user returns 404","users-admin","2026-09-15","passed","2026-09-15","PATCH /users/:id — unknown user returns 404","User Admin — Negative","useradmin-negative",""
"","272","Talking meters by category — one day only still opens","mis-dashboard","2026-09-15","passed","2026-09-15","Talking meters by category — one day only still opens","Talking meters by category","communication-category",""
"","339","Consumption Pattern — Zero Consumption for Last 3 months: household and non-household lists are the same (connection type filter is not applied)","commericial-analysis","2026-09-15","passed","2026-09-15","Consumption Pattern — Zero Consumption for Last 3 months: household and non-household lists are the same (connection type filter is not applied)","Consumption Pattern report","consumptionpattern",""
"","1812","Billing MD snapshot — page 0 is rejected (page must start at 1)","reports","2026-09-15","passed","2026-09-15","Billing MD snapshot — page 0 is rejected (page must start at 1)","Billing MD snapshot report","billingmdsnapshot",""
"","233","Pattern consumption — limit zero is rejected","consumption","2026-09-15","passed","2026-09-15","Pattern consumption — limit zero is rejected","Consumption API — Negative","consumption-negative",""
"","250","Event summary — by meter type, day by day, DTR meters only","mis-dashboard","2026-09-15","passed","2026-09-15","Event summary — by meter type, day by day, DTR meters only","Event summary","eventdata",""
"","2296","DTR events — first page of alarms, each row number only once","dtrs","2026-09-15","passed","2026-09-15","DTR events — first page of alarms, each row number only once","DTR events","dtrevents",""
"","588","Consumption Pattern — report still opens when the report type is not selected (uses default)","commericial-analysis","2026-09-15","passed","2026-09-15","Consumption Pattern — report still opens when the report type is not selected (uses default)","Commercial Analysis — extra report checks","commercial-edge",""
"","530","Urgency level 4 events — a missing time range falls back to day by day","mis-dashboard","2026-09-15","passed","2026-09-15","Urgency level 4 events — a missing time range falls back to day by day","Urgency level events","eventpriority",""
"","645","Meter transaction events — by consumer category, hour by hour, all meters","mis-dashboard","2026-09-15","passed","2026-09-15","Meter transaction events — by consumer category, hour by hour, all meters","Meter transaction events","eventdatatransaction",""
"","1254","Live load — current load for the consumer","consumers","2026-09-15","passed","2026-09-15","Live load — current load for the consumer","Live load","liveloadprofile",""
"","5667","Current Bypass report — first page shows columns and meters","technical-analysis","2026-09-15","passed","2026-09-15","Current Bypass report — first page shows columns and meters","Technical report","technicalanalysis",""
"","8149","Consumption Pattern — 100 unit kwh from Last Nine months continuous (non-household): billing data is not ready yet","commericial-analysis","2026-09-15","passed","2026-09-15","Consumption Pattern — 100 unit kwh from Last Nine months continuous (non-household): billing data is not ready yet","Consumption Pattern report","consumptionpattern",""
"","1017","cannot open with an expired login token","dashboard","2026-09-15","passed","2026-09-15","cannot open with an expired login token","DTR consumption list — cannot open without a valid login","dtrconsumptiondetails",""
"","13","IND-UL-DB-008 — Meter phases COUNT + sample rows match DB","utils-lookup","2026-09-15","skipped","2026-09-15","IND-UL-DB-008 — Meter phases COUNT + sample rows match DB","UTILS-LOOKUP — Catalog DB cross-validation","lookup-catalogs.db",""
"","1628","DTR loading list — normally loaded DTRs","dashboard","2026-09-15","passed","2026-09-15","DTR loading list — normally loaded DTRs","Dashboard — DTR loading list","dtrpercentageloadingdetails",""
"","1510","Transformer sizes — leftover unused filters are ignored","dtr-load","2026-09-15","passed","2026-09-15","Transformer sizes — leftover unused filters are ignored","Transformer size list","dtrloadratingoptions",""
"","446","Pattern consumption — leaving out the pattern type is rejected","consumption","2026-09-15","passed","2026-09-15","Pattern consumption — leaving out the pattern type is rejected","Consumption API — Negative","consumption-negative",""
"","7475","Valid consumer returns success envelope","meter-replacement","2026-09-15","failed","2026-09-15","Valid consumer returns success envelope","Meter Replacement Consumer Detail API — Negative & Edge","consumer-detail-negative",""
"","7472","Trailing slash still returns dashboard summary","meter-replacement","2026-09-15","failed","2026-09-15","Trailing slash still returns dashboard summary","Meter Replacement Dashboard Summary API — Negative & Edge","dashboard-summary-negative",""
"","244","Talking meters by category — a negative organisation is rejected","mis-dashboard","2026-09-15","passed","2026-09-15","Talking meters by category — a negative organisation is rejected","Talking meters by category","communication-category",""
"","257","Voltage problems — consumer and DTR stay within all meters","mis-dashboard","2026-09-15","passed","2026-09-15","Voltage problems — consumer and DTR stay within all meters","Voltage problems","eventdatavoltage",""
"","1158","Missing Authorization returns 401","meter-replacement","2026-09-15","passed","2026-09-15","Missing Authorization returns 401","Meter Replacement Dashboard Summary API — Auth Negative","dashboard-summary-negative",""
"","227","Day and Night — cannot open the report without logging in","commericial-analysis","2026-09-15","passed","2026-09-15","Day and Night — cannot open the report without logging in","Commercial Analysis — cannot open reports without a valid login","commercial-auth-negative",""
"","341","Voltage problems — by consumer category, week by week, DTR meters only","mis-dashboard","2026-09-15","passed","2026-09-15","Voltage problems — by consumer category, week by week, DTR meters only","Voltage problems","eventdatavoltage",""
"","12865","Bill status — Oct 2025 summary (empty list is valid)","reports","2026-09-15","passed","2026-09-15","Bill status — Oct 2025 summary (empty list is valid)","Bill status report","billstatus",""
"","4905","Invalid Bearer token returns 401","meter-replacement","2026-09-15","failed","2026-09-15","Invalid Bearer token returns 401","Meter Replacement Submission History API - Auth Negative","submission-history-negative",""
"","1353","MD > CD Last Three Month — report opens and demand is above sanctioned load","commericial-analysis","2026-09-15","passed","2026-09-15","MD > CD Last Three Month — report opens and demand is above sanctioned load","Maximum Demand report","mdanalysis",""
"","912","Event summary — unknown meter is empty or not found","consumers","2026-09-15","passed","2026-09-15","Event summary — unknown meter is empty or not found","Event summary","eventlogcards",""
"","290","How meters are talking — blank dates are treated as missing","mis-dashboard","2026-09-15","passed","2026-09-15","How meters are talking — blank dates are treated as missing","How meters are talking","communication",""
"","890","Billing MD snapshot — missing month is rejected","reports","2026-09-15","passed","2026-09-15","Billing MD snapshot — missing month is rejected","Billing MD snapshot report","billingmdsnapshot",""
"","533","PATCH /users/:id/status — invalid status returns 400","users-admin","2026-09-15","passed","2026-09-15","PATCH /users/:id/status — invalid status returns 400","User Admin — Negative","useradmin-negative",""
"","489","Meter transaction events — consumers is treated as consumer meters","mis-dashboard","2026-09-15","passed","2026-09-15","Meter transaction events — consumers is treated as consumer meters","Meter transaction events","eventdatatransaction",""
"","959","cannot open without logging in","dashboard","2026-09-15","passed","2026-09-15","cannot open without logging in","Consumers by connection status — cannot open without a valid login","consumerconnectionstatus",""
"","879","cannot open with an invalid login token","dashboard","2026-09-15","passed","2026-09-15","cannot open with an invalid login token","DTR loading list — cannot open without a valid login","dtrpercentageloadingdetails",""
"","617","Daily talking chart — DTR meters only","mis-dashboard","2026-09-15","passed","2026-09-15","Daily talking chart — DTR meters only","Daily talking chart","communication-trend",""
"","1347","Current problems — by consumer category, hour by hour, DTR meters only","mis-dashboard","2026-09-15","passed","2026-09-15","Current problems — by consumer category, hour by hour, DTR meters only","Current problems","eventdatacurrent",""
"","1311","Meter list — search finds the meter serial","master-data","2026-09-15","passed","2026-09-15","Meter list — search finds the meter serial","Master data — meter list","meter-master",""
"","1765","Invalid Bearer token returns 401","meter-replacement","2026-09-15","failed","2026-09-15","Invalid Bearer token returns 401","Meter Replacement Consumer Search API — Auth Negative","consumer-search-negative",""
"","1736","DTR search — limit 0 is rejected","utils-lookup","2026-09-15","passed","2026-09-15","UTILS-LOOKUP › utils › lookup-catalog.harness.ts › DTR search › DTR search — limit 0 is rejected","indoore_backend_testing","modules/UTILS-LOOKUP/tests/dtrsearch",""
"","1815","cannot open with a badly formed login token","dashboard","2026-09-15","passed","2026-09-15","cannot open with a badly formed login token","DTR voltage unbalance — cannot open without a valid login","dtrvoltageunbalance",""
"","693","Validate ls network trends","energy-audits","2026-09-15","passed","2026-09-15","Validate ls network trends","network-trends.harness.ts","modules/ENERGY-AUDITS/tests/network-trends",""
"","515","Urgency level 6 events — dtrs is treated as DTR meters","mis-dashboard","2026-09-15","passed","2026-09-15","Urgency level 6 events — dtrs is treated as DTR meters","Urgency level events","eventpriority",""
"","24","Saved example — permanently-disconnected with rows (offline)","dashboard","2026-09-15","passed","2026-09-15","Saved example — permanently-disconnected with rows (offline)","Dashboard — consumers by connection status","consumerconnectionstatus",""
"","1061","DTR energy over time — a second transformer still shows a chart","dtrs","2026-09-15","passed","2026-09-15","DTR energy over time — a second transformer still shows a chart","DTR energy over time","dtrdailythresholdchart",""
"","2251","Disallowed HTTP methods are rejected","meter-replacement","2026-09-15","passed","2026-09-15","Disallowed HTTP methods are rejected","Meter Replacement Dashboard Summary API — Auth Negative","dashboard-summary-negative",""
"","9","Power quality — sample: no live reading yet","consumers","2026-09-15","passed","2026-09-15","Power quality — sample: no live reading yet","Power quality","powerquality",""
"","312","Events that did not roll over — by meter type, week by week, all meters","mis-dashboard","2026-09-15","passed","2026-09-15","Events that did not roll over — by meter type, week by week, all meters","Events that did not roll over","eventdatanonrollover",""
"","268","Talking vs not talking overview — consumers is treated as consumer meters","mis-dashboard","2026-09-15","passed","2026-09-15","Talking vs not talking overview — consumers is treated as consumer meters","Talking vs not talking overview","communication-overview",""
"","240","Daily talking chart — network 0 is rejected","mis-dashboard","2026-09-15","passed","2026-09-15","Daily talking chart — network 0 is rejected","Daily talking chart","communication-trend",""
"","239","Daily Consumption Contract Snapshot","consumption","2026-09-15","passed","2026-09-15","Daily Consumption Contract Snapshot","CONSUMPTION — Contract Snapshots","consumption.contract",""
"","2128","Urgency level 2 events — month by month, all meters","mis-dashboard","2026-09-15","passed","2026-09-15","Urgency level 2 events — month by month, all meters","Urgency level events","eventpriority",""
"","1507","Communication consumers — invalid period type is rejected","reports","2026-09-15","passed","2026-09-15","Communication consumers — invalid period type is rejected","Communication consumers report","communicationconsumers",""
"","890","Feeder alerts — cannot open with an invalid login token","feeder","2026-09-15","passed","2026-09-15","Feeder alerts — cannot open with an invalid login token","Feeder screens — cannot open without a valid login","feeder-auth",""
"","1023","Meter transaction events — by consumer category, day by day, DTR meters only","mis-dashboard","2026-09-15","passed","2026-09-15","Meter transaction events — by consumer category, day by day, DTR meters only","Meter transaction events","eventdatatransaction",""
"","889","cannot open without logging in","dashboard","2026-09-15","passed","2026-09-15","cannot open without logging in","Dashboard overview — cannot open without a valid login","dashboardmetrics",""
"","37","Event restoration — empty page fixture","reports","2026-09-15","passed","2026-09-15","Event restoration — empty page fixture","Event restoration report","eventrestoration",""
"","773","IND-RPT-006 — Filter combination returning zero rows → success empty grid","revenue-protection","2026-09-15","failed","2026-09-15","IND-RPT-006 — Filter combination returning zero rows → success empty grid","Revenue Protection — Cases Edge","cases-edge",""
"","241202","Validate POST /indore/meter-replacement/bulk/validate — replacement reason required","meter-replacement","2026-09-15","broken","2026-09-15","Validate POST /indore/meter-replacement/bulk/validate — replacement reason required","Bulk Validate Meter Replacement API","bulk-validation",""
"","1522","cannot open with an empty login token","dashboard","2026-09-15","passed","2026-09-15","cannot open with an empty login token","DTR consumption list — cannot open without a valid login","dtrconsumptiondetails",""
"","4555","Missing Authorization returns 401","meter-replacement","2026-09-15","passed","2026-09-15","Missing Authorization returns 401","Meter Replacement Submission History API - Auth Negative","submission-history-negative",""
"","1542","DTR event detail — 1–30 Oct 2025 first page shows columns and events","reports","2026-09-15","passed","2026-09-15","DTR event detail — 1–30 Oct 2025 first page shows columns and events","DTR event detail report","dtreventdetail",""
"","240","Urgency level 3 events — a blank time range is rejected","mis-dashboard","2026-09-15","passed","2026-09-15","Urgency level 3 events — a blank time range is rejected","Urgency level events","eventpriority",""
"","1002","Events that did not roll over — by meter type, day by day, consumer meters only","mis-dashboard","2026-09-15","passed","2026-09-15","Events that did not roll over — by meter type, day by day, consumer meters only","Events that did not roll over","eventdatanonrollover",""
"","435","Meter transaction events — by meter type, hour by hour, consumer meters only","mis-dashboard","2026-09-15","passed","2026-09-15","Meter transaction events — by meter type, hour by hour, consumer meters only","Meter transaction events","eventdatatransaction",""
"","1625","DTR data — DP over 30 days requires background export","reports","2026-09-15","passed","2026-09-15","DTR data — DP over 30 days requires background export","DTR data report","dtrdata",""
"","909","Revenue subsidy (power factor) — report opens for the selected period","dashboard","2026-09-15","passed","2026-09-15","Revenue subsidy (power factor) — report opens for the selected period","Dashboard — revenue subsidy (power factor)","revenuesubsidypf",""
"","9056","Validate Module Permission Module","modules-permissions","2026-09-15","passed","2026-09-15","Validate Module Permission Module","Module Permission CRUD Flow","modulepermission",""
"","95","Sample chart — hours with no energy yet","dtrs","2026-09-15","passed","2026-09-15","Sample chart — hours with no energy yet","DTR energy over time","dtrdailythresholdchart",""
"","1740","cannot open with a badly formed login token","dashboard","2026-09-15","passed","2026-09-15","cannot open with a badly formed login token","DTR loading list — cannot open without a valid login","dtrpercentageloadingdetails",""
"","13","YNR CT Bypass report — first and last page have no duplicate meters","technical-analysis","2026-09-15","skipped","2026-09-15","Technical report — first and last page have no duplicate meters › YNR CT Bypass report — first and last page have no duplicate meters","Technical report","technicalanalysis",""
"","1542","Min-max voltage count — unknown query params are ignored","reports","2026-09-15","passed","2026-09-15","Min-max voltage count — unknown query params are ignored","Min-max voltage count","minmaxvoltagecount",""
"","1143","Power problems — by consumer category, day by day, DTR meters only","mis-dashboard","2026-09-15","passed","2026-09-15","Power problems — by consumer category, day by day, DTR meters only","Power problems","eventdatapower",""
"","890","Bill status — invalid year is rejected","reports","2026-09-15","passed","2026-09-15","Bill status — invalid year is rejected","Bill status report","billstatus",""
"","229","Validate Audit Log Export ASC API","audit-logs","2026-09-15","skipped","2026-09-15","Validate Audit Log Export ASC API","Audit Log Export API","auditlogexport",""
"","318","Other events — by meter type, week by week, all meters","mis-dashboard","2026-09-15","passed","2026-09-15","Other events — by meter type, week by week, all meters","Other events","eventdataother",""
"","238","IND-REV-ABE-ENTRY-NEG-002 — Invalid year","revenue-protection","2026-09-15","passed","2026-09-15","IND-REV-ABE-ENTRY-NEG-002 — Invalid year","Revenue Protection — Aberration Entry Negative","aberration-entry.negative",""
"","1010","Meter communication — status opens using the meter","consumers","2026-09-15","passed","2026-09-15","Meter communication — status opens using the meter","Meter communication","communicationstatus",""
"","146","Billing history — sample: 12 empty months listed","consumers","2026-09-15","passed","2026-09-15","Billing history — sample: 12 empty months listed","Billing history","billinghistory",""
"","1835","DTR energy over time — unknown transformer is not shown","dtrs","2026-09-15","passed","2026-09-15","DTR energy over time — unknown transformer is not shown","DTR energy over time","dtrdailythresholdchart",""
"","1666","Consumers by connection status — response shape stays the same","dashboard","2026-09-15","passed","2026-09-15","Consumers by connection status — response shape stays the same","Dashboard — response shape","dashboard.contract",""
"","2052","Min-max voltage count — Oct 2025 max R returns a total","reports","2026-09-15","passed","2026-09-15","Min-max voltage count — Oct 2025 max R returns a total","Min-max voltage count","minmaxvoltagecount",""
"","306","Daily talking chart — unknown meter kind is treated as all","mis-dashboard","2026-09-15","passed","2026-09-15","Daily talking chart — unknown meter kind is treated as all","Daily talking chart","communication-trend",""
"","1347","Monthly billing — searching by a meter number returns only that meter","billing","2026-09-15","passed","2026-09-15","Monthly billing — searching by a meter number returns only that meter","Monthly billing list","billingdata",""
"","984","Energy flow chart — opens using the account number","consumers","2026-09-15","passed","2026-09-15","Energy flow chart — opens using the account number","Energy flow chart","energyflow",""
"","327","Talking vs not talking overview — both is treated as all meters","mis-dashboard","2026-09-15","passed","2026-09-15","Talking vs not talking overview — both is treated as all meters","Talking vs not talking overview","communication-overview",""
"","1435","Voltage problems — by consumer category, month by month, consumer meters only","mis-dashboard","2026-09-15","passed","2026-09-15","Voltage problems — by consumer category, month by month, consumer meters only","Voltage problems","eventdatavoltage",""
"","965","DTR communication chart — monthly view loads","dashboard","2026-09-15","passed","2026-09-15","DTR communication chart — monthly view loads","Dashboard — DTR communication","dtrcommunication",""
"","291","Meter transaction events — by meter type, week by week, consumer meters only","mis-dashboard","2026-09-15","passed","2026-09-15","Meter transaction events — by meter type, week by week, consumer meters only","Meter transaction events","eventdatatransaction",""
"","1001","DTR load unbalance — extra unused filters are ignored","dashboard","2026-09-15","passed","2026-09-15","DTR load unbalance — extra unused filters are ignored","Dashboard — DTR load unbalance","dtrloadunbalance",""
"","1904","DTR event — invalid toDate is rejected","reports","2026-09-15","passed","2026-09-15","DTR event — invalid toDate is rejected","DTR event report","dtrevent",""
"","478","Urgency level 1 events — dtrs is treated as DTR meters","mis-dashboard","2026-09-15","passed","2026-09-15","Urgency level 1 events — dtrs is treated as DTR meters","Urgency level events","eventpriority",""
"","2450","Load Factor LF > 100% — household filter shows the same list (filter is not applied)","commericial-analysis","2026-09-15","passed","2026-09-15","Load Factor LF > 100% — household filter shows the same list (filter is not applied)","Load Factor report","loadfactor",""
"","1235","Dashboard — cannot open the report without logging in","commericial-analysis","2026-09-15","passed","2026-09-15","Dashboard — cannot open the report without logging in","Commercial Analysis — cannot open reports without a valid login","commercial-auth-negative",""
"","23130","How many meters we have — live view still opens","mis-dashboard","2026-09-15","passed","2026-09-15","How many meters we have — live view still opens","How many meters we have","communicationstats",""
"","267","IND-RPT-ATZ-NEG-008 — Far-future year returns empty success grid","revenue-protection","2026-09-15","passed","2026-09-15","IND-RPT-ATZ-NEG-008 — Far-future year returns empty success grid","Revenue Protection — ATR Zone Negative","atr-zone.negative",""
"","6923","Talking meters by category — all meters, Oct 2025 to Oct 2026","mis-dashboard","2026-09-15","passed","2026-09-15","Talking meters by category — all meters, Oct 2025 to Oct 2026","Talking meters by category","communication-category",""
"","5551","Current Unbalance report — first page shows columns and meters","technical-analysis","2026-09-15","passed","2026-09-15","Current Unbalance report — first page shows columns and meters","Technical report","technicalanalysis",""
"","887","IND-REV-ABE-IVRS-NEG-001 — Unknown IVRS returns not found","revenue-protection","2026-09-15","failed","2026-09-15","IND-REV-ABE-IVRS-NEG-001 — Unknown IVRS returns not found","Revenue Protection — Aberration Entry By IVRS Negative","aberration-entry-by-ivrs.negative",""
"","1549","cannot open without logging in","dashboard","2026-09-15","passed","2026-09-15","cannot open without logging in","DTR loading list — cannot open without a valid login","dtrpercentageloadingdetails",""
"","2343","Last three months — first page lists each consumer (month energy may be empty)","consumption","2026-09-15","passed","2026-09-15","Last three months — first page lists each consumer (month energy may be empty)","Pattern last three months list","lastthreemonths",""
"","259","PATCH /users/:id/status — unknown user returns 404","users-admin","2026-09-15","passed","2026-09-15","PATCH /users/:id/status — unknown user returns 404","User Admin — Negative","useradmin-negative",""
"","253","Event summary — dtrs is treated as DTR meters","mis-dashboard","2026-09-15","passed","2026-09-15","Event summary — dtrs is treated as DTR meters","Event summary","eventdata",""
"","237","IND-REV-ABE-EEN-EDGE-004 — Unfiltered query may span multiple months","revenue-protection","2026-09-15","passed","2026-09-15","IND-REV-ABE-EEN-EDGE-004 — Unfiltered query may span multiple months","Revenue Protection — Aberration Entry EENLTMT Edge","aberration-entry-eenltmt.edge",""
"","1527","DTR energy over time — week by week, each week listed once","dtrs","2026-09-15","passed","2026-09-15","DTR energy over time — week by week, each week listed once","DTR energy over time","dtrdailythresholdchart",""
"","42","Saved example — consumerType 30-day trends with trailing live count","dashboard","2026-09-15","passed","2026-09-15","Saved example — consumerType 30-day trends with trailing live count","Dashboard — overview numbers","dashboardmetrics",""
"","975","Current without voltage — invalid month is rejected","reports","2026-09-15","passed","2026-09-15","Current without voltage — invalid month is rejected","Current without voltage report","currentwithoutvoltage",""
"","73","Sample profile — network path ends at this transformer, each level once","dtrs","2026-09-15","passed","2026-09-15","Sample profile — network path ends at this transformer, each level once","DTR profile","dtrprofile",""
"","2374","DTR search — a page past the last page shows no records","utils-lookup","2026-09-15","passed","2026-09-15","UTILS-LOOKUP › utils › lookup-catalog.harness.ts › DTR search › DTR search — a page past the last page shows no records","indoore_backend_testing","modules/UTILS-LOOKUP/tests/dtrsearch",""
"","8","buildMarkdown includes triage section","other","2026-09-15","passed","2026-09-15","core › __tests__ › defect-heuristic-triage › buildMarkdown includes triage section","indoore_backend_testing","defect-triage",""
"","29","Saved example — POST save zero period echo","dashboard","2026-09-15","passed","2026-09-15","Saved example — POST save zero period echo","Dashboard — revenue subsidy (power factor)","revenuesubsidypf",""
"","59868","Feeder list — column names in the response stay the same","master-data","2026-09-15","passed","2026-09-15","Feeder list — column names in the response stay the same","Master data — column names in the response","master-data.contract",""
"","2791","PATCH /permissions/modules/:id — isEnabled false then true","modules-permissions","2026-09-15","passed","2026-09-15","PATCH /permissions/modules/:id — isEnabled false then true","Module Permission — Advanced","modulepermission-advanced",""
"","257","GET /users/:id/devices — unknown user returns 404","users-admin","2026-09-15","passed","2026-09-15","GET /users/:id/devices — unknown user returns 404","User Admin — Negative","useradmin-negative",""
"","2107","Billing MD snapshot — includeTotal still shows the same columns","reports","2026-09-15","passed","2026-09-15","Billing MD snapshot — includeTotal still shows the same columns","Billing MD snapshot report","billingmdsnapshot",""
"","1400","Urgency level 1 events — extra unused options are ignored","mis-dashboard","2026-09-15","passed","2026-09-15","Urgency level 1 events — extra unused options are ignored","Urgency level events","eventpriority",""
"","7","Technical report — household filter shows household meters","technical-analysis","2026-09-15","skipped","2026-09-15","Technical report — household filter shows household meters","Technical report","technicalanalysis",""
"","1","IND-REV-ABE-ENTRY-004 — Fetch Aberration Entry without optional filters","revenue-protection","2026-09-15","skipped","2026-09-15","IND-REV-ABE-ENTRY-004 — Fetch Aberration Entry without optional filters","Revenue Protection — Aberration Entry API","aberration-entry",""
"","683","Voltage problems — by consumer category, month by month, all meters","mis-dashboard","2026-09-15","passed","2026-09-15","Voltage problems — by consumer category, month by month, all meters","Voltage problems","eventdatavoltage",""
"","1546","Current without voltage — page 0 is rejected (page must start at 1)","reports","2026-09-15","passed","2026-09-15","Current without voltage — page 0 is rejected (page must start at 1)","Current without voltage report","currentwithoutvoltage",""
"","496","Voltage problems — by meter type, day by day, all meters","mis-dashboard","2026-09-15","passed","2026-09-15","Voltage problems — by meter type, day by day, all meters","Voltage problems","eventdatavoltage",""
"","274","Event summary — by urgency, month by month, all meters","mis-dashboard","2026-09-15","passed","2026-09-15","Event summary — by urgency, month by month, all meters","Event summary","eventdata",""
"","242","POST /permissions/modules/:id/permissions — unknown module returns 404","modules-permissions","2026-09-15","passed","2026-09-15","POST /permissions/modules/:id/permissions — unknown module returns 404","Module Permission — Negative","modulepermission-negative",""
"","17677","Day and Night — Night Zero Consumption: first and last page have no duplicate meters","commericial-analysis","2026-09-15","passed","2026-09-15","Day and Night — first and last page have no duplicate meters › Day and Night — Night Zero Consumption: first and last page have no duplicate meters","Day and Night consumption report","daynight",""
"","9","IND-NOT-DB-001 — inbox stats + list total + spot vs user_notifications","notifications","2026-09-15","skipped","2026-09-15","IND-NOT-DB-001 — inbox stats + list total + spot vs user_notifications","NOTIFICATIONS — DB Coverage","notifications.db",""
"","1793","Live voltage and current — shown for the consumer","consumers","2026-09-15","passed","2026-09-15","Live voltage and current — shown for the consumer","Live voltage and current","realtimepower",""
"","8452","Abnormal Low — household: billing data is not ready yet","commericial-analysis","2026-09-15","passed","2026-09-15","Abnormal Low — household: billing data is not ready yet","Consumption Compare report","consumptioncompare",""
"","248","Event summary — by consumer category, day by day, all meters","mis-dashboard","2026-09-15","passed","2026-09-15","Event summary — by consumer category, day by day, all meters","Event summary","eventdata",""
"","898","Transformer sizes — leaving out the end date is rejected","dtr-load","2026-09-15","passed","2026-09-15","Transformer sizes — leaving out the end date is rejected","Transformer size list","dtrloadratingoptions",""
"","956","Events that did not roll over — by consumer category, day by day, all meters","mis-dashboard","2026-09-15","passed","2026-09-15","Events that did not roll over — by consumer category, day by day, all meters","Events that did not roll over","eventdatanonrollover",""
"","2676","Meter communication — a smaller page size shows fewer records","master-data","2026-09-15","passed","2026-09-15","Meter communication — a smaller page size shows fewer records","Master data — meter communication","meter-communication-status",""
"","95","Energy flow chart — sample: usage matches meter totals","consumers","2026-09-15","passed","2026-09-15","Energy flow chart — sample: usage matches meter totals","Energy flow chart","energyflow",""
"","15264","DTR power on/off chart — monthly view loads","dashboard","2026-09-15","passed","2026-09-15","DTR power on/off chart — monthly view loads","Dashboard — DTR power on/off","dtrpowerstatus",""
"","12","IND-UL-DB-005 — Events COUNT + sample rows match DB","utils-lookup","2026-09-15","skipped","2026-09-15","IND-UL-DB-005 — Events COUNT + sample rows match DB","UTILS-LOOKUP — Catalog DB cross-validation","lookup-catalogs.db",""
"","39","Live load — sample: single-phase load","consumers","2026-09-15","passed","2026-09-15","Live load — sample: single-phase load","Live load","liveloadprofile",""
"","1244","Validate POST /indore/meter-replacement/bulk/validate — inactive old meter rejected","meter-replacement","2026-09-15","skipped","2026-09-15","Validate POST /indore/meter-replacement/bulk/validate — inactive old meter rejected","Bulk Validate Meter Replacement API","bulk-validation",""
"","2497","How meters are talking — missing start date uses the end date","mis-dashboard","2026-09-15","passed","2026-09-15","How meters are talking — missing start date uses the end date","How meters are talking","communication",""
"","2709","Consumer search — a page past the last page shows no records","utils-lookup","2026-09-15","passed","2026-09-15","UTILS-LOOKUP › utils › lookup-catalog.harness.ts › Consumer search › Consumer search — a page past the last page shows no records","indoore_backend_testing","modules/UTILS-LOOKUP/tests/consumersearch",""
"","1021","Feeder profile — the field list still matches what we saved","feeder","2026-09-15","passed","2026-09-15","Feeder profile — the field list still matches what we saved","Feeder — saved field lists","feeder.contract",""
"","75","Event restoration — 1–30 Oct 2025 fixture","reports","2026-09-15","passed","2026-09-15","Event restoration — 1–30 Oct 2025 fixture","Event restoration report","eventrestoration",""
"","944","DTR voltage unbalance list — balanced DTRs","dashboard","2026-09-15","passed","2026-09-15","DTR voltage unbalance list — balanced DTRs","Dashboard — DTR voltage unbalance list","dtrvoltageunbalancedetails",""
"","1714","DTR event — page 2 continues serial numbers without duplicates","reports","2026-09-15","passed","2026-09-15","DTR event — page 2 continues serial numbers without duplicates","DTR event report","dtrevent",""
"","2107","DTR list — first page shows columns, records, and page numbers","master-data","2026-09-15","passed","2026-09-15","DTR list — first page shows columns, records, and page numbers","Master data — DTR list","dtr-master",""
"","2022","Monthly billing — a meter number that does not exist shows an empty list","billing","2026-09-15","passed","2026-09-15","Monthly billing — a meter number that does not exist shows an empty list","Monthly billing list","billingdata",""
"","1809","Nearby accounts — list size cannot be more than 20","consumers","2026-09-15","passed","2026-09-15","Nearby accounts — list size cannot be more than 20","Nearby accounts","nearestaccountids",""
"","1002","Pattern comparison — a page far past the end of the list is empty","consumption","2026-09-15","passed","2026-09-15","Pattern comparison — a page far past the end of the list is empty","Consumption API — Edge","consumption-edge",""
"","238","What kinds of events happened — a missing grouping is rejected","mis-dashboard","2026-09-15","passed","2026-09-15","What kinds of events happened — a missing grouping is rejected","What kinds of events happened","event-classification",""
"","890","DTR search — page 0 is rejected","utils-lookup","2026-09-15","passed","2026-09-15","UTILS-LOOKUP › utils › lookup-catalog.harness.ts › DTR search › DTR search — page 0 is rejected","indoore_backend_testing","modules/UTILS-LOOKUP/tests/dtrsearch",""
"","1166","Validate dtr loss analysis stats","energy-audits","2026-09-15","passed","2026-09-15","Validate dtr loss analysis stats","loss-analysis-stats.harness.ts","modules/ENERGY-AUDITS/tests/loss-analysis-stats",""
"","973","Organisation search — limit 0 is rejected","utils-lookup","2026-09-15","passed","2026-09-15","UTILS-LOOKUP › utils › lookup-catalog.harness.ts › Organisation search › Organisation search — limit 0 is rejected","indoore_backend_testing","modules/UTILS-LOOKUP/tests/searchorganization",""
"","1020","Daily talking chart — consumers is treated as consumer meters","mis-dashboard","2026-09-15","passed","2026-09-15","Daily talking chart — consumers is treated as consumer meters","Daily talking chart","communication-trend",""
"","485","Urgency level 1 events — day by day, DTR meters only","mis-dashboard","2026-09-15","passed","2026-09-15","Urgency level 1 events — day by day, DTR meters only","Urgency level events","eventpriority",""
"","2045","Invalid Bearer token returns 401","meter-replacement","2026-09-15","failed","2026-09-15","Invalid Bearer token returns 401","Meter Replacement Consumer Detail API — Auth Negative","consumer-detail-negative",""
"","28","Saved example — all DTRs Severe","dashboard","2026-09-15","passed","2026-09-15","Saved example — all DTRs Severe","Dashboard — DTR load unbalance","dtrloadunbalance",""
"","1117","Min-max voltage — showing 1 per page returns at most 1 record","reports","2026-09-15","passed","2026-09-15","Min-max voltage — showing 1 per page returns at most 1 record","Min-max voltage report","minmaxvoltage",""
"","881","Mapped vs unmapped meters — cannot open with an expired login token","overall-dashboard","2026-09-15","passed","2026-09-15","Mapped vs unmapped meters — cannot open with an expired login token","Home dashboard screens — cannot open without a valid login","overall-dashboard-auth",""
"","757","Validate token refresh","auth","2026-09-15","failed","2026-09-15","Validate token refresh","Auth Refresh API","refresh",""
"","14","Ip!=0 & In=0 report — first page shows columns and meters","technical-analysis","2026-09-15","skipped","2026-09-15","Ip!=0 & In=0 report — first page shows columns and meters","Technical report","technicalanalysis",""
"","1817","Feeder daily energy — cannot open with an expired login token","feeder","2026-09-15","passed","2026-09-15","Feeder daily energy — cannot open with an expired login token","Feeder screens — cannot open without a valid login","feeder-auth",""
"","258","How many events by urgency — live view still opens","mis-dashboard","2026-09-15","passed","2026-09-15","How many events by urgency — live view still opens","How many events by urgency","priority-overview",""
"","1899","Home dashboard — cannot open with a badly formed login token","overall-dashboard","2026-09-15","passed","2026-09-15","Home dashboard — cannot open with a badly formed login token","Home dashboard — cannot open without a valid login","dashboardmetrics",""
"","1189","Current problems — extra unused options are ignored","mis-dashboard","2026-09-15","passed","2026-09-15","Current problems — extra unused options are ignored","Current problems","eventdatacurrent",""
"","258","Urgency today versus yesterday — DTR meters only","mis-dashboard","2026-09-15","passed","2026-09-15","Urgency today versus yesterday — DTR meters only","Urgency today versus yesterday","eventpriorityoverview",""
"","291","Urgency level 3 events — week by week, DTR meters only","mis-dashboard","2026-09-15","passed","2026-09-15","Urgency level 3 events — week by week, DTR meters only","Urgency level events","eventpriority",""
"","235","Live voltage and current — screen shape is unchanged","consumers","2026-09-15","passed","2026-09-15","Live voltage and current — screen shape is unchanged","Consumers — screen shape checks","consumers.contract",""
"","6607","Maximum Demand — Sanction Load Violation: report opens and demand follows the rule","commericial-analysis","2026-09-15","passed","2026-09-15","Maximum Demand — Sanction Load Violation: report opens and demand follows the rule","Commercial Analysis — extra report checks","commercial-edge",""
"","898","Technical summary — month 13 is rejected","technical-analysis","2026-09-15","passed","2026-09-15","Technical summary — month 13 is rejected","Technical summary","technical-summary",""
"","914","Live voltage and current — unknown meter is empty or not found","consumers","2026-09-15","passed","2026-09-15","Live voltage and current — unknown meter is empty or not found","Live voltage and current","realtimepower",""
"","1","IND-REV-ABE-EEN-004 — Fetch EENLTMT Aberration Entry using only month","revenue-protection","2026-09-15","skipped","2026-09-15","IND-REV-ABE-EEN-004 — Fetch EENLTMT Aberration Entry using only month","Revenue Protection — Aberration Entry EENLTMT API","aberration-entry-eenltmt",""
"","991","Other events — by consumer category, day by day, consumer meters only","mis-dashboard","2026-09-15","passed","2026-09-15","Other events — by consumer category, day by day, consumer meters only","Other events","eventdataother",""
"","236","What kinds of events happened — a blank grouping is rejected","mis-dashboard","2026-09-15","passed","2026-09-15","What kinds of events happened — a blank grouping is rejected","What kinds of events happened","event-classification",""
"","24","Saved example — balanced empty page","dashboard","2026-09-15","passed","2026-09-15","Saved example — balanced empty page","Dashboard — DTR voltage unbalance list","dtrvoltageunbalancedetails",""
"","1","IND-TA-DB-001 — Summary↔report totals + V_Consumerdetails row spot-checks","technical-analysis","2026-09-15","skipped","2026-09-15","IND-TA-DB-001 — Summary↔report totals + V_Consumerdetails row spot-checks","TECHNICAL-ANALYSIS — DB Coverage","technical-analysis.db",""
"","591","Validate dp network trends","energy-audits","2026-09-15","passed","2026-09-15","Validate dp network trends","network-trends.harness.ts","modules/ENERGY-AUDITS/tests/network-trends",""
"","7787","Unknown submission returns 404 SUBMISSION_NOT_FOUND","meter-replacement","2026-09-15","failed","2026-09-15","Unknown submission returns 404 SUBMISSION_NOT_FOUND","Meter Replacement Submission Detail API — Negative & Edge","submission-detail-negative",""
"","2263","Talking meters by category — no dates uses today","mis-dashboard","2026-09-15","passed","2026-09-15","Talking meters by category — no dates uses today","Talking meters by category","communication-category",""
"","2832","Consumers by connection status — extra unused filters are ignored","dashboard","2026-09-15","passed","2026-09-15","Consumers by connection status — extra unused filters are ignored","Dashboard — consumers by connection status","consumerconnectionstatus",""
"","1245","DTR communication — includeTotal still shows the same columns","reports","2026-09-15","passed","2026-09-15","DTR communication — includeTotal still shows the same columns","DTR communication report","dtrcommunication",""
"","83","Saved example — hourly summary cards with 12-point trends (10 Jul 2026)","dashboard","2026-09-15","passed","2026-09-15","Saved example — hourly summary cards with 12-point trends (10 Jul 2026)","Dashboard — DTR summary cards","dtrsummary",""
"","1789","DTR voltage unbalance list — moderately unbalanced DTRs","dashboard","2026-09-15","passed","2026-09-15","DTR voltage unbalance list — moderately unbalanced DTRs","Dashboard — DTR voltage unbalance list","dtrvoltageunbalancedetails",""
"","37","Saved example — high-load DTRs with rows","dashboard","2026-09-15","passed","2026-09-15","Saved example — high-load DTRs with rows","Dashboard — DTR loading list","dtrpercentageloadingdetails",""
"","236","Urgency level 6 events — an invalid time range is rejected","mis-dashboard","2026-09-15","passed","2026-09-15","Urgency level 6 events — an invalid time range is rejected","Urgency level events","eventpriority",""
"","52","Saved example — daily null on/off buckets (10 Jul 2026)","dashboard","2026-09-15","passed","2026-09-15","Saved example — daily null on/off buckets (10 Jul 2026)","Dashboard — DTR power on/off","dtrpowerstatus",""
"","80","Saved example — all DTRs OFF scenario","dashboard","2026-09-15","passed","2026-09-15","Saved example — all DTRs OFF scenario","Dashboard — DTR summary cards","dtrsummary",""
"","89","Current without voltage — Oct 2025 phase R fixture","reports","2026-09-15","passed","2026-09-15","Current without voltage — Oct 2025 phase R fixture","Current without voltage report","currentwithoutvoltage",""
"","2286","DTR power on/off list — extra unused filters are ignored","dashboard","2026-09-15","passed","2026-09-15","DTR power on/off list — extra unused filters are ignored","Dashboard — DTR power on/off list","dtrpowerstatusdetails",""
"","134","Saved example — hourly null on/off buckets (10 Jul 2026)","dashboard","2026-09-15","passed","2026-09-15","Saved example — hourly null on/off buckets (10 Jul 2026)","Dashboard — DTR power on/off","dtrpowerstatus",""
"","11","YNR Earth Loading report — first page shows columns and meters","technical-analysis","2026-09-15","skipped","2026-09-15","YNR Earth Loading report — first page shows columns and meters","Technical report","technicalanalysis",""
"","1712","cannot open with an invalid login token","dashboard","2026-09-15","passed","2026-09-15","cannot open with an invalid login token","Consumers by connection status — cannot open without a valid login","consumerconnectionstatus",""
"","236","Urgency today versus yesterday — network 0 is rejected","mis-dashboard","2026-09-15","passed","2026-09-15","Urgency today versus yesterday — network 0 is rejected","Urgency today versus yesterday","eventpriorityoverview",""
"","5626","DTR summary cards — yearly view loads","dashboard","2026-09-15","passed","2026-09-15","DTR summary cards — yearly view loads","Dashboard — DTR summary cards","dtrsummary",""
"","1","IND-RPT-NEG-016 — page beyond totalPages returns empty rows (not error)","revenue-protection","2026-09-15","skipped","2026-09-15","IND-RPT-NEG-016 — page beyond totalPages returns empty rows (not error)","Revenue Protection — Cases Negative","cases-negative",""
"","3163","LF < 5% — first and last page have no duplicate meters","commericial-analysis","2026-09-15","passed","2026-09-15","Load Factor — first and last page have no duplicate meters › LF < 5% — first and last page have no duplicate meters","Load Factor report","loadfactor",""
"","2043","Validate DP loss analysis","energy-audits","2026-09-15","failed","2026-09-15","Energy Audit Loss Analysis — Feeder › Validate DP loss analysis","loss-analysis.harness.ts","modules/ENERGY-AUDITS/tests/loss-analysis-feeder",""
"","2840","Substation list — page 2 shows the next set of records","master-data","2026-09-15","passed","2026-09-15","Substation list — page 2 shows the next set of records","Master data — substation list","substation-master",""
"","5134","Day-by-day billing — column headings and field names stay the same","billing","2026-09-15","passed","2026-09-15","Day-by-day billing — column headings and field names stay the same","Billing — column names stay stable","billing.contract",""
"","300","Other events — by meter type, week by week, DTR meters only","mis-dashboard","2026-09-15","passed","2026-09-15","Other events — by meter type, week by week, DTR meters only","Other events","eventdataother",""
"","254","Event summary — by consumer category, hour by hour, DTR meters only","mis-dashboard","2026-09-15","passed","2026-09-15","Event summary — by consumer category, hour by hour, DTR meters only","Event summary","eventdata",""
"","997","Events that did not roll over — by consumer category, week by week, all meters","mis-dashboard","2026-09-15","passed","2026-09-15","Events that did not roll over — by consumer category, week by week, all meters","Events that did not roll over","eventdatanonrollover",""
"","8348","Consumption Pattern — 100 unit kwh from Last Six months continuous (non-household): billing data is not ready yet","commericial-analysis","2026-09-15","passed","2026-09-15","Consumption Pattern — 100 unit kwh from Last Six months continuous (non-household): billing data is not ready yet","Consumption Pattern report","consumptionpattern",""
"","1617","Meter communication — invalid date is rejected","consumers","2026-09-15","passed","2026-09-15","Meter communication — invalid date is rejected","Meter communication","communicationstatus",""
"","487","Other events — by consumer category, month by month, DTR meters only","mis-dashboard","2026-09-15","passed","2026-09-15","Other events — by consumer category, month by month, DTR meters only","Other events","eventdataother",""
"","8","IND-RPT-DB-002 — Sampled rows match DB field-for-field","revenue-protection","2026-09-15","skipped","2026-09-15","IND-RPT-DB-002 — Sampled rows match DB field-for-field","Revenue Protection — Cases DB cross-validation","cases.db",""
"","1143","Maximum Demand — month 13 is rejected (month must be 1 to 12)","commericial-analysis","2026-09-15","passed","2026-09-15","Maximum Demand — month 13 is rejected (month must be 1 to 12)","Commercial Analysis — invalid filters are rejected","commercial-negative",""
"","239","DTR profile — saved list of the fields we expect","dtrs","2026-09-15","passed","2026-09-15","DTR profile — saved list of the fields we expect","DTR saved field list","dtrs.contract",""
"","895","Day-by-day billing — asking for zero rows per page is rejected","billing","2026-09-15","passed","2026-09-15","Day-by-day billing — asking for zero rows per page is rejected","Day-by-day billing list","daywisebilling",""
"","896","DTR data — missing fromDate is rejected","reports","2026-09-15","passed","2026-09-15","DTR data — missing fromDate is rejected","DTR data report","dtrdata",""
"","1294","Min-max voltage — Oct 2025 min Y first page shows columns and meters","reports","2026-09-15","passed","2026-09-15","Min-max voltage — Oct 2025 min Y first page shows columns and meters","Min-max voltage report","minmaxvoltage",""
"","577","Other events — by meter type, month by month, all meters","mis-dashboard","2026-09-15","passed","2026-09-15","Other events — by meter type, month by month, all meters","Other events","eventdataother",""
"","880","Connect and disconnect by month — cannot open with an empty login token","overall-dashboard","2026-09-15","passed","2026-09-15","Connect and disconnect by month — cannot open with an empty login token","Home dashboard screens — cannot open without a valid login","overall-dashboard-auth",""
"","29","Saved example — severe empty page","dashboard","2026-09-15","passed","2026-09-15","Saved example — severe empty page","Dashboard — DTR voltage unbalance list","dtrvoltageunbalancedetails",""
"","42","Event detail — empty page fixture","reports","2026-09-15","passed","2026-09-15","Event detail — empty page fixture","Event detail report","eventdetail",""
"","1153","Transformer load — first page shows load as a percent of the transformer size","dtr-load","2026-09-15","passed","2026-09-15","Transformer load — first page shows load as a percent of the transformer size","Transformer load reports","dtrload",""
"","241203","Validate POST /indore/meter-replacement/bulk/validate — latitude must be a valid coordinate","meter-replacement","2026-09-15","broken","2026-09-15","Validate POST /indore/meter-replacement/bulk/validate — latitude must be a valid coordinate","Bulk Validate Meter Replacement API","bulk-validation",""
"","1","DELETE /auth/devices/:id — revoke non-current device and verify catalog","auth","2026-09-15","skipped","2026-09-15","DELETE /auth/devices/:id — revoke non-current device and verify catalog","Auth Devices API","auth-devices",""
"","21","Saved example — normally loaded DTRs empty page","dashboard","2026-09-15","passed","2026-09-15","Saved example — normally loaded DTRs empty page","Dashboard — DTR loading list","dtrpercentageloadingdetails",""
"","235","DTR talking to the system — the field list still matches what we saved","overall-dashboard","2026-09-15","passed","2026-09-15","DTR talking to the system — the field list still matches what we saved","Home dashboard — saved field lists","overall-dashboard.contract",""
"","1101","Validate sent invitations list — status=accepted","auth","2026-09-15","passed","2026-09-15","Validate sent invitations list — status=accepted","Auth Sent Invitations List API","invite-list",""
"","928","Communication DTRs — invalid date is rejected","reports","2026-09-15","passed","2026-09-15","Communication DTRs — invalid date is rejected","Communication DTRs report","communicationdtrs",""
"","932","Power quality — opens using the meter","consumers","2026-09-15","passed","2026-09-15","Power quality — opens using the meter","Power quality","powerquality",""
"","329","DTR communication — column and field names stay the same","reports","2026-09-15","passed","2026-09-15","DTR communication — column and field names stay the same","Reports — contract snapshots","reports.contract",""
"","241204","Validate POST /indore/meter-replacement/bulk/validate — old meter serial must resolve to a consumer","meter-replacement","2026-09-15","broken","2026-09-15","Validate POST /indore/meter-replacement/bulk/validate — old meter serial must resolve to a consumer","Bulk Validate Meter Replacement API","bulk-validation",""
"","238","POST /auth/refresh — succeeds without CSRF header when refresh cookie is present","auth","2026-09-15","failed","2026-09-15","POST /auth/refresh — succeeds without CSRF header when refresh cookie is present","Auth Session — Negative","auth-session-negative",""
"","1618","IND-REV-ABE-IVRS-001 — PATCH aberration entry by IVRS returns echoed ivrsNo","revenue-protection","2026-09-15","failed","2026-09-15","IND-REV-ABE-IVRS-001 — PATCH aberration entry by IVRS returns echoed ivrsNo","Revenue Protection — Aberration Entry By IVRS (PATCH)","aberration-entry-by-ivrs",""
"","236","Urgency level 3 events — network 0 is rejected","mis-dashboard","2026-09-15","passed","2026-09-15","Urgency level 3 events — network 0 is rejected","Urgency level events","eventpriority",""
"","5","Technical report — empty page fixture","technical-analysis","2026-09-15","skipped","2026-09-15","Technical report — empty page fixture","Technical report","technicalanalysis",""
"","673","Current problems — by consumer category, hour by hour, consumer meters only","mis-dashboard","2026-09-15","passed","2026-09-15","Current problems — by consumer category, hour by hour, consumer meters only","Current problems","eventdatacurrent",""
"","328","Power Factor Violation — report opens, PF is below 0.8, and the same meter is not listed twice on the same DTR","commericial-analysis","2026-09-15","passed","2026-09-15","Power Factor Violation — report opens, PF is below 0.8, and the same meter is not listed twice on the same DTR","Power Factor Violation report","powerfactor",""
"","1","Zero limit is rejected","revenue-protection","2026-09-15","skipped","2026-09-15","Zero limit is rejected","Revenue Protection — Aberrations Negative","aberrations-negative",""
"","238","DELETE /permissions/modules/:id — unknown module returns 404","modules-permissions","2026-09-15","passed","2026-09-15","DELETE /permissions/modules/:id — unknown module returns 404","Module Permission — Negative","modulepermission-negative",""
"","1918","Connect and disconnect by month — cannot open with an expired login token","overall-dashboard","2026-09-15","passed","2026-09-15","Connect and disconnect by month — cannot open with an expired login token","Home dashboard screens — cannot open without a valid login","overall-dashboard-auth",""
"","1627","meter phases — list shows ids and names","utils-lookup","2026-09-15","passed","2026-09-15","UTILS-LOOKUP › utils › lookup-catalog.harness.ts › Meter phases › meter phases — list shows ids and names","indoore_backend_testing","modules/UTILS-LOOKUP/tests/meterphase",""
"","1141","DTR data — DP in a 7-day window returns the grid","reports","2026-09-15","passed","2026-09-15","DTR data — DP in a 7-day window returns the grid","DTR data report","dtrdata",""
"","17","Live voltage and current — sample: single-phase meter","consumers","2026-09-15","passed","2026-09-15","Live voltage and current — sample: single-phase meter","Live voltage and current","realtimepower",""
"","898","Day-by-day billing — month 13 is rejected (month must be January to December)","billing","2026-09-15","passed","2026-09-15","Day-by-day billing — month 13 is rejected (month must be January to December)","Day-by-day billing list","daywisebilling",""
"","478","Other events — by meter type, hour by hour, all meters","mis-dashboard","2026-09-15","passed","2026-09-15","Other events — by meter type, hour by hour, all meters","Other events","eventdataother",""
"","7507","Submission Detail Contract Snapshot","meter-replacement","2026-09-15","failed","2026-09-15","Submission Detail Contract Snapshot","METER-REPLACEMENT — Contract Snapshots","meter-replacement.contract",""
"","2709","Communication consumers — month first page shows columns and meters","reports","2026-09-15","passed","2026-09-15","Communication consumers — month first page shows columns and meters","Communication consumers report","communicationconsumers",""
"","1763","Other events — by consumer category, day by day, DTR meters only","mis-dashboard","2026-09-15","passed","2026-09-15","Other events — by consumer category, day by day, DTR meters only","Other events","eventdataother",""
"","373","Current problems — by meter type, month by month, consumer meters only","mis-dashboard","2026-09-15","passed","2026-09-15","Current problems — by meter type, month by month, consumer meters only","Current problems","eventdatacurrent",""
"","58","Saved example — yearly null communicating/non-communicating buckets (10 Jul 2026)","dashboard","2026-09-15","passed","2026-09-15","Saved example — yearly null communicating/non-communicating buckets (10 Jul 2026)","Dashboard — DTR communication","dtrcommunication",""
"","910","Last three months — leftover unused filters are ignored","consumption","2026-09-15","passed","2026-09-15","Last three months — leftover unused filters are ignored","Consumption API — Edge","consumption-edge",""
"","1762","DTR consumption chart — extra unused filters are ignored","dashboard","2026-09-15","failed","2026-09-15","DTR consumption chart — extra unused filters are ignored","Dashboard — DTR consumption","dtrconsumption",""
"","1442","Validate POST /commands/search-meters — invalid itemCount returns error","hes-commands","2026-09-15","passed","2026-09-15","Validate POST /commands/search-meters — invalid itemCount returns error","HES Commands — Search Meters","commands-search-meters",""
"","357","Urgency level 6 events — month by month, consumer meters only","mis-dashboard","2026-09-15","passed","2026-09-15","Urgency level 6 events — month by month, consumer meters only","Urgency level events","eventpriority",""
"","7897","Consumer list — column names in the response stay the same","master-data","2026-09-15","passed","2026-09-15","Consumer list — column names in the response stay the same","Master data — column names in the response","master-data.contract",""
"","8346","Validate Meter Replacement Consumer Detail API","meter-replacement","2026-09-15","failed","2026-09-15","Validate Meter Replacement Consumer Detail API","Meter Replacement Consumer Detail API","consumer-detail",""
"","17","Saved example — meters that are not communicating empty page","dashboard","2026-09-15","passed","2026-09-15","Saved example — meters that are not communicating empty page","Dashboard — DTR communication list","dtrcommunicationdetails",""
"","254","How many events by urgency — unknown meter kind is treated as all","mis-dashboard","2026-09-15","passed","2026-09-15","How many events by urgency — unknown meter kind is treated as all","How many events by urgency","priority-overview",""
"","1311","Monthly net meter — first page lists each consumer (import, export, and net may be empty)","consumption","2026-09-15","passed","2026-09-15","Monthly net meter — first page lists each consumer (import, export, and net may be empty)","Monthly net meter list","monthlynetmeter",""
"","1400","Network search — limit 1 returns at most 1 record","utils-lookup","2026-09-15","passed","2026-09-15","UTILS-LOOKUP › utils › lookup-catalog.harness.ts › Network search › Network search — limit 1 returns at most 1 record","indoore_backend_testing","modules/UTILS-LOOKUP/tests/networksearch.api",""
"","988","cannot open with a badly formed login token","dashboard","2026-09-15","passed","2026-09-15","cannot open with a badly formed login token","Consumers by connection status — cannot open without a valid login","consumerconnectionstatus",""
"","3026","Validate Force Logout","users-admin","2026-09-15","passed","2026-09-15","Validate Force Logout","User Security Flow","usersecurity",""
"","15","Low Power Factor report — first and last page have no duplicate meters","technical-analysis","2026-09-15","skipped","2026-09-15","Technical report — first and last page have no duplicate meters › Low Power Factor report — first and last page have no duplicate meters","Technical report","technicalanalysis",""
"","262","Talking vs not talking overview — unknown meter kind is treated as all","mis-dashboard","2026-09-15","passed","2026-09-15","Talking vs not talking overview — unknown meter kind is treated as all","Talking vs not talking overview","communication-overview",""
"","246","IND-RPT-ATZ-NEG-012 — ATR Zone rejects invalid bearer token","revenue-protection","2026-09-15","passed","2026-09-15","IND-RPT-ATZ-NEG-012 — ATR Zone rejects invalid bearer token","Revenue Protection — ATR Zone Auth Negative","atr-zone.auth",""
"","242","Other events — saved screen shape","mis-dashboard","2026-09-15","passed","2026-09-15","Other events — saved screen shape","Saved screen shape","mis-dashboard.contract",""
"","900","Event detail — fromDate after toDate is rejected","reports","2026-09-15","passed","2026-09-15","Event detail — fromDate after toDate is rejected","Event detail report","eventdetail",""
"","31","Saved example — live sample shape + derived fields","dashboard","2026-09-15","passed","2026-09-15","Saved example — live sample shape + derived fields","Dashboard — revenue subsidy (power factor)","revenuesubsidypf",""
"","525","DTR power on/off chart — response shape stays the same","dashboard","2026-09-15","passed","2026-09-15","DTR power on/off chart — response shape stays the same","Dashboard — response shape","dashboard.contract",""
"","1588","cannot open with an empty login token","dashboard","2026-09-15","passed","2026-09-15","cannot open with an empty login token","Consumers by meter phase — cannot open without a valid login","consumerphasedistribution",""
"","1","Invalid date returns error (backend may 400 or 500)","meter-replacement","2026-09-15","skipped","2026-09-15","Invalid date returns error (backend may 400 or 500)","Meter Replacement Submission History API - Negative","submission-history-negative",""
"","1918","DTR search — first page shows columns and records","utils-lookup","2026-09-15","passed","2026-09-15","UTILS-LOOKUP › utils › lookup-catalog.harness.ts › DTR search › DTR search — first page shows columns and records","indoore_backend_testing","modules/UTILS-LOOKUP/tests/dtrsearch",""
"","263","Event summary — by meter type, hour by hour, DTR meters only","mis-dashboard","2026-09-15","passed","2026-09-15","Event summary — by meter type, hour by hour, DTR meters only","Event summary","eventdata",""
"","1371","Voltage problems — by meter type, day by day, consumer meters only","mis-dashboard","2026-09-15","passed","2026-09-15","Voltage problems — by meter type, day by day, consumer meters only","Voltage problems","eventdatavoltage",""
"","1","Meter, DTR, consumer, feeder, and substation lists match the database","master-data","2026-09-15","skipped","2026-09-15","Meter, DTR, consumer, feeder, and substation lists match the database","Master data — lists vs database","master-data.db",""
"","1905","Communication DTRs — fromDate after toDate is rejected","reports","2026-09-15","passed","2026-09-15","Communication DTRs — fromDate after toDate is rejected","Communication DTRs report","communicationdtrs",""
"","956","Communication DTRs — a page past the last page shows no records","reports","2026-09-15","passed","2026-09-15","Communication DTRs — a page past the last page shows no records","Communication DTRs report","communicationdtrs",""
"","454","Other events — by meter type, hour by hour, consumer meters only","mis-dashboard","2026-09-15","passed","2026-09-15","Other events — by meter type, hour by hour, consumer meters only","Other events","eventdataother",""
"","241203","Validate POST /indore/meter-replacement/bulk/validate — longitude must be a valid coordinate","meter-replacement","2026-09-15","broken","2026-09-15","Validate POST /indore/meter-replacement/bulk/validate — longitude must be a valid coordinate","Bulk Validate Meter Replacement API","bulk-validation",""
"","507","Urgency level 6 events — a missing time range falls back to day by day","mis-dashboard","2026-09-15","passed","2026-09-15","Urgency level 6 events — a missing time range falls back to day by day","Urgency level events","eventpriority",""
"","4112","LF < 5% Last Three month — first and last page have no duplicate meters","commericial-analysis","2026-09-15","passed","2026-09-15","Load Factor — first and last page have no duplicate meters › LF < 5% Last Three month — first and last page have no duplicate meters","Load Factor report","loadfactor",""
"","1682","Billing history — opens using the meter","consumers","2026-09-15","passed","2026-09-15","Billing history — opens using the meter","Billing history","billinghistory",""
"","901","Monthly billing — month 0 is rejected","billing","2026-09-15","passed","2026-09-15","Monthly billing — month 0 is rejected","Monthly billing list","billingdata",""
"","490487","LF < 5% — every page is checked so the same meter is not listed twice on the same DTR","commericial-analysis","2026-09-15","failed","2026-09-15","Load Factor — first and last page have no duplicate meters › LF < 5% — every page is checked so the same meter is not listed twice on the same DTR","Load Factor report","loadfactor",""
"","993","DTR load unbalance list — balanced DTRs","dashboard","2026-09-15","passed","2026-09-15","DTR load unbalance list — balanced DTRs","Dashboard — DTR load unbalance list","dtrloadunbalancedetails",""
"","889","Nearby accounts — account number is required","consumers","2026-09-15","passed","2026-09-15","Nearby accounts — account number is required","Nearby accounts","nearestaccountids",""
"","5903","Power Failure report — first page shows columns and meters","technical-analysis","2026-09-15","passed","2026-09-15","Power Failure report — first page shows columns and meters","Technical report","technicalanalysis",""
"","2097","Event restoration — invalid toDate is rejected","reports","2026-09-15","passed","2026-09-15","Event restoration — invalid toDate is rejected","Event restoration report","eventrestoration",""
"","356","Meter transaction events — by meter type, month by month, DTR meters only","mis-dashboard","2026-09-15","passed","2026-09-15","Meter transaction events — by meter type, month by month, DTR meters only","Meter transaction events","eventdatatransaction",""
"","29663","Invalid pagination returns validation error","meter-replacement","2026-09-15","failed","2026-09-15","Invalid pagination returns validation error","Meter Replacement Submission History API - Negative","submission-history-negative",""
"","1007","Meter communication — unknown consumer is not found","consumers","2026-09-15","passed","2026-09-15","Meter communication — unknown consumer is not found","Meter communication","communicationstatus",""
"","1810","Min-max voltage — invalid month is rejected","reports","2026-09-15","passed","2026-09-15","Min-max voltage — invalid month is rejected","Min-max voltage report","minmaxvoltage",""
"","1897","Bill status — missing year is rejected","reports","2026-09-15","passed","2026-09-15","Bill status — missing year is rejected","Bill status report","billstatus",""
"","895","DTR communication — limit 0 is rejected (limit must be at least 1)","reports","2026-09-15","passed","2026-09-15","DTR communication — limit 0 is rejected (limit must be at least 1)","DTR communication report","dtrcommunication",""
"","1783","Ip!=In (Phase current is not equal to neutral current) report — first page shows columns and meters","technical-analysis","2026-09-15","passed","2026-09-15","Ip!=In (Phase current is not equal to neutral current) report — first page shows columns and meters","Technical report","technicalanalysis",""
"","1","IND-UL-DB-003 — Payment contracts COUNT + sample rows match DB","utils-lookup","2026-09-15","skipped","2026-09-15","IND-UL-DB-003 — Payment contracts COUNT + sample rows match DB","UTILS-LOOKUP — Catalog DB cross-validation","lookup-catalogs.db",""
"","1428","Other events — by consumer category, week by week, DTR meters only","mis-dashboard","2026-09-15","passed","2026-09-15","Other events — by consumer category, week by week, DTR meters only","Other events","eventdataother",""
"","237","Consumption chart — screen shape is unchanged","consumers","2026-09-15","passed","2026-09-15","Consumption chart — screen shape is unchanged","Consumers — screen shape checks","consumers.contract",""
"","251","How many events by urgency — blank dates are treated as missing","mis-dashboard","2026-09-15","passed","2026-09-15","How many events by urgency — blank dates are treated as missing","How many events by urgency","priority-overview",""
"","1060","Pattern comparison — page 2 continues without repeating a meter","consumption","2026-09-15","passed","2026-09-15","Pattern comparison — page 2 continues without repeating a meter","Consumption API — Edge","consumption-edge",""
"","255","Urgency today versus yesterday — no meter kind still opens","mis-dashboard","2026-09-15","passed","2026-09-15","Urgency today versus yesterday — no meter kind still opens","Urgency today versus yesterday","eventpriorityoverview",""
"","1044","Current problems — by consumer category, hour by hour, all meters","mis-dashboard","2026-09-15","passed","2026-09-15","Current problems — by consumer category, hour by hour, all meters","Current problems","eventdatacurrent",""
"","1251","Daily consumption — leftover unused filters are ignored","consumption","2026-09-15","passed","2026-09-15","Daily consumption — leftover unused filters are ignored","Consumption API — Edge","consumption-edge",""
"","8338","Consumption Pattern — 100 unit kwh from Last Six months continuous (household): billing data is not ready yet","commericial-analysis","2026-09-15","passed","2026-09-15","Consumption Pattern — 100 unit kwh from Last Six months continuous (household): billing data is not ready yet","Consumption Pattern report","consumptionpattern",""
"","306","Daily talking chart — from_date and to_date still work","mis-dashboard","2026-09-15","passed","2026-09-15","Daily talking chart — from_date and to_date still work","Daily talking chart","communication-trend",""
"","16","Earth Loading report — first and last page have no duplicate meters","technical-analysis","2026-09-15","skipped","2026-09-15","Technical report — first and last page have no duplicate meters › Earth Loading report — first and last page have no duplicate meters","Technical report","technicalanalysis",""
"","349","Events that did not roll over — by meter type, month by month, DTR meters only","mis-dashboard","2026-09-15","passed","2026-09-15","Events that did not roll over — by meter type, month by month, DTR meters only","Events that did not roll over","eventdatanonrollover",""
"","1693","Master data change history — page 2 shows the next set of changes","master-data","2026-09-15","passed","2026-09-15","Master data change history — page 2 shows the next set of changes","Master data — change history","master-data-audit-logs",""
"","8008","Consumption Pattern — Zero Consumption for Last 12 months (non-household): billing data is not ready yet","commericial-analysis","2026-09-15","passed","2026-09-15","Consumption Pattern — Zero Consumption for Last 12 months (non-household): billing data is not ready yet","Consumption Pattern report","consumptionpattern",""
"","1402","Min-max voltage count — Oct 2025 max B returns a total","reports","2026-09-15","passed","2026-09-15","Min-max voltage count — Oct 2025 max B returns a total","Min-max voltage count","minmaxvoltagecount",""
"","1825","Communication consumers — unknown query params are ignored","reports","2026-09-15","passed","2026-09-15","Communication consumers — unknown query params are ignored","Communication consumers report","communicationconsumers",""
"","344","Current problems — by meter type, week by week, DTR meters only","mis-dashboard","2026-09-15","passed","2026-09-15","Current problems — by meter type, week by week, DTR meters only","Current problems","eventdatacurrent",""
"","241","Other events — organisation 0 is rejected","mis-dashboard","2026-09-15","passed","2026-09-15","Other events — organisation 0 is rejected","Other events","eventdataother",""
"","1898","DTR feeders — list under this transformer, each feeder only once","dtrs","2026-09-15","passed","2026-09-15","DTR feeders — list under this transformer, each feeder only once","DTR feeders","dtrfeeders",""
"","1475","Missing Authorization returns 401","meter-replacement","2026-09-15","passed","2026-09-15","Missing Authorization returns 401","Meter Replacement Meter Validation API — Auth Negative","meter-validation-negative",""
"","245","Urgency level 4 events — saved screen shape","mis-dashboard","2026-09-15","passed","2026-09-15","Urgency level 4 events — saved screen shape","Saved screen shape","mis-dashboard.contract",""
"","74","Sample profile — recent alarms with date and time","dtrs","2026-09-15","passed","2026-09-15","Sample profile — recent alarms with date and time","DTR profile","dtrprofile",""
"","47","DTR billing — empty page fixture","reports","2026-09-15","passed","2026-09-15","DTR billing — empty page fixture","DTR billing report","dtrbilling",""
"","248","POST /users/me/profile-image/upload-url — missing fileSize returns 400","users-profile-image","2026-09-15","passed","2026-09-15","POST /users/me/profile-image/upload-url — missing fileSize returns 400","User Profile Image — Negative","profileimage-negative",""
"","894","Communication DTRs — missing month is rejected","reports","2026-09-15","passed","2026-09-15","Communication DTRs — missing month is rejected","Communication DTRs report","communicationdtrs",""
"","490","Urgency level 2 events — dtrs is treated as DTR meters","mis-dashboard","2026-09-15","passed","2026-09-15","Urgency level 2 events — dtrs is treated as DTR meters","Urgency level events","eventpriority",""
"","66","Monthly billing — October 2025 sample row matches the live layout","billing","2026-09-15","passed","2026-09-15","Monthly billing — October 2025 sample row matches the live layout","Monthly billing list","billingdata",""
"","1749","Event summary — unknown consumer is empty or not found","consumers","2026-09-15","passed","2026-09-15","Event summary — unknown consumer is empty or not found","Event summary","eventlogcards",""
"","785","IND-RPT-004 — Page far beyond total returns empty rows (not page-1 fallback)","revenue-protection","2026-09-15","failed","2026-09-15","IND-RPT-004 — Page far beyond total returns empty rows (not page-1 fallback)","Revenue Protection — Cases Edge","cases-edge",""
"","1922","device manufacturers — list shows ids and names","utils-lookup","2026-09-15","passed","2026-09-15","UTILS-LOOKUP › utils › lookup-catalog.harness.ts › Device manufacturers › device manufacturers — list shows ids and names","indoore_backend_testing","modules/UTILS-LOOKUP/tests/devicemanufacturer",""
"","1","Urgency level 2 events — day by day","mis-dashboard","2026-09-15","skipped","2026-09-15","Urgency level 2 events — day by day","Urgency level 2 events","eventpriority2",""
"","235","How meters are talking — start date after end date is rejected","mis-dashboard","2026-09-15","passed","2026-09-15","How meters are talking — start date after end date is rejected","How meters are talking","communication",""
"","1815","cannot open with a badly formed login token","dashboard","2026-09-15","passed","2026-09-15","cannot open with a badly formed login token","DTR load unbalance list — cannot open without a valid login","dtrloadunbalancedetails",""
"","1574","Monthly billing — October 2025 first page lists meters and column headings","billing","2026-09-15","passed","2026-09-15","Monthly billing — October 2025 first page lists meters and column headings","Monthly billing list","billingdata",""
"","1","Consumers — profile, meter, billing, communication and live readings match the database","consumers","2026-09-15","skipped","2026-09-15","Consumers — profile, meter, billing, communication and live readings match the database","Consumers — screen data matches the database","consumers.db",""
"","315","Daily talking chart — extra unused options are ignored","mis-dashboard","2026-09-15","passed","2026-09-15","Daily talking chart — extra unused options are ignored","Daily talking chart","communication-trend",""
"","2864","Technical summary — October 2025 cards show counts","technical-analysis","2026-09-15","failed","2026-09-15","Technical summary — October 2025 cards show counts","Technical summary","technical-summary",""
"","1919","Connect and disconnect by month — cannot open without logging in","overall-dashboard","2026-09-15","passed","2026-09-15","Connect and disconnect by month — cannot open without logging in","Home dashboard screens — cannot open without a valid login","overall-dashboard-auth",""
"","8230","Validate Meter Replacement Submission History API","meter-replacement","2026-09-15","failed","2026-09-15","Validate Meter Replacement Submission History API","Meter Replacement Submission History API","submission-history",""
"","1815","cannot open with an invalid login token","dashboard","2026-09-15","passed","2026-09-15","cannot open with an invalid login token","DTR power on/off list — cannot open without a valid login","dtrpowerstatusdetails",""
"","56","Consumer report IP — Oct 2025 fixture","reports","2026-09-15","passed","2026-09-15","Consumer report IP — Oct 2025 fixture","Consumer report","consumerreport",""
"","25584","How many meters we have — all meters equals consumer plus DTR","mis-dashboard","2026-09-15","passed","2026-09-15","How many meters we have — all meters equals consumer plus DTR","How many meters we have","communicationstats",""
"","895","Communication consumers — missing fromDate is rejected","reports","2026-09-15","passed","2026-09-15","Communication consumers — missing fromDate is rejected","Communication consumers report","communicationconsumers",""
"","236","IND-REV-ABE-EEN-NEG-004 — Invalid limit","revenue-protection","2026-09-15","passed","2026-09-15","IND-REV-ABE-EEN-NEG-004 — Invalid limit","Revenue Protection — Aberration Entry Negative","aberration-entry.negative",""
"","52017","Case and identity variants return matching consumers","meter-replacement","2026-09-15","failed","2026-09-15","Case and identity variants return matching consumers","Meter Replacement Consumer Search API — Negative & Edge","consumer-search-negative",""
"","1","Urgency level 6 events — hour by hour","mis-dashboard","2026-09-15","skipped","2026-09-15","Urgency level 6 events — hour by hour","Urgency level 6 events","eventpriority6",""
"","258","What kinds of events happened — by meter type, dtrs is treated as DTR meters","mis-dashboard","2026-09-15","passed","2026-09-15","What kinds of events happened — by meter type, dtrs is treated as DTR meters","What kinds of events happened","event-classification",""
"","1261","Current problems — by meter type, day by day, consumer meters only","mis-dashboard","2026-09-15","passed","2026-09-15","Current problems — by meter type, day by day, consumer meters only","Current problems","eventdatacurrent",""
"","280","Auth Sent Invitations Contract Snapshot","auth","2026-09-15","passed","2026-09-15","Auth Sent Invitations Contract Snapshot","AUTH — Contract Snapshots","auth.contract",""
"","237","Meter transaction events — network 0 is rejected","mis-dashboard","2026-09-15","passed","2026-09-15","Meter transaction events — network 0 is rejected","Meter transaction events","eventdatatransaction",""
"","1468","Load Factor LF < 5% — report opens and values follow the rule","commericial-analysis","2026-09-15","passed","2026-09-15","Load Factor LF < 5% — report opens and values follow the rule","Load Factor report","loadfactor",""
"","459","Urgency level 2 events — hour by hour, DTR meters only","mis-dashboard","2026-09-15","passed","2026-09-15","Urgency level 2 events — hour by hour, DTR meters only","Urgency level events","eventpriority",""
"","438","Events that did not roll over — by meter type, hour by hour, DTR meters only","mis-dashboard","2026-09-15","passed","2026-09-15","Events that did not roll over — by meter type, hour by hour, DTR meters only","Events that did not roll over","eventdatanonrollover",""
"","1860","Dashboard — only GET is allowed; other request types are rejected","commericial-analysis","2026-09-15","passed","2026-09-15","Dashboard — only GET is allowed; other request types are rejected","Commercial Analysis — cannot open reports without a valid login","commercial-auth-negative",""
"","1560","DTR data — a far page still returns a valid table","reports","2026-09-15","passed","2026-09-15","DTR data — a far page still returns a valid table","DTR data report","dtrdata",""
"","885","cannot open with an expired login token","dashboard","2026-09-15","passed","2026-09-15","cannot open with an expired login token","Consumers by category — cannot open without a valid login","consumercategorydistribution",""
"","1639","Urgency level 3 events — month by month, all meters","mis-dashboard","2026-09-15","passed","2026-09-15","Urgency level 3 events — month by month, all meters","Urgency level events","eventpriority",""
"","231","IND-REV-ABE-IVRS-AUTH-001 — PATCH without Authorization header","revenue-protection","2026-09-15","passed","2026-09-15","IND-REV-ABE-IVRS-AUTH-001 — PATCH without Authorization header","Revenue Protection — Aberration Entry By IVRS Auth Negative","aberration-entry-by-ivrs.auth",""
"","2805","Consumers by category — extra unused filters are ignored","dashboard","2026-09-15","passed","2026-09-15","Consumers by category — extra unused filters are ignored","Dashboard — consumers by category","consumercategorydistribution",""
"","2686","Current without voltage — Oct 2025 phase Y first page shows columns and readings","reports","2026-09-15","passed","2026-09-15","Current without voltage — Oct 2025 phase Y first page shows columns and readings","Current without voltage report","currentwithoutvoltage",""
"","254","What kinds of events happened — by meter type, unknown meter kind is treated as all","mis-dashboard","2026-09-15","passed","2026-09-15","What kinds of events happened — by meter type, unknown meter kind is treated as all","What kinds of events happened","event-classification",""
"","272","GET /users/audit-logs — filter by action","users-admin","2026-09-15","passed","2026-09-15","GET /users/audit-logs — filter by action","User Admin — Advanced","useradmin-advanced",""
"","241203","Validate POST /indore/meter-replacement/bulk/validate — duplicate new meter serial within file","meter-replacement","2026-09-15","broken","2026-09-15","Validate POST /indore/meter-replacement/bulk/validate — duplicate new meter serial within file","Bulk Validate Meter Replacement API","bulk-validation",""
"","1142","Event summary — by urgency, day by day, all meters","mis-dashboard","2026-09-15","passed","2026-09-15","Event summary — by urgency, day by day, all meters","Event summary","eventdata",""
"","1708","IND-REV-ABE-EEN-001 — Fetch EENLTMT Aberration Entry without optional filters","revenue-protection","2026-09-15","failed","2026-09-15","IND-REV-ABE-EEN-001 — Fetch EENLTMT Aberration Entry without optional filters","Revenue Protection — Aberration Entry EENLTMT API","aberration-entry-eenltmt",""
"","1104","Event report — column and field names stay the same","reports","2026-09-15","passed","2026-09-15","Event report — column and field names stay the same","Reports — contract snapshots","reports.contract",""
"","241","Organisation search — field names stay the same","utils-lookup","2026-09-15","passed","2026-09-15","Organisation search — field names stay the same","Utils lookup — contract snapshots","utils-lookup.contract",""
"","1628","Talking meters by category — DTR meters only","mis-dashboard","2026-09-15","passed","2026-09-15","Talking meters by category — DTR meters only","Talking meters by category","communication-category",""
"","240","Urgency level 1 events — a blank time range is rejected","mis-dashboard","2026-09-15","passed","2026-09-15","Urgency level 1 events — a blank time range is rejected","Urgency level events","eventpriority",""
"","59","Saved example — monthly null communicating/non-communicating buckets (10 Jul 2026)","dashboard","2026-09-15","passed","2026-09-15","Saved example — monthly null communicating/non-communicating buckets (10 Jul 2026)","Dashboard — DTR communication","dtrcommunication",""
"","4544","Meter list — showing 10 per page returns at most 10 records","master-data","2026-09-15","passed","2026-09-15","Meter list — showing 10 per page returns at most 10 records","Master data — meter list","meter-master",""
"","234","Modules Catalog Contract Snapshot","modules-permissions","2026-09-15","passed","2026-09-15","Modules Catalog Contract Snapshot","MODULES-PERMISSIONS — Contract Snapshots","modules-permissions.contract",""
"","38","Consumer report LS — Oct 2025 fixture","reports","2026-09-15","passed","2026-09-15","Consumer report LS — Oct 2025 fixture","Consumer report","consumerreport",""
"","904","Transformer sizes — start date after end date is rejected","dtr-load","2026-09-15","passed","2026-09-15","Transformer sizes — start date after end date is rejected","Transformer size list","dtrloadratingoptions",""
"","784","IND-RPT-ATZ-NEG-011 — ATR Zone rejects missing auth","revenue-protection","2026-09-15","passed","2026-09-15","IND-RPT-ATZ-NEG-011 — ATR Zone rejects missing auth","Revenue Protection — ATR Zone Auth Negative","atr-zone.auth",""
"","887","Home dashboard — cannot open with an invalid login token","overall-dashboard","2026-09-15","passed","2026-09-15","Home dashboard — cannot open with an invalid login token","Home dashboard — cannot open without a valid login","dashboardmetrics",""
"","238","Daily talking chart — start date after end date is rejected","mis-dashboard","2026-09-15","passed","2026-09-15","Daily talking chart — start date after end date is rejected","Daily talking chart","communication-trend",""
"","243","Talking vs not talking overview — day-month-year date is rejected","mis-dashboard","2026-09-15","passed","2026-09-15","Talking vs not talking overview — day-month-year date is rejected","Talking vs not talking overview","communication-overview",""
"","716","Validate dtr loss analysis trends","energy-audits","2026-09-15","passed","2026-09-15","Validate dtr loss analysis trends","loss-analysis-trends.harness.ts","modules/ENERGY-AUDITS/tests/loss-analysis-trends",""
"","2","Can this meter be put on a DTR? — a meter that is already on a DTR is rejected","master-data","2026-09-15","skipped","2026-09-15","Can this meter be put on a DTR? — a meter that is already on a DTR is rejected","Master data — can this meter be put on a DTR?","validate-dtr-meter",""
"","1442","DTR events — show five events at a time","dtrs","2026-09-15","passed","2026-09-15","DTR events — show five events at a time","DTR events","dtrevents",""
"","295","Urgency today versus yesterday — all meters","mis-dashboard","2026-09-15","passed","2026-09-15","Urgency today versus yesterday — all meters","Urgency today versus yesterday","eventpriorityoverview",""
"","3","IND-RPT-NEG-008 — page=-1 is rejected","revenue-protection","2026-09-15","skipped","2026-09-15","IND-RPT-NEG-008 — page=-1 is rejected","Revenue Protection — Cases Negative","cases-negative",""
"","11","IND-EA-DB-001 — feeder loss-analysis DTR count + identity spot","energy-audits","2026-09-15","skipped","2026-09-15","IND-EA-DB-001 — feeder loss-analysis DTR count + identity spot","ENERGY-AUDITS — DB Coverage","energy-audits.db",""
"","236","Events that did not roll over — saved screen shape","mis-dashboard","2026-09-15","passed","2026-09-15","Events that did not roll over — saved screen shape","Saved screen shape","mis-dashboard.contract",""
"","1249","Yearly pattern — asking for one consumer at a time still returns a row","consumption","2026-09-15","passed","2026-09-15","Yearly pattern — asking for one consumer at a time still returns a row","Consumption API — Edge","consumption-edge",""
"","2795","Meter communication — an empty search shows the full list","master-data","2026-09-15","passed","2026-09-15","Meter communication — an empty search shows the full list","Master data — meter communication","meter-communication-status",""
"","889","cannot open with an invalid login token","dashboard","2026-09-15","passed","2026-09-15","cannot open with an invalid login token","DTR voltage unbalance — cannot open without a valid login","dtrvoltageunbalance",""
"","8446","Abnormal Low — all connections: billing data is not ready yet","commericial-analysis","2026-09-15","passed","2026-09-15","Abnormal Low — all connections: billing data is not ready yet","Consumption Compare report","consumptioncompare",""
"","886","Feeder profile — cannot open without logging in","feeder","2026-09-15","passed","2026-09-15","Feeder profile — cannot open without logging in","Feeder screens — cannot open without a valid login","feeder-auth",""
"","109875","Unknown / invalid serials return valid:false","meter-replacement","2026-09-15","failed","2026-09-15","Unknown / invalid serials return valid:false","Meter Replacement Meter Validation API — Negative & Edge","meter-validation-negative",""
"","895","Event report — invalid toDate is rejected","reports","2026-09-15","passed","2026-09-15","Event report — invalid toDate is rejected","Event report","eventreport",""
"","344","Daily talking chart — dtrs is treated as DTR meters","mis-dashboard","2026-09-15","passed","2026-09-15","Daily talking chart — dtrs is treated as DTR meters","Daily talking chart","communication-trend",""
"","373","Other events — by consumer category, week by week, all meters","mis-dashboard","2026-09-15","passed","2026-09-15","Other events — by consumer category, week by week, all meters","Other events","eventdataother",""
"","1572","Power Factor Violation — household connections: number of meters on the page matches the total","commericial-analysis","2026-09-15","passed","2026-09-15","Power Factor Violation — household connections: number of meters on the page matches the total","Power Factor Violation report","powerfactor",""
"","48","Saved example — weekly null communicating/non-communicating buckets (10 Jul 2026)","dashboard","2026-09-15","passed","2026-09-15","Saved example — weekly null communicating/non-communicating buckets (10 Jul 2026)","Dashboard — DTR communication","dtrcommunication",""
"","519","Urgency level 5 events — a missing time range falls back to day by day","mis-dashboard","2026-09-15","passed","2026-09-15","Urgency level 5 events — a missing time range falls back to day by day","Urgency level events","eventpriority",""
"","1957","Substation list — column names in the response stay the same","master-data","2026-09-15","passed","2026-09-15","Substation list — column names in the response stay the same","Master data — column names in the response","master-data.contract",""
"","1681","Current without voltage — invalid phase is rejected","reports","2026-09-15","passed","2026-09-15","Current without voltage — invalid phase is rejected","Current without voltage report","currentwithoutvoltage",""
"","4459","Neutral Disturbance report — first page shows columns and meters","technical-analysis","2026-09-15","passed","2026-09-15","Neutral Disturbance report — first page shows columns and meters","Technical report","technicalanalysis",""
"","1772","Invalid Bearer token returns 401","meter-replacement","2026-09-15","failed","2026-09-15","Invalid Bearer token returns 401","Meter Replacement Dashboard Summary API — Auth Negative","dashboard-summary-negative",""
"","24","Saved example — 1 PH with rows (offline)","dashboard","2026-09-15","passed","2026-09-15","Saved example — 1 PH with rows (offline)","Dashboard — consumers by meter phase","consumerphasedistribution",""
"","510","Improper MD — first and last page have no duplicate meters","commericial-analysis","2026-09-15","passed","2026-09-15","Maximum Demand — first and last page have no duplicate meters › Improper MD — first and last page have no duplicate meters","Maximum Demand report","mdanalysis",""
"","902","Event summary — extra unused options are ignored","consumers","2026-09-15","passed","2026-09-15","Event summary — extra unused options are ignored","Event summary","eventlogcards",""
"","1784","Event summary — blank consumer number is rejected","consumers","2026-09-15","passed","2026-09-15","Event summary — blank consumer number is rejected","Event summary","eventlogcards",""
"","901","DTR data — invalid report type is rejected","reports","2026-09-15","passed","2026-09-15","DTR data — invalid report type is rejected","DTR data report","dtrdata",""
"","1782","Live voltage and current — blank consumer number is rejected","consumers","2026-09-15","passed","2026-09-15","Live voltage and current — blank consumer number is rejected","Live voltage and current","realtimepower",""
"","884","cannot open without logging in","dashboard","2026-09-15","passed","2026-09-15","cannot open without logging in","DTR consumption list — cannot open without a valid login","dtrconsumptiondetails",""
"","64","Consumption chart — sample: yearly usage","consumers","2026-09-15","passed","2026-09-15","Consumption chart — sample: yearly usage","Consumption chart","energyconsumptiongraph",""
"","2228","Talking meters by category — missing start date uses the end date","mis-dashboard","2026-09-15","passed","2026-09-15","Talking meters by category — missing start date uses the end date","Talking meters by category","communication-category",""
"","258","Event summary — by urgency, day by day, DTR meters only","mis-dashboard","2026-09-15","passed","2026-09-15","Event summary — by urgency, day by day, DTR meters only","Event summary","eventdata",""
"","866","Single-page result: total count equals returned records","revenue-protection","2026-09-15","failed","2026-09-15","Single-page result: total count equals returned records","Revenue Protection — Aberrations Edge","aberrations-edge",""
"","1502","How meters are talking — DTR meters only","mis-dashboard","2026-09-15","passed","2026-09-15","How meters are talking — DTR meters only","How meters are talking","communication",""
"","301","Events that did not roll over — by meter type, week by week, consumer meters only","mis-dashboard","2026-09-15","passed","2026-09-15","Events that did not roll over — by meter type, week by week, consumer meters only","Events that did not roll over","eventdatanonrollover",""
"","238","Urgency level 2 events — network 0 is rejected","mis-dashboard","2026-09-15","passed","2026-09-15","Urgency level 2 events — network 0 is rejected","Urgency level events","eventpriority",""
"","2641","Master data change history — filter shows only meter-created changes","master-data","2026-09-15","passed","2026-09-15","Master data change history — filter shows only meter-created changes","Master data — change history","master-data-audit-logs",""
"","115","DTR billing — Oct 2025 fixture (null total, hasMore)","reports","2026-09-15","passed","2026-09-15","DTR billing — Oct 2025 fixture (null total, hasMore)","DTR billing report","dtrbilling",""
"","1773","DTR event — limit 0 is rejected (limit must be at least 1)","reports","2026-09-15","passed","2026-09-15","DTR event — limit 0 is rejected (limit must be at least 1)","DTR event report","dtrevent",""
"","1212","Event summary — an invalid grouping is rejected","mis-dashboard","2026-09-15","passed","2026-09-15","Event summary — an invalid grouping is rejected","Event summary","eventdata",""
"","885","Feeder daily energy — cannot open with an invalid login token","feeder","2026-09-15","passed","2026-09-15","Feeder daily energy — cannot open with an invalid login token","Feeder screens — cannot open without a valid login","feeder-auth",""
"","881","cannot open with a badly formed login token","dashboard","2026-09-15","passed","2026-09-15","cannot open with a badly formed login token","Consumers by meter phase — cannot open without a valid login","consumerphasedistribution",""
"","1559","Consumer profile — unknown account is not found","consumers","2026-09-15","passed","2026-09-15","Consumer profile — unknown account is not found","Consumer profile","consumerprofile",""
"","2701","Consumers by category — industrial connections","dashboard","2026-09-15","passed","2026-09-15","Consumers by category — industrial connections","Dashboard — consumers by category","consumercategorydistribution",""
"","240","Talking vs not talking overview — organisation 0 is rejected","mis-dashboard","2026-09-15","passed","2026-09-15","Talking vs not talking overview — organisation 0 is rejected","Talking vs not talking overview","communication-overview",""
"","494","Urgency level 6 events — both is treated as all meters","mis-dashboard","2026-09-15","passed","2026-09-15","Urgency level 6 events — both is treated as all meters","Urgency level events","eventpriority",""
"","255","How many events by urgency — consumer and DTR stay within all meters","mis-dashboard","2026-09-15","passed","2026-09-15","How many events by urgency — consumer and DTR stay within all meters","How many events by urgency","priority-overview",""
"","722","PATCH /permissions/modules/:id — empty body returns 400","modules-permissions","2026-09-15","passed","2026-09-15","PATCH /permissions/modules/:id — empty body returns 400","Module Permission — Negative","modulepermission-negative",""
"","1","IND-UL-DB-004 — Device manufacturers COUNT + sample rows match DB","utils-lookup","2026-09-15","skipped","2026-09-15","IND-UL-DB-004 — Device manufacturers COUNT + sample rows match DB","UTILS-LOOKUP — Catalog DB cross-validation","lookup-catalogs.db",""
"","20","Sample power now — reactive power from power factor","dtrs","2026-09-15","passed","2026-09-15","Sample power now — reactive power from power factor","DTR power now","dtrpowertriangle",""
"","326","Event list — screen shape is unchanged","consumers","2026-09-15","passed","2026-09-15","Event list — screen shape is unchanged","Consumers — screen shape checks","consumers.contract",""
"","0","Urgency level 3 events — month by month","mis-dashboard","2026-09-15","skipped","2026-09-15","Urgency level 3 events — month by month","Urgency level 3 events","eventpriority3",""
"","11","YNR CT Open/Unbalance in any phase report — empty list is valid","technical-analysis","2026-09-15","skipped","2026-09-15","YNR CT Open/Unbalance in any phase report — empty list is valid","Technical report","technicalanalysis",""
"","8926","Consumer list — live-meter filter shows live meters only","master-data","2026-09-15","passed","2026-09-15","Consumer list — live-meter filter shows live meters only","Master data — consumer list","consumer-master",""
"","8","Technical report — a page past the last page shows no records","technical-analysis","2026-09-15","skipped","2026-09-15","Technical report — a page past the last page shows no records","Technical report","technicalanalysis",""
"","1086","This month bill — monthly, daily, outstanding and bill status","consumers","2026-09-15","passed","2026-09-15","This month bill — monthly, daily, outstanding and bill status","This month bill","billingperiod",""
"","346","Power problems — by consumer category, week by week, all meters","mis-dashboard","2026-09-15","passed","2026-09-15","Power problems — by consumer category, week by week, all meters","Power problems","eventdatapower",""
"","109902","Invalid submission ids return validation or not-found","meter-replacement","2026-09-15","failed","2026-09-15","Invalid submission ids return validation or not-found","Meter Replacement Submission Detail API — Negative & Edge","submission-detail-negative",""
"","361","Voltage problems — by consumer category, week by week, consumer meters only","mis-dashboard","2026-09-15","passed","2026-09-15","Voltage problems — by consumer category, week by week, consumer meters only","Voltage problems","eventdatavoltage",""
"","1119","Meter transaction events — by consumer category, week by week, DTR meters only","mis-dashboard","2026-09-15","passed","2026-09-15","Meter transaction events — by consumer category, week by week, DTR meters only","Meter transaction events","eventdatatransaction",""
"","234","Current problems — saved screen shape","mis-dashboard","2026-09-15","passed","2026-09-15","Current problems — saved screen shape","Saved screen shape","mis-dashboard.contract",""
"","29","Saved example — OpenAPI sample (total 341)","dashboard","2026-09-15","passed","2026-09-15","Saved example — OpenAPI sample (total 341)","Dashboard — DTR voltage unbalance","dtrvoltageunbalance",""
"","1169","Master data change history — showing 10 per page returns at most 10 changes","master-data","2026-09-15","passed","2026-09-15","Master data change history — showing 10 per page returns at most 10 changes","Master data — change history","master-data-audit-logs",""
"","1281","IND-RPT-ATZ-NEG-009 — page beyond totalPages returns empty rows (not error)","revenue-protection","2026-09-15","passed","2026-09-15","IND-RPT-ATZ-NEG-009 — page beyond totalPages returns empty rows (not error)","Revenue Protection — ATR Zone Negative","atr-zone.negative",""
"","1844","Energy flow chart — yearly view","consumers","2026-09-15","passed","2026-09-15","Energy flow chart — yearly view","Energy flow chart","energyflow",""
"","1","IND-MOD-DB-001 — modules/permissions catalog exact + module spot vs DB","modules-permissions","2026-09-15","skipped","2026-09-15","IND-MOD-DB-001 — modules/permissions catalog exact + module spot vs DB","MODULES-PERMISSIONS — DB Coverage","modules-permissions.db",""
"","1","IND-UL-DB-002 — Consumer categories COUNT + sample rows match DB","utils-lookup","2026-09-15","skipped","2026-09-15","IND-UL-DB-002 — Consumer categories COUNT + sample rows match DB","UTILS-LOOKUP — Catalog DB cross-validation","lookup-catalogs.db",""
"","905","DTR power now — a blank transformer code is not allowed","dtrs","2026-09-15","passed","2026-09-15","DTR power now — a blank transformer code is not allowed","DTR power now","dtrpowertriangle",""
"","237","Dashboard — month is required; report is rejected without it","commericial-analysis","2026-09-15","passed","2026-09-15","Dashboard — month is required; report is rejected without it","Commercial Analysis — invalid filters are rejected","commercial-negative",""
"","1","IND-REV-ABE-IVRS-DB-001 — PATCH then spot-check updated fields in DB","revenue-protection","2026-09-15","skipped","2026-09-15","IND-REV-ABE-IVRS-DB-001 — PATCH then spot-check updated fields in DB","Revenue Protection — Aberration Entry By IVRS DB cross-validation","aberration-entry-by-ivrs.db",""
"","15032","Current without voltage — a far page still returns a valid table","reports","2026-09-15","passed","2026-09-15","Current without voltage — a far page still returns a valid table","Current without voltage report","currentwithoutvoltage",""
"","240","How many meters we have — organisation 0 is rejected","mis-dashboard","2026-09-15","passed","2026-09-15","How many meters we have — organisation 0 is rejected","How many meters we have","communicationstats",""
"","1813","cannot open with an expired login token","dashboard","2026-09-15","passed","2026-09-15","cannot open with an expired login token","DTR voltage unbalance — cannot open without a valid login","dtrvoltageunbalance",""
"","1227","IND-REV-ABE-EEN-AUTH-001 — Request without Authorization header","revenue-protection","2026-09-15","passed","2026-09-15","IND-REV-ABE-EEN-AUTH-001 — Request without Authorization header","Revenue Protection — Aberration Entry EENLTMT Auth Negative","aberration-entry.auth",""
"","80","Saved example — yearly summary cards with 12-point trends (10 Jul 2026)","dashboard","2026-09-15","passed","2026-09-15","Saved example — yearly summary cards with 12-point trends (10 Jul 2026)","Dashboard — DTR summary cards","dtrsummary",""
"","229","Maximum Demand — cannot open the report without logging in","commericial-analysis","2026-09-15","passed","2026-09-15","Maximum Demand — cannot open the report without logging in","Commercial Analysis — cannot open reports without a valid login","commercial-auth-negative",""
"","958","DTR communication chart — extra unused filters are ignored","dashboard","2026-09-15","passed","2026-09-15","DTR communication chart — extra unused filters are ignored","Dashboard — DTR communication","dtrcommunication",""
"","2139","Current problems — by meter type, month by month, all meters","mis-dashboard","2026-09-15","passed","2026-09-15","Current problems — by meter type, month by month, all meters","Current problems","eventdatacurrent",""
"","6606","DTR power on/off chart — hourly view loads","dashboard","2026-09-15","passed","2026-09-15","DTR power on/off chart — hourly view loads","Dashboard — DTR power on/off","dtrpowerstatus",""
"","2379","Voltage Unbalance report — first page shows columns and meters","technical-analysis","2026-09-15","passed","2026-09-15","Voltage Unbalance report — first page shows columns and meters","Technical report","technicalanalysis",""
"","252","Event summary — by consumer category, month by month, consumer meters only","mis-dashboard","2026-09-15","passed","2026-09-15","Event summary — by consumer category, month by month, consumer meters only","Event summary","eventdata",""
"","2135","Event list — opens using the meter","consumers","2026-09-15","passed","2026-09-15","Event list — opens using the meter","Event list","eventloglist",""
"","238","DELETE /permissions/permissions/:id — unknown permission returns 404","modules-permissions","2026-09-15","passed","2026-09-15","DELETE /permissions/permissions/:id — unknown permission returns 404","Module Permission — Negative","modulepermission-negative",""
"","241","Urgency level 3 events — an invalid time range is rejected","mis-dashboard","2026-09-15","passed","2026-09-15","Urgency level 3 events — an invalid time range is rejected","Urgency level events","eventpriority",""
"","1809","Communication consumers — missing date for day is rejected","reports","2026-09-15","passed","2026-09-15","Communication consumers — missing date for day is rejected","Communication consumers report","communicationconsumers",""
"","1846","Organisation hierarchy — order is 1 through n","utils-lookup","2026-09-15","passed","2026-09-15","UTILS-LOOKUP › utils › lookup-catalog.harness.ts › Organisation hierarchy › Organisation hierarchy — order is 1 through n","indoore_backend_testing","modules/UTILS-LOOKUP/tests/organizationhierarchy",""
"","259","Event summary — by meter type, hour by hour, all meters","mis-dashboard","2026-09-15","passed","2026-09-15","Event summary — by meter type, hour by hour, all meters","Event summary","eventdata",""
"","25","Saved example — all DTRs Severe","dashboard","2026-09-15","passed","2026-09-15","Saved example — all DTRs Severe","Dashboard — DTR voltage unbalance","dtrvoltageunbalance",""
"","0","IND-REV-ABE-IVRS-002 — PATCH with p4Number alias also succeeds","revenue-protection","2026-09-15","skipped","2026-09-15","IND-REV-ABE-IVRS-002 — PATCH with p4Number alias also succeeds","Revenue Protection — Aberration Entry By IVRS (PATCH)","aberration-entry-by-ivrs",""
"","1367","Min-max voltage — invalid voltageType is rejected","reports","2026-09-15","passed","2026-09-15","Min-max voltage — invalid voltageType is rejected","Min-max voltage report","minmaxvoltage",""
"","902","Validate DP loss analysis","energy-audits","2026-09-15","failed","2026-09-15","Energy Audit Loss Analysis — DTR › Validate DP loss analysis","loss-analysis.harness.ts","modules/ENERGY-AUDITS/tests/loss-analysis-dtr",""
"","1201","Urgency level 4 events — network 0 is rejected","mis-dashboard","2026-09-15","passed","2026-09-15","Urgency level 4 events — network 0 is rejected","Urgency level events","eventpriority",""
"","2302","Day and Night — Night consumption <= 10% of Day consumption: report opens and usage follows the rule","commericial-analysis","2026-09-15","passed","2026-09-15","Day and Night — Night consumption <= 10% of Day consumption: report opens and usage follows the rule","Day and Night consumption report","daynight",""
"","2784","Pattern, net meter, and report APIs remain reachable with valid auth","consumption","2026-09-15","passed","2026-09-15","Pattern, net meter, and report APIs remain reachable with valid auth","Consumption API — Authenticated smoke after auth negatives","consumption-auth-negative",""
"","1383","Technical summary — month zero is rejected","technical-analysis","2026-09-15","passed","2026-09-15","Technical summary — month zero is rejected","Technical summary","technical-summary",""
"","1018","Substation list — search finds the substation name","master-data","2026-09-15","passed","2026-09-15","Substation list — search finds the substation name","Master data — substation list","substation-master",""
"","1814","Min-max voltage — missing month is rejected","reports","2026-09-15","passed","2026-09-15","Min-max voltage — missing month is rejected","Min-max voltage report","minmaxvoltage",""
"","14","Saved example — L&T empty page (offline)","dashboard","2026-09-15","passed","2026-09-15","Saved example — L&T empty page (offline)","Dashboard — consumers by meter make","consumeroemdistribution",""
"","2197","How meters are talking — no dates uses today","mis-dashboard","2026-09-15","passed","2026-09-15","How meters are talking — no dates uses today","How meters are talking","communication",""
"","254","Event summary — by urgency, week by week, all meters","mis-dashboard","2026-09-15","passed","2026-09-15","Event summary — by urgency, week by week, all meters","Event summary","eventdata",""
"","8162","Validate Meter Replacement Dashboard Summary API","meter-replacement","2026-09-15","failed","2026-09-15","Validate Meter Replacement Dashboard Summary API","Meter Replacement Dashboard Summary API","dashboard-summary",""
"","966","DTR loading gauge — unknown transformer is not shown","dtrs","2026-09-15","passed","2026-09-15","DTR loading gauge — unknown transformer is not shown","DTR loading gauge","dtrcapacitygauge",""
"","1567","DTR communication list — response shape stays the same","dashboard","2026-09-15","passed","2026-09-15","DTR communication list — response shape stays the same","Dashboard — response shape","dashboard.contract",""
"","0","IND-RPT-NEG-013 — Cases rejects disallowed HTTP methods","revenue-protection","2026-09-15","skipped","2026-09-15","IND-RPT-NEG-013 — Cases rejects disallowed HTTP methods","Revenue Protection — Cases Auth Negative","cases-auth-negative",""
"","529","How many events by urgency — DTR meters only","mis-dashboard","2026-09-15","passed","2026-09-15","How many events by urgency — DTR meters only","How many events by urgency","priority-overview",""
"","241203","Validate POST /indore/meter-replacement/bulk/validate — old meter reading must be numeric","meter-replacement","2026-09-15","broken","2026-09-15","Validate POST /indore/meter-replacement/bulk/validate — old meter reading must be numeric","Bulk Validate Meter Replacement API","bulk-validation",""
"","279","Talking meters by category — blank dates are treated as missing","mis-dashboard","2026-09-15","passed","2026-09-15","Talking meters by category — blank dates are treated as missing","Talking meters by category","communication-category",""
"","520","Urgency level 4 events — dtrs is treated as DTR meters","mis-dashboard","2026-09-15","passed","2026-09-15","Urgency level 4 events — dtrs is treated as DTR meters","Urgency level events","eventpriority",""
"","1694","DTR consumption chart — weekly view loads","dashboard","2026-09-15","failed","2026-09-15","DTR consumption chart — weekly view loads","Dashboard — DTR consumption","dtrconsumption",""
"","1133","Billing history — opens using the account number","consumers","2026-09-15","passed","2026-09-15","Billing history — opens using the account number","Billing history","billinghistory",""
"","1666","Meter communication — wrong date format is rejected","consumers","2026-09-15","passed","2026-09-15","Meter communication — wrong date format is rejected","Meter communication","communicationstatus",""
"","2757","Communication consumers — range first page shows columns and meters","reports","2026-09-15","passed","2026-09-15","Communication consumers — range first page shows columns and meters","Communication consumers report","communicationconsumers",""
"","1887","Billing MD snapshot — invalid month is rejected","reports","2026-09-15","passed","2026-09-15","Billing MD snapshot — invalid month is rejected","Billing MD snapshot report","billingmdsnapshot",""
"","492","Voltage problems — consumers is treated as consumer meters","mis-dashboard","2026-09-15","passed","2026-09-15","Voltage problems — consumers is treated as consumer meters","Voltage problems","eventdatavoltage",""
"","256","Event summary — by urgency, week by week, consumer meters only","mis-dashboard","2026-09-15","passed","2026-09-15","Event summary — by urgency, week by week, consumer meters only","Event summary","eventdata",""
"","493","Urgency level 5 events — day by day, DTR meters only","mis-dashboard","2026-09-15","passed","2026-09-15","Urgency level 5 events — day by day, DTR meters only","Urgency level events","eventpriority",""
"","8568","Abnormal High — all connections: billing data is not ready yet","commericial-analysis","2026-09-15","passed","2026-09-15","Abnormal High — all connections: billing data is not ready yet","Consumption Compare report","consumptioncompare",""
"","1229","Urgency level 2 events — both is treated as all meters","mis-dashboard","2026-09-15","passed","2026-09-15","Urgency level 2 events — both is treated as all meters","Urgency level events","eventpriority",""
"","997","DTR billing — missing fromDate is rejected","reports","2026-09-15","passed","2026-09-15","DTR billing — missing fromDate is rejected","DTR billing report","dtrbilling",""
"","2","Filter by COMPLETED status returns bounded list","meter-replacement","2026-09-15","skipped","2026-09-15","Filter by COMPLETED status returns bounded list","Meter Replacement Submission History API - Filters and Edge","submission-history-negative",""
"","896","DTR event — invalid fromDate is rejected","reports","2026-09-15","passed","2026-09-15","DTR event — invalid fromDate is rejected","DTR event report","dtrevent",""
"","1850","Users List Contract Snapshot","users-admin","2026-09-15","failed","2026-09-15","Users List Contract Snapshot","USERS-ADMIN — Contract Snapshots","users-admin.contract",""
"","1461","Urgency level 4 events — day by day, all meters","mis-dashboard","2026-09-15","passed","2026-09-15","Urgency level 4 events — day by day, all meters","Urgency level events","eventpriority",""
"","1668","DTR communication list — old communicating status is rejected","dashboard","2026-09-15","passed","2026-09-15","DTR communication list — old communicating status is rejected","Dashboard — DTR communication list","dtrcommunicationdetails",""
"","527","Voltage problems — by meter type, day by day, DTR meters only","mis-dashboard","2026-09-15","passed","2026-09-15","Voltage problems — by meter type, day by day, DTR meters only","Voltage problems","eventdatavoltage",""
"","4","Technical report — unknown analysis type is rejected","technical-analysis","2026-09-15","skipped","2026-09-15","Technical report — unknown analysis type is rejected","Technical report","technicalanalysis",""
"","2536","Event detail — unknown query params are ignored","reports","2026-09-15","passed","2026-09-15","Event detail — unknown query params are ignored","Event detail report","eventdetail",""
"","13378","Empty and whitespace search return validation error","meter-replacement","2026-09-15","failed","2026-09-15","Empty and whitespace search return validation error","Meter Replacement Consumer Search API — Negative & Edge","consumer-search-negative",""
"","7497","Dashboard Summary Contract Snapshot","meter-replacement","2026-09-15","failed","2026-09-15","Dashboard Summary Contract Snapshot","METER-REPLACEMENT — Contract Snapshots","meter-replacement.contract",""
"","3528","Disallowed HTTP methods are rejected","meter-replacement","2026-09-15","passed","2026-09-15","Disallowed HTTP methods are rejected","Meter Replacement Progress API — Auth Negative","progress-negative",""
"","11","Single Wire Operation report — first and last page have no duplicate meters","technical-analysis","2026-09-15","skipped","2026-09-15","Technical report — first and last page have no duplicate meters › Single Wire Operation report — first and last page have no duplicate meters","Technical report","technicalanalysis",""
"","42","Live voltage and current — sample: three-phase meter","consumers","2026-09-15","passed","2026-09-15","Live voltage and current — sample: three-phase meter","Live voltage and current","realtimepower",""
"","1779","consumer categories — ids and names are unique","utils-lookup","2026-09-15","passed","2026-09-15","UTILS-LOOKUP › utils › lookup-catalog.harness.ts › Consumer categories › consumer categories — ids and names are unique","indoore_backend_testing","modules/UTILS-LOOKUP/tests/consumercategory",""
"","1169","Event summary — by consumer category, week by week, DTR meters only","mis-dashboard","2026-09-15","passed","2026-09-15","Event summary — by consumer category, week by week, DTR meters only","Event summary","eventdata",""
"","9590","Consumption Pattern — Zero Consumption for Last 6 months (household): billing data is not ready yet","commericial-analysis","2026-09-15","passed","2026-09-15","Consumption Pattern — Zero Consumption for Last 6 months (household): billing data is not ready yet","Consumption Pattern report","consumptionpattern",""
"","263","Urgency today versus yesterday — consumer and DTR stay within all meters","mis-dashboard","2026-09-15","passed","2026-09-15","Urgency today versus yesterday — consumer and DTR stay within all meters","Urgency today versus yesterday","eventpriorityoverview",""
"","1488","cannot open without logging in","dashboard","2026-09-15","passed","2026-09-15","cannot open without logging in","DTR load unbalance list — cannot open without a valid login","dtrloadunbalancedetails",""
"","2607","Meter communication — a page past the last page shows no records","master-data","2026-09-15","passed","2026-09-15","Meter communication — a page past the last page shows no records","Master data — meter communication","meter-communication-status",""
"","958","DTR load unbalance list — severely unbalanced DTRs","dashboard","2026-09-15","passed","2026-09-15","DTR load unbalance list — severely unbalanced DTRs","Dashboard — DTR load unbalance list","dtrloadunbalancedetails",""
"","1652","DTR energy over time — extra filters that nobody uses are ignored","dtrs","2026-09-15","passed","2026-09-15","DTR energy over time — extra filters that nobody uses are ignored","DTR energy over time","dtrdailythresholdchart",""
"","5070","Sanction Load Violation — non-household connections: meter count matches the total","commericial-analysis","2026-09-15","passed","2026-09-15","Sanction Load Violation — non-household connections: meter count matches the total","Maximum Demand report","mdanalysis",""
"","241206","Validate POST /indore/meter-replacement/bulk/validate — new meter serial required","meter-replacement","2026-09-15","broken","2026-09-15","Validate POST /indore/meter-replacement/bulk/validate — new meter serial required","Bulk Validate Meter Replacement API","bulk-validation",""
"","1804","Master data change history — an invalid sort order is rejected","master-data","2026-09-15","passed","2026-09-15","Master data change history — an invalid sort order is rejected","Master data — change history","master-data-audit-logs",""
"","1482","Power problems — by meter type, day by day, consumer meters only","mis-dashboard","2026-09-15","passed","2026-09-15","Power problems — by meter type, day by day, consumer meters only","Power problems","eventdatapower",""
"","1711","IND-RPT-ATZ-NEG-013 — ATR Zone rejects disallowed HTTP methods","revenue-protection","2026-09-15","passed","2026-09-15","IND-RPT-ATZ-NEG-013 — ATR Zone rejects disallowed HTTP methods","Revenue Protection — ATR Zone Auth Negative","atr-zone.auth",""
"","1503","Live load — extra unused options are ignored","consumers","2026-09-15","passed","2026-09-15","Live load — extra unused options are ignored","Live load","liveloadprofile",""
"","25","Saved example — all DTRs Balanced","dashboard","2026-09-15","passed","2026-09-15","Saved example — all DTRs Balanced","Dashboard — DTR voltage unbalance","dtrvoltageunbalance",""
"","482","Other events — by meter type, day by day, consumer meters only","mis-dashboard","2026-09-15","passed","2026-09-15","Other events — by meter type, day by day, consumer meters only","Other events","eventdataother",""
"","366","Voltage problems — by meter type, month by month, DTR meters only","mis-dashboard","2026-09-15","passed","2026-09-15","Voltage problems — by meter type, month by month, DTR meters only","Voltage problems","eventdatavoltage",""
"","1200","DTR event — 1–30 Oct 2025 first page shows columns and DTRs","reports","2026-09-15","passed","2026-09-15","DTR event — 1–30 Oct 2025 first page shows columns and DTRs","DTR event report","dtrevent",""
"","1749","cannot open with an expired login token","dashboard","2026-09-15","passed","2026-09-15","cannot open with an expired login token","DTR load unbalance — cannot open without a valid login","dtrloadunbalance",""
"","247","Saved example — full overview numbers (13 Aug 2026)","dashboard","2026-09-15","passed","2026-09-15","Saved example — full overview numbers (13 Aug 2026)","Dashboard — overview numbers","dashboardmetrics",""
"","1865","Consumption chart — yearly view","consumers","2026-09-15","passed","2026-09-15","Consumption chart — yearly view","Consumption chart","energyconsumptiongraph",""
"","632","Current without voltage — column and field names stay the same","reports","2026-09-15","passed","2026-09-15","Current without voltage — column and field names stay the same","Reports — contract snapshots","reports.contract",""
"","62","Overview — trend math fixture","reports","2026-09-15","passed","2026-09-15","Overview — trend math fixture","Reports overview","overview",""
"","1821","cannot open with an invalid login token","dashboard","2026-09-15","passed","2026-09-15","cannot open with an invalid login token","Consumers by meter phase — cannot open without a valid login","consumerphasedistribution",""
"","227","Dashboard — cannot open the report with an invalid login token","commericial-analysis","2026-09-15","passed","2026-09-15","Dashboard — cannot open the report with an invalid login token","Commercial Analysis — cannot open reports without a valid login","commercial-auth-negative",""
"","1828","Energy flow chart — opens using the meter","consumers","2026-09-15","passed","2026-09-15","Energy flow chart — opens using the meter","Energy flow chart","energyflow",""
"","894","Transformer load — an unknown report type is rejected","dtr-load","2026-09-15","passed","2026-09-15","Transformer load — an unknown report type is rejected","Transformer load reports","dtrload",""
"","246","How many meters we have — blank dates are treated as missing","mis-dashboard","2026-09-15","passed","2026-09-15","How many meters we have — blank dates are treated as missing","How many meters we have","communicationstats",""
"","3294","Night-time consumption — page 2 continues without repeating a meter","consumption","2026-09-15","passed","2026-09-15","Night-time consumption — page 2 continues without repeating a meter","Consumption API — Edge","consumption-edge",""
"","927","DTR event — page 0 is rejected (page must start at 1)","reports","2026-09-15","passed","2026-09-15","DTR event — page 0 is rejected (page must start at 1)","DTR event report","dtrevent",""
"","234","Monthly net meter — month zero is rejected","consumption","2026-09-15","passed","2026-09-15","Monthly net meter — month zero is rejected","Consumption API — Negative","consumption-negative",""
"","2267","Load Factor above 100% — report opens","commericial-analysis","2026-09-15","passed","2026-09-15","Load Factor above 100% — report opens","Commercial Analysis — extra report checks","commercial-edge",""
"","38","IND-RPT-ATZ-DB-001 — COUNT(*) matches pagination.total","revenue-protection","2026-09-15","skipped","2026-09-15","IND-RPT-ATZ-DB-001 — COUNT(*) matches pagination.total","Revenue Protection — ATR Zone DB cross-validation","atr-zone.db",""
"","1691","Can this meter be given to a consumer? — invalid office 0 is rejected","consumers","2026-09-15","passed","2026-09-15","Can this meter be given to a consumer? — invalid office 0 is rejected","Can this meter be given to a consumer?","validatemeter",""
"","884","cannot open with a badly formed login token","dashboard","2026-09-15","passed","2026-09-15","cannot open with a badly formed login token","Consumers by meter make — cannot open without a valid login","consumeroemdistribution",""
"","905","Event restoration — invalid fromDate is rejected","reports","2026-09-15","passed","2026-09-15","Event restoration — invalid fromDate is rejected","Event restoration report","eventrestoration",""
"","22568","How many meters we have — saved screen shape","mis-dashboard","2026-09-15","passed","2026-09-15","How many meters we have — saved screen shape","Saved screen shape","mis-dashboard.contract",""
"","5996","Day-by-day billing — page 2 continues the list without repeating a meter","billing","2026-09-15","passed","2026-09-15","Day-by-day billing — page 2 continues the list without repeating a meter","Day-by-day billing list","daywisebilling",""
"","1757","Validate pagination — smaller page size (limit 10)","audit-logs","2026-09-15","passed","2026-09-15","Validate pagination — smaller page size (limit 10)","Audit Logs API","auditlogs",""
"","8131","Consumption Pattern — Zero Consumption More than 12 months (household): billing data is not ready yet","commericial-analysis","2026-09-15","passed","2026-09-15","Consumption Pattern — Zero Consumption More than 12 months (household): billing data is not ready yet","Consumption Pattern report","consumptionpattern",""
"","263","Event summary — by meter type, hour by hour, consumer meters only","mis-dashboard","2026-09-15","passed","2026-09-15","Event summary — by meter type, hour by hour, consumer meters only","Event summary","eventdata",""
"","235","Urgency level 3 events — saved screen shape","mis-dashboard","2026-09-15","passed","2026-09-15","Urgency level 3 events — saved screen shape","Saved screen shape","mis-dashboard.contract",""
"","894","Can this meter serial be added? — an empty serial is rejected","master-data","2026-09-15","passed","2026-09-15","Can this meter serial be added? — an empty serial is rejected","Master data — can this meter serial be added?","validate-add-meter",""
"","882","cannot open with an expired login token","dashboard","2026-09-15","passed","2026-09-15","cannot open with an expired login token","Dashboard overview — cannot open without a valid login","dashboardmetrics",""
"","510","Urgency level 3 events — both is treated as all meters","mis-dashboard","2026-09-15","passed","2026-09-15","Urgency level 3 events — both is treated as all meters","Urgency level events","eventpriority",""
"","973","DTR events — unknown transformer is not shown","dtrs","2026-09-15","passed","2026-09-15","DTR events — unknown transformer is not shown","DTR events","dtrevents",""
"","9025","Validate POST /indore/meter-replacement/bulk/validate — duplicate column names rejected","meter-replacement","2026-09-15","failed","2026-09-15","Validate POST /indore/meter-replacement/bulk/validate — duplicate column names rejected","Bulk Validate Meter Replacement API","bulk-validation",""
"","898","Live load — blank consumer number is rejected","consumers","2026-09-15","passed","2026-09-15","Live load — blank consumer number is rejected","Live load","liveloadprofile",""
"","7051","Urgency level 4 events — month by month, all meters","mis-dashboard","2026-09-15","passed","2026-09-15","Urgency level 4 events — month by month, all meters","Urgency level events","eventpriority",""
"","2","Urgency level 1 events — hour by hour (extra check)","mis-dashboard","2026-09-15","skipped","2026-09-15","Urgency level 1 events — hour by hour (extra check)","Urgency level 1 events (extra check)","eventpriority1",""
"","255","Event summary — by urgency, hour by hour, DTR meters only","mis-dashboard","2026-09-15","passed","2026-09-15","Event summary — by urgency, hour by hour, DTR meters only","Event summary","eventdata",""
"","44","DTR event detail — empty page fixture","reports","2026-09-15","passed","2026-09-15","DTR event detail — empty page fixture","DTR event detail report","dtreventdetail",""
"","1","IND-REP-DB-001 — event-report catalog + DTR billing meter spot vs DB","reports","2026-09-15","skipped","2026-09-15","IND-REP-DB-001 — event-report catalog + DTR billing meter spot vs DB","REPORTS — DB Coverage","reports.db",""
"","893","Min-max voltage — missing year is rejected","reports","2026-09-15","passed","2026-09-15","Min-max voltage — missing year is rejected","Min-max voltage report","minmaxvoltage",""
"","13","Voltage Missing report — first and last page have no duplicate meters","technical-analysis","2026-09-15","skipped","2026-09-15","Technical report — first and last page have no duplicate meters › Voltage Missing report — first and last page have no duplicate meters","Technical report","technicalanalysis",""
"","261","Talking vs not talking overview — from_date and to_date still work","mis-dashboard","2026-09-15","passed","2026-09-15","Talking vs not talking overview — from_date and to_date still work","Talking vs not talking overview","communication-overview",""
"","897","Min-max voltage — missing meterPhaseTblRefId is rejected","reports","2026-09-15","passed","2026-09-15","Min-max voltage — missing meterPhaseTblRefId is rejected","Min-max voltage report","minmaxvoltage",""
"","949","cannot open with an invalid login token","dashboard","2026-09-15","passed","2026-09-15","cannot open with an invalid login token","DTR load unbalance — cannot open without a valid login","dtrloadunbalance",""
"","1696","Min-max voltage count — invalid phase is rejected","reports","2026-09-15","passed","2026-09-15","Min-max voltage count — invalid phase is rejected","Min-max voltage count","minmaxvoltagecount",""
"","237","Urgency level 5 events — organisation 0 is rejected","mis-dashboard","2026-09-15","passed","2026-09-15","Urgency level 5 events — organisation 0 is rejected","Urgency level events","eventpriority",""
"","74454","Consumption Pattern — 100 unit kwh from Last Three months continuous: first and last page have no duplicate meters","commericial-analysis","2026-09-15","passed","2026-09-15","Consumption Pattern — first and last page have no duplicate meters › Consumption Pattern — 100 unit kwh from Last Three months continuous: first and last page have no duplicate meters","Consumption Pattern report","consumptionpattern",""
"","290","Meter transaction events — by meter type, week by week, DTR meters only","mis-dashboard","2026-09-15","passed","2026-09-15","Meter transaction events — by meter type, week by week, DTR meters only","Meter transaction events","eventdatatransaction",""
"","1805","DTR data — missing toDate is rejected","reports","2026-09-15","passed","2026-09-15","DTR data — missing toDate is rejected","DTR data report","dtrdata",""
"","17","Saved example — meters that are communicating empty page","dashboard","2026-09-15","passed","2026-09-15","Saved example — meters that are communicating empty page","Dashboard — DTR communication list","dtrcommunicationdetails",""
"","886","Feeder profile — cannot open with a badly formed login token","feeder","2026-09-15","passed","2026-09-15","Feeder profile — cannot open with a badly formed login token","Feeder screens — cannot open without a valid login","feeder-auth",""
"","2565","Event detail — page 2 has more unique meter-event rows","reports","2026-09-15","passed","2026-09-15","Event detail — page 2 has more unique meter-event rows","Event detail report","eventdetail",""
"","2697","DTR summary cards — hourly view loads","dashboard","2026-09-15","passed","2026-09-15","DTR summary cards — hourly view loads","Dashboard — DTR summary cards","dtrsummary",""
"","662","Meter transaction events — by consumer category, hour by hour, consumer meters only","mis-dashboard","2026-09-15","passed","2026-09-15","Meter transaction events — by consumer category, hour by hour, consumer meters only","Meter transaction events","eventdatatransaction",""
"","5248","Home dashboard — cards, charts, and mapped vs unmapped meters load","overall-dashboard","2026-09-15","passed","2026-09-15","Home dashboard — cards, charts, and mapped vs unmapped meters load","Home dashboard","dashboardmetrics",""
"","369","Events that did not roll over — by meter type, month by month, consumer meters only","mis-dashboard","2026-09-15","passed","2026-09-15","Events that did not roll over — by meter type, month by month, consumer meters only","Events that did not roll over","eventdatanonrollover",""
"","226","Maximum Demand — cannot open the report with an invalid login token","commericial-analysis","2026-09-15","passed","2026-09-15","Maximum Demand — cannot open the report with an invalid login token","Commercial Analysis — cannot open reports without a valid login","commercial-auth-negative",""
"","2","Missing year returns empty success grid (not 4xx)","revenue-protection","2026-09-15","skipped","2026-09-15","Missing year returns empty success grid (not 4xx)","Revenue Protection — Aberrations Negative","aberrations-negative",""
"","3999","Load Factor LF < 5% Last Three month — household filter shows the same list (filter is not applied)","commericial-analysis","2026-09-15","passed","2026-09-15","Load Factor LF < 5% Last Three month — household filter shows the same list (filter is not applied)","Load Factor report","loadfactor",""
"","94","DTR event detail — 1–30 Oct 2025 fixture","reports","2026-09-15","passed","2026-09-15","DTR event detail — 1–30 Oct 2025 fixture","DTR event detail report","dtreventdetail",""
"","287","Home dashboard — the field list still matches what we saved","overall-dashboard","2026-09-15","passed","2026-09-15","Home dashboard — the field list still matches what we saved","Home dashboard — saved field lists","overall-dashboard.contract",""
"","1043","DTR profile — unknown transformer is not shown","dtrs","2026-09-15","passed","2026-09-15","DTR profile — unknown transformer is not shown","DTR profile","dtrprofile",""
"","891","DTR event detail — missing toDate is rejected","reports","2026-09-15","passed","2026-09-15","DTR event detail — missing toDate is rejected","DTR event detail report","dtreventdetail",""
"","898","Communication DTRs — missing fromDate is rejected","reports","2026-09-15","passed","2026-09-15","Communication DTRs — missing fromDate is rejected","Communication DTRs report","communicationdtrs",""
"","350","Urgency level 2 events — month by month, consumer meters only","mis-dashboard","2026-09-15","passed","2026-09-15","Urgency level 2 events — month by month, consumer meters only","Urgency level events","eventpriority",""
"","472","Urgency level 6 events — hour by hour, consumer meters only","mis-dashboard","2026-09-15","passed","2026-09-15","Urgency level 6 events — hour by hour, consumer meters only","Urgency level events","eventpriority",""
"","842","IND-RPT-ATZ-NEG-001 — Invalid year format","revenue-protection","2026-09-15","passed","2026-09-15","IND-RPT-ATZ-NEG-001 — Invalid year format","Revenue Protection — ATR Zone Negative","atr-zone.negative",""
"","4","Technical report — duration row fixture","technical-analysis","2026-09-15","skipped","2026-09-15","Technical report — duration row fixture","Technical report","technicalanalysis",""
"","477","Meter transaction events — extra unused options are ignored","mis-dashboard","2026-09-15","passed","2026-09-15","Meter transaction events — extra unused options are ignored","Meter transaction events","eventdatatransaction",""
"","6774","Day and Night — Night Zero Consumption: household and non-household lists are the same (connection type filter is not applied)","commericial-analysis","2026-09-15","passed","2026-09-15","Day and Night — Night Zero Consumption: household and non-household lists are the same (connection type filter is not applied)","Day and Night consumption report","daynight",""
"","3917","Load Factor LF < 5% Last Three month — non-household filter shows the same list (filter is not applied)","commericial-analysis","2026-09-15","passed","2026-09-15","Load Factor LF < 5% Last Three month — non-household filter shows the same list (filter is not applied)","Load Factor report","loadfactor",""
"","889","Feeder voltage and current — cannot open with an expired login token","feeder","2026-09-15","passed","2026-09-15","Feeder voltage and current — cannot open with an expired login token","Feeder screens — cannot open without a valid login","feeder-auth",""
"","902","Day-by-day billing — leaving out the year is rejected","billing","2026-09-15","passed","2026-09-15","Day-by-day billing — leaving out the year is rejected","Day-by-day billing list","daywisebilling",""
"","245","How many meters we have — dtrs is treated as DTR meters","mis-dashboard","2026-09-15","passed","2026-09-15","How many meters we have — dtrs is treated as DTR meters","How many meters we have","communicationstats",""
"","14","YNR Neutral Disturbance report — first and last page have no duplicate meters","technical-analysis","2026-09-15","skipped","2026-09-15","Technical report — first and last page have no duplicate meters › YNR Neutral Disturbance report — first and last page have no duplicate meters","Technical report","technicalanalysis",""
"","1703","DTR billing — duplicate meter serials are sent once","reports","2026-09-15","passed","2026-09-15","DTR billing — duplicate meter serials are sent once","DTR billing report","dtrbilling",""
"","5","IND-RPT-NEG-005 — SQL injection in year filter","revenue-protection","2026-09-15","skipped","2026-09-15","IND-RPT-NEG-005 — SQL injection in year filter","Revenue Protection — Cases Negative","cases-negative",""
"","892","DTR event — missing fromDate is rejected","reports","2026-09-15","passed","2026-09-15","DTR event — missing fromDate is rejected","DTR event report","dtrevent",""
"","800","Roles Catalog Contract Snapshot","role-permissions","2026-09-15","passed","2026-09-15","Roles Catalog Contract Snapshot","ROLE-PERMISSIONS — Contract Snapshots","role-permissions.contract",""
"","228","Load Factor — cannot open the report without logging in","commericial-analysis","2026-09-15","passed","2026-09-15","Load Factor — cannot open the report without logging in","Commercial Analysis — cannot open reports without a valid login","commercial-auth-negative",""
"","1820","Communication consumers — fromDate after toDate is rejected","reports","2026-09-15","passed","2026-09-15","Communication consumers — fromDate after toDate is rejected","Communication consumers report","communicationconsumers",""
"","2162","Validate Mobile Notification Send API","notifications","2026-09-15","failed","2026-09-15","Validate Mobile Notification Send API","Mobile Notification Send API","notificationsmobile",""
"","1603","Power Factor Violation — showing 1 meter per page returns at most one meter","commericial-analysis","2026-09-15","passed","2026-09-15","Power Factor Violation — showing 1 meter per page returns at most one meter","Commercial Analysis — extra report checks","commercial-edge",""
"","1904","DTR data — limit 0 is rejected (limit must be at least 1)","reports","2026-09-15","passed","2026-09-15","DTR data — limit 0 is rejected (limit must be at least 1)","DTR data report","dtrdata",""
"","2118","Connect and disconnect by month — the field list still matches what we saved","overall-dashboard","2026-09-15","passed","2026-09-15","Connect and disconnect by month — the field list still matches what we saved","Home dashboard — saved field lists","overall-dashboard.contract",""
"","1887","Event list — opens using the account number","consumers","2026-09-15","passed","2026-09-15","Event list — opens using the account number","Event list","eventloglist",""
"","2392","Consumers by meter phase — single-phase meters","dashboard","2026-09-15","passed","2026-09-15","Consumers by meter phase — single-phase meters","Dashboard — consumers by meter phase","consumerphasedistribution",""
"","26","Saved example — connected with rows (offline)","dashboard","2026-09-15","passed","2026-09-15","Saved example — connected with rows (offline)","Dashboard — consumers by connection status","consumerconnectionstatus",""
"","1200","Urgency today versus yesterday — saved screen shape","mis-dashboard","2026-09-15","passed","2026-09-15","Urgency today versus yesterday — saved screen shape","Saved screen shape","mis-dashboard.contract",""
"","1631","IND-RPT-NEG-001 — Invalid year format","revenue-protection","2026-09-15","failed","2026-09-15","IND-RPT-NEG-001 — Invalid year format","Revenue Protection — Cases Negative","cases-negative",""
"","3029","Communication DTRs — month first page shows columns and DTRs","reports","2026-09-15","passed","2026-09-15","Communication DTRs — month first page shows columns and DTRs","Communication DTRs report","communicationdtrs",""
"","883","cannot open with an empty login token","dashboard","2026-09-15","passed","2026-09-15","cannot open with an empty login token","DTR voltage unbalance — cannot open without a valid login","dtrvoltageunbalance",""
"","241203","Validate POST /indore/meter-replacement/bulk/validate — old meter serial required","meter-replacement","2026-09-15","broken","2026-09-15","Validate POST /indore/meter-replacement/bulk/validate — old meter serial required","Bulk Validate Meter Replacement API","bulk-validation",""
"","1776","Invalid Bearer token returns 401","meter-replacement","2026-09-15","failed","2026-09-15","Invalid Bearer token returns 401","Meter Replacement Submission Detail API — Auth Negative","submission-detail-negative",""
"","3015","Network hierarchy — order is 1 through n","utils-lookup","2026-09-15","passed","2026-09-15","UTILS-LOOKUP › utils › lookup-catalog.harness.ts › Network hierarchy › Network hierarchy — order is 1 through n","indoore_backend_testing","modules/UTILS-LOOKUP/tests/networkhierarchy",""
"","886","cannot open without logging in","dashboard","2026-09-15","passed","2026-09-15","cannot open without logging in","Revenue subsidy (power factor) — cannot open without a valid login","revenuesubsidypf",""
"","253","Urgency today versus yesterday — dtrs is treated as DTR meters","mis-dashboard","2026-09-15","passed","2026-09-15","Urgency today versus yesterday — dtrs is treated as DTR meters","Urgency today versus yesterday","eventpriorityoverview",""
"","235","Feeder alerts — page zero is not allowed","feeder","2026-09-15","passed","2026-09-15","Feeder alerts — page zero is not allowed","Feeder — mistakes that should be blocked","feeder-negative",""
"","289","Urgency level 3 events — week by week, consumer meters only","mis-dashboard","2026-09-15","passed","2026-09-15","Urgency level 3 events — week by week, consumer meters only","Urgency level events","eventpriority",""
"","22","Saved example — percentage consistency with rounding","dashboard","2026-09-15","passed","2026-09-15","Saved example — percentage consistency with rounding","Dashboard — DTR voltage unbalance","dtrvoltageunbalance",""
"","278","Talking meters by category — dtrs is treated as DTR meters","mis-dashboard","2026-09-15","passed","2026-09-15","Talking meters by category — dtrs is treated as DTR meters","Talking meters by category","communication-category",""
"","1226","DTR power on/off list — DTRs that are OFF","dashboard","2026-09-15","passed","2026-09-15","DTR power on/off list — DTRs that are OFF","Dashboard — DTR power on/off list","dtrpowerstatusdetails",""
"","379","How many meters we have — a bad date is rejected","mis-dashboard","2026-09-15","passed","2026-09-15","How many meters we have — a bad date is rejected","How many meters we have","communicationstats",""
"","0","Validate POST /commands/metering-mode — invalid type returns validation error","hes-commands","2026-09-15","skipped","2026-09-15","Validate POST /commands/metering-mode — invalid type returns validation error","HES Commands — Metering Mode (E2E)","commands-metering-mode",""
"","1324","Talking vs not talking overview — network 0 is rejected","mis-dashboard","2026-09-15","passed","2026-09-15","Talking vs not talking overview — network 0 is rejected","Talking vs not talking overview","communication-overview",""
"","1","IND-REV-ABE-ENTRY-003 — Fetch Aberration Entry using only month","revenue-protection","2026-09-15","skipped","2026-09-15","IND-REV-ABE-ENTRY-003 — Fetch Aberration Entry using only month","Revenue Protection — Aberration Entry API","aberration-entry",""
"","338","Consumption Pattern — 100 unit kwh from Last Three months continuous: household and non-household lists are the same (connection type filter is not applied)","commericial-analysis","2026-09-15","passed","2026-09-15","Consumption Pattern — 100 unit kwh from Last Three months continuous: household and non-household lists are the same (connection type filter is not applied)","Consumption Pattern report","consumptionpattern",""
"","1","IND-HES-DB-001 — history total + spot vs hes_command_logs","hes-commands","2026-09-15","skipped","2026-09-15","IND-HES-DB-001 — history total + spot vs hes_command_logs","HES-COMMANDS — DB Coverage","hes-commands.db",""
"","1909","DTR data — showing 1 per page returns at most 1 record","reports","2026-09-15","passed","2026-09-15","DTR data — showing 1 per page returns at most 1 record","DTR data report","dtrdata",""
"","227","Consumption report rejects missing auth","consumption","2026-09-15","passed","2026-09-15","Consumption report rejects missing auth","Consumption API — Auth Negative","consumption-auth-negative",""
"","3025","Consumers by meter phase — response shape stays the same","dashboard","2026-09-15","passed","2026-09-15","Consumers by meter phase — response shape stays the same","Dashboard — response shape","dashboard.contract",""
"","229","Load Factor — cannot open the report with an invalid login token","commericial-analysis","2026-09-15","passed","2026-09-15","Load Factor — cannot open the report with an invalid login token","Commercial Analysis — cannot open reports without a valid login","commercial-auth-negative",""
"","1109","Current problems — consumer and DTR stay within all meters","mis-dashboard","2026-09-15","passed","2026-09-15","Current problems — consumer and DTR stay within all meters","Current problems","eventdatacurrent",""
"","1245","Talking vs not talking overview — live view still opens","mis-dashboard","2026-09-15","passed","2026-09-15","Talking vs not talking overview — live view still opens","Talking vs not talking overview","communication-overview",""
"","489","Current problems — by meter type, hour by hour, consumer meters only","mis-dashboard","2026-09-15","passed","2026-09-15","Current problems — by meter type, hour by hour, consumer meters only","Current problems","eventdatacurrent",""
"","1","Urgency level 1 events — week by week (extra check)","mis-dashboard","2026-09-15","skipped","2026-09-15","Urgency level 1 events — week by week (extra check)","Urgency level 1 events (extra check)","eventpriority1",""
"","889","Can this meter serial be added? — the check is rejected when no serial is entered","master-data","2026-09-15","passed","2026-09-15","Can this meter serial be added? — the check is rejected when no serial is entered","Master data — can this meter serial be added?","validate-add-meter",""
"","2462","Pattern comparison — first page lists each consumer (month kWh may be empty)","consumption","2026-09-15","passed","2026-09-15","Pattern comparison — first page lists each consumer (month kWh may be empty)","Pattern comparison list","comparison",""
"","240","Feeder daily energy — the field list still matches what we saved","feeder","2026-09-15","passed","2026-09-15","Feeder daily energy — the field list still matches what we saved","Feeder — saved field lists","feeder.contract",""
"","26","Saved example — meters that are not communicating with rows (total 1134)","dashboard","2026-09-15","passed","2026-09-15","Saved example — meters that are not communicating with rows (total 1134)","Dashboard — DTR communication list","dtrcommunicationdetails",""
"","7454","Trailing slash still returns progress charts","meter-replacement","2026-09-15","failed","2026-09-15","Trailing slash still returns progress charts","Meter Replacement Progress API — Negative & Edge","progress-negative",""
"","3630","How meters are talking — all meters, 1 to 30 Oct 2025","mis-dashboard","2026-09-15","passed","2026-09-15","How meters are talking — all meters, 1 to 30 Oct 2025","How meters are talking","communication",""
"","247","Validate POST /commands/payment — invalid type returns validation error","hes-commands","2026-09-15","passed","2026-09-15","Validate POST /commands/payment — invalid type returns validation error","HES Commands — Payment (E2E)","commands-payment",""
"","261","Talking vs not talking overview — extra unused options are ignored","mis-dashboard","2026-09-15","passed","2026-09-15","Talking vs not talking overview — extra unused options are ignored","Talking vs not talking overview","communication-overview",""
"","240","IND-REV-ABE-ENTRY-NEG-004 — Invalid limit","revenue-protection","2026-09-15","passed","2026-09-15","IND-REV-ABE-ENTRY-NEG-004 — Invalid limit","Revenue Protection — Aberration Entry Negative","aberration-entry.negative",""
"","1","Urgency level 2 events — week by week","mis-dashboard","2026-09-15","skipped","2026-09-15","Urgency level 2 events — week by week","Urgency level 2 events","eventpriority2",""
"","2868","DTR energy over time — hour by hour, each hour listed once","dtrs","2026-09-15","passed","2026-09-15","DTR energy over time — hour by hour, each hour listed once","DTR energy over time","dtrdailythresholdchart",""
"","1897","Monthly billing — year 0 is rejected","billing","2026-09-15","passed","2026-09-15","Monthly billing — year 0 is rejected","Monthly billing list","billingdata",""
"","4410","Low Voltage in any Phase report — first page shows columns and meters","technical-analysis","2026-09-15","passed","2026-09-15","Low Voltage in any Phase report — first page shows columns and meters","Technical report","technicalanalysis",""
"","1562","Validate POST /users/me/profile-image/upload-url — presigned upload contract","users-profile-image","2026-09-15","passed","2026-09-15","Validate POST /users/me/profile-image/upload-url — presigned upload contract","User Profile Image — List","profileimage-list",""
"","250","Event summary — by consumer category, day by day, DTR meters only","mis-dashboard","2026-09-15","passed","2026-09-15","Event summary — by consumer category, day by day, DTR meters only","Event summary","eventdata",""
"","271","Talking meters by category — extra unused options are ignored","mis-dashboard","2026-09-15","passed","2026-09-15","Talking meters by category — extra unused options are ignored","Talking meters by category","communication-category",""
"","1292","Urgency level 1 events — hour by hour, DTR meters only","mis-dashboard","2026-09-15","passed","2026-09-15","Urgency level 1 events — hour by hour, DTR meters only","Urgency level events","eventpriority",""
"","4131","Load Factor less than 5% for last 3 months — report opens and values follow the rule","commericial-analysis","2026-09-15","passed","2026-09-15","Load Factor less than 5% for last 3 months — report opens and values follow the rule","Commercial Analysis — extra report checks","commercial-edge",""
"","438","Voltage problems — by meter type, hour by hour, consumer meters only","mis-dashboard","2026-09-15","passed","2026-09-15","Voltage problems — by meter type, hour by hour, consumer meters only","Voltage problems","eventdatavoltage",""
"","256","Revenue subsidy (power factor) — response shape stays the same","dashboard","2026-09-15","passed","2026-09-15","Revenue subsidy (power factor) — response shape stays the same","Dashboard — response shape","dashboard.contract",""
"","928","Can this meter be put on a DTR? — an unknown serial is reported as not found","master-data","2026-09-15","passed","2026-09-15","Can this meter be put on a DTR? — an unknown serial is reported as not found","Master data — can this meter be put on a DTR?","validate-dtr-meter",""
"","1736","Transformer sizes — leaving out the start date is rejected","dtr-load","2026-09-15","passed","2026-09-15","Transformer sizes — leaving out the start date is rejected","Transformer size list","dtrloadratingoptions",""
"","2075","DTR consumption chart — daily view loads","dashboard","2026-09-15","failed","2026-09-15","DTR consumption chart — daily view loads","Dashboard — DTR consumption","dtrconsumption",""
"","987","Energy flow chart — last few hours","consumers","2026-09-15","passed","2026-09-15","Energy flow chart — last few hours","Energy flow chart","energyflow",""
"","1097","Billing history — extra unused options are ignored","consumers","2026-09-15","passed","2026-09-15","Billing history — extra unused options are ignored","Billing history","billinghistory",""
"","4","IND-RPT-NEG-006 — NoSQL-style injection in year","revenue-protection","2026-09-15","skipped","2026-09-15","IND-RPT-NEG-006 — NoSQL-style injection in year","Revenue Protection — Cases Negative","cases-negative",""
"","58","Energy flow chart — sample: weekly points","consumers","2026-09-15","passed","2026-09-15","Energy flow chart — sample: weekly points","Energy flow chart","energyflow",""
"","6","Sample chart — no points yet is allowed","dtrs","2026-09-15","passed","2026-09-15","Sample chart — no points yet is allowed","DTR energy over time","dtrdailythresholdchart",""
"","37","IND-REV-ABE-EEN-DB-001 — COUNT(*) matches pagination.total","revenue-protection","2026-09-15","skipped","2026-09-15","IND-REV-ABE-EEN-DB-001 — COUNT(*) matches pagination.total","Revenue Protection — Aberration Entry EENLTMT DB cross-validation","aberration-entry-eenltmt.db",""
"","1850","LF > 100% — first and last page have no duplicate meters","commericial-analysis","2026-09-15","passed","2026-09-15","Load Factor — first and last page have no duplicate meters › LF > 100% — first and last page have no duplicate meters","Load Factor report","loadfactor",""
"","444","Current problems — by meter type, hour by hour, DTR meters only","mis-dashboard","2026-09-15","passed","2026-09-15","Current problems — by meter type, hour by hour, DTR meters only","Current problems","eventdatacurrent",""
"","1044","event priorities — ids and names are unique","utils-lookup","2026-09-15","passed","2026-09-15","UTILS-LOOKUP › utils › lookup-catalog.harness.ts › Event priorities › event priorities — ids and names are unique","indoore_backend_testing","modules/UTILS-LOOKUP/tests/eventpriority",""
"","1217","IND-REV-ABE-EEN-NEG-005 — Page beyond available data","revenue-protection","2026-09-15","passed","2026-09-15","IND-REV-ABE-EEN-NEG-005 — Page beyond available data","Revenue Protection — Aberration Entry Negative","aberration-entry.negative",""
"","647","Validate POST /commands/meter-samples — invalid count returns error","hes-commands","2026-09-15","passed","2026-09-15","Validate POST /commands/meter-samples — invalid count returns error","HES Commands — Meter Samples","commands-meter-samples",""
"","500","Urgency level 3 events — extra unused options are ignored","mis-dashboard","2026-09-15","passed","2026-09-15","Urgency level 3 events — extra unused options are ignored","Urgency level events","eventpriority",""
"","351","Urgency level 2 events — month by month, DTR meters only","mis-dashboard","2026-09-15","passed","2026-09-15","Urgency level 2 events — month by month, DTR meters only","Urgency level events","eventpriority",""
"","41","Sample loading gauge — empty bands when readings are missing","dtrs","2026-09-15","passed","2026-09-15","Sample loading gauge — empty bands when readings are missing","DTR loading gauge","dtrcapacitygauge",""
"","461","Urgency level 3 events — hour by hour, all meters","mis-dashboard","2026-09-15","passed","2026-09-15","Urgency level 3 events — hour by hour, all meters","Urgency level events","eventpriority",""
"","3407","Talking meters by category — saved screen shape","mis-dashboard","2026-09-15","passed","2026-09-15","Talking meters by category — saved screen shape","Saved screen shape","mis-dashboard.contract",""
"","1743","Event restoration — missing fromDate is rejected","reports","2026-09-15","passed","2026-09-15","Event restoration — missing fromDate is rejected","Event restoration report","eventrestoration",""
"","10438","Bill status — unknown query params are ignored","reports","2026-09-15","passed","2026-09-15","Bill status — unknown query params are ignored","Bill status report","billstatus",""
"","19","Sample power now — three-phase live reading","dtrs","2026-09-15","passed","2026-09-15","Sample power now — three-phase live reading","DTR power now","dtrpowertriangle",""
"","1811","cannot open with an invalid login token","dashboard","2026-09-15","passed","2026-09-15","cannot open with an invalid login token","DTR consumption list — cannot open without a valid login","dtrconsumptiondetails",""
"","2418","Consumers by connection status — connected consumers","dashboard","2026-09-15","passed","2026-09-15","Consumers by connection status — connected consumers","Dashboard — consumers by connection status","consumerconnectionstatus",""
"","1811","Validate GET /auth/me — current session profile","auth","2026-09-15","passed","2026-09-15","Validate GET /auth/me — current session profile","Auth Me API","auth-me",""
"","3679","Consumer list — list still opens when archive counts are turned off","master-data","2026-09-15","passed","2026-09-15","Consumer list — list still opens when archive counts are turned off","Master data — consumer list","consumer-master",""
"","279","Event summary — consumers is treated as consumer meters","mis-dashboard","2026-09-15","passed","2026-09-15","Event summary — consumers is treated as consumer meters","Event summary","eventdata",""
"","1145","Urgency level 5 events — week by week, consumer meters only","mis-dashboard","2026-09-15","passed","2026-09-15","Urgency level 5 events — week by week, consumer meters only","Urgency level events","eventpriority",""
"","460","Commands History Contract Snapshot","hes-commands","2026-09-15","passed","2026-09-15","Commands History Contract Snapshot","HES-COMMANDS — Contract Snapshots","hes-commands.contract",""
"","41","DTR data — empty page fixture","reports","2026-09-15","passed","2026-09-15","DTR data — empty page fixture","DTR data report","dtrdata",""
"","971","DTR billing — fromDate after toDate is rejected","reports","2026-09-15","passed","2026-09-15","DTR billing — fromDate after toDate is rejected","DTR billing report","dtrbilling",""
"","1570","DTR profile — extra filters that nobody uses are ignored","dtrs","2026-09-15","passed","2026-09-15","DTR profile — extra filters that nobody uses are ignored","DTR profile","dtrprofile",""
"","883","cannot open without logging in","dashboard","2026-09-15","passed","2026-09-15","cannot open without logging in","DTR communication list — cannot open without a valid login","dtrcommunicationdetails",""
"","1211","Monthly billing — asking for one meter at a time still returns a row","billing","2026-09-15","passed","2026-09-15","Monthly billing — asking for one meter at a time still returns a row","Monthly billing list","billingdata",""
"","239","Urgency level 5 events — a blank time range is rejected","mis-dashboard","2026-09-15","passed","2026-09-15","Urgency level 5 events — a blank time range is rejected","Urgency level events","eventpriority",""
"","1040","Events that did not roll over — by consumer category, day by day, DTR meters only","mis-dashboard","2026-09-15","passed","2026-09-15","Events that did not roll over — by consumer category, day by day, DTR meters only","Events that did not roll over","eventdatanonrollover",""
"","2440","Load Factor LF < 5% — household filter shows the same list (filter is not applied)","commericial-analysis","2026-09-15","passed","2026-09-15","Load Factor LF < 5% — household filter shows the same list (filter is not applied)","Load Factor report","loadfactor",""
"","36758","Consumption Pattern — Zero Consumption: first and last page have no duplicate meters","commericial-analysis","2026-09-15","passed","2026-09-15","Consumption Pattern — first and last page have no duplicate meters › Consumption Pattern — Zero Consumption: first and last page have no duplicate meters","Consumption Pattern report","consumptionpattern",""
"","881","Billing cycles — missing route returns 404","utils-lookup","2026-09-15","passed","2026-09-15","Billing cycles — missing route returns 404","Utils lookup — missing routes","missing-routes",""
"","219","Billing history — sample: empty months still listed","consumers","2026-09-15","passed","2026-09-15","Billing history — sample: empty months still listed","Billing history","billinghistory",""
"","1461","Yearly pattern — page 2 continues without repeating a meter","consumption","2026-09-15","passed","2026-09-15","Yearly pattern — page 2 continues without repeating a meter","Consumption API — Edge","consumption-edge",""
"","516","Validate sent invitations list — role filter","auth","2026-09-15","passed","2026-09-15","Validate sent invitations list — role filter","Auth Sent Invitations List API","invite-list",""
"","885","cannot open with a badly formed login token","dashboard","2026-09-15","passed","2026-09-15","cannot open with a badly formed login token","DTR power on/off list — cannot open without a valid login","dtrpowerstatusdetails",""
"","1234","Urgency level 3 events — day by day, DTR meters only","mis-dashboard","2026-09-15","passed","2026-09-15","Urgency level 3 events — day by day, DTR meters only","Urgency level events","eventpriority",""
"","974","Current problems — by consumer category, day by day, consumer meters only","mis-dashboard","2026-09-15","passed","2026-09-15","Current problems — by consumer category, day by day, consumer meters only","Current problems","eventdatacurrent",""
"","1485","Voltage problems — by consumer category, day by day, consumer meters only","mis-dashboard","2026-09-15","passed","2026-09-15","Voltage problems — by consumer category, day by day, consumer meters only","Voltage problems","eventdatavoltage",""
"","3738","Consumer list — search finds the consumer name or meter serial","master-data","2026-09-15","passed","2026-09-15","Consumer list — search finds the consumer name or meter serial","Master data — consumer list","consumer-master",""
"","1637","Home dashboard — mapped vs unmapped meter shares add up","overall-dashboard","2026-09-15","passed","2026-09-15","Home dashboard — mapped vs unmapped meter shares add up","Home dashboard","dashboardmetrics",""
"","234","Pattern Consumption Yearly Contract Snapshot","consumption","2026-09-15","passed","2026-09-15","Pattern Consumption Yearly Contract Snapshot","CONSUMPTION — Contract Snapshots","consumption.contract",""
"","1339","DTR events — extra filters that nobody uses are ignored","dtrs","2026-09-15","passed","2026-09-15","DTR events — extra filters that nobody uses are ignored","DTR events","dtrevents",""
"","2613","Consumers by category — page 2 still shows a valid list","dashboard","2026-09-15","passed","2026-09-15","Consumers by category — page 2 still shows a valid list","Dashboard — consumers by category","consumercategorydistribution",""
"","780","Auth Me Contract Snapshot","auth","2026-09-15","failed","2026-09-15","Auth Me Contract Snapshot","AUTH — Contract Snapshots","auth.contract",""
"","1082","IND-RPT-ATZ-NEG-002 — SQL injection in year filter","revenue-protection","2026-09-15","passed","2026-09-15","IND-RPT-ATZ-NEG-002 — SQL injection in year filter","Revenue Protection — ATR Zone Negative","atr-zone.negative",""
"","5832","Sanction Load Violation — household connections: meter count matches the total","commericial-analysis","2026-09-15","passed","2026-09-15","Sanction Load Violation — household connections: meter count matches the total","Maximum Demand report","mdanalysis",""
"","80","DTR data — IP fixture (1–30 Oct 2025)","reports","2026-09-15","passed","2026-09-15","DTR data — IP fixture (1–30 Oct 2025)","DTR data report","dtrdata",""
"","1","Urgency level 6 events — week by week","mis-dashboard","2026-09-15","skipped","2026-09-15","Urgency level 6 events — week by week","Urgency level 6 events","eventpriority6",""
"","1026","Consumer profile — unknown meter is not found","consumers","2026-09-15","passed","2026-09-15","Consumer profile — unknown meter is not found","Consumer profile","consumerprofile",""
"","435","Other events — by meter type, hour by hour, DTR meters only","mis-dashboard","2026-09-15","passed","2026-09-15","Other events — by meter type, hour by hour, DTR meters only","Other events","eventdataother",""
"","2344","Consumption Pattern — 100 units for last 3 months: report opens","commericial-analysis","2026-09-15","passed","2026-09-15","Consumption Pattern — 100 units for last 3 months: report opens","Commercial Analysis — extra report checks","commercial-edge",""
"","314","Power problems — by meter type, week by week, all meters","mis-dashboard","2026-09-15","passed","2026-09-15","Power problems — by meter type, week by week, all meters","Power problems","eventdatapower",""
"","883","cannot open with an invalid login token","dashboard","2026-09-15","passed","2026-09-15","cannot open with an invalid login token","DTR voltage unbalance list — cannot open without a valid login","dtrvoltageunbalancedetails",""
"","264","Event summary — urgency consumer and DTR stay within all meters","mis-dashboard","2026-09-15","passed","2026-09-15","Event summary — urgency consumer and DTR stay within all meters","Event summary","eventdata",""
"","8146","Consumption Pattern — 100 unit kwh from Last Nine months continuous (household): billing data is not ready yet","commericial-analysis","2026-09-15","passed","2026-09-15","Consumption Pattern — 100 unit kwh from Last Nine months continuous (household): billing data is not ready yet","Consumption Pattern report","consumptionpattern",""
"","271","What kinds of events happened — by meter type, DTR meters only","mis-dashboard","2026-09-15","passed","2026-09-15","What kinds of events happened — by meter type, DTR meters only","What kinds of events happened","event-classification",""
"","1194","How many events by urgency — missing end date uses the start date","mis-dashboard","2026-09-15","passed","2026-09-15","How many events by urgency — missing end date uses the start date","How many events by urgency","priority-overview",""
"","2683","DELETE /users/:id/devices/:deviceId — revoke device and verify catalog","users-admin","2026-09-15","passed","2026-09-15","DELETE /users/:id/devices/:deviceId — revoke device and verify catalog","User Admin — Advanced","useradmin-advanced",""
"","4","IND-RPT-NEG-007 — page=0 is rejected","revenue-protection","2026-09-15","skipped","2026-09-15","IND-RPT-NEG-007 — page=0 is rejected","Revenue Protection — Cases Negative","cases-negative",""
"","1933","Consumer profile — details open using the account number","consumers","2026-09-15","passed","2026-09-15","Consumer profile — details open using the account number","Consumer profile","consumerprofile",""
"","3431","Validate POST /commands/meter-samples — default window","hes-commands","2026-09-15","passed","2026-09-15","Validate POST /commands/meter-samples — default window","HES Commands — Meter Samples","commands-meter-samples",""
"","465","Current problems — by consumer category, month by month, consumer meters only","mis-dashboard","2026-09-15","passed","2026-09-15","Current problems — by consumer category, month by month, consumer meters only","Current problems","eventdatacurrent",""
"","291","Power problems — by meter type, week by week, consumer meters only","mis-dashboard","2026-09-15","passed","2026-09-15","Power problems — by meter type, week by week, consumer meters only","Power problems","eventdatapower",""
"","1827","cannot open with an expired login token","dashboard","2026-09-15","passed","2026-09-15","cannot open with an expired login token","DTR loading list — cannot open without a valid login","dtrpercentageloadingdetails",""
"","25","Meter communication — sample: no readings for the day","consumers","2026-09-15","passed","2026-09-15","Meter communication — sample: no readings for the day","Meter communication","communicationstatus",""
"","238","Urgency level 6 events — organisation 0 is rejected","mis-dashboard","2026-09-15","passed","2026-09-15","Urgency level 6 events — organisation 0 is rejected","Urgency level events","eventpriority",""
"","2079","Consumption Pattern — zero consumption page 2 still shows a valid meter list","commericial-analysis","2026-09-15","passed","2026-09-15","Consumption Pattern — zero consumption page 2 still shows a valid meter list","Commercial Analysis — extra report checks","commercial-edge",""
"","573","Current problems — by meter type, day by day, all meters","mis-dashboard","2026-09-15","passed","2026-09-15","Current problems — by meter type, day by day, all meters","Current problems","eventdatacurrent",""
"","1636","Events that did not roll over — by consumer category, hour by hour, consumer meters only","mis-dashboard","2026-09-15","passed","2026-09-15","Events that did not roll over — by consumer category, hour by hour, consumer meters only","Events that did not roll over","eventdatanonrollover",""
"","255","DELETE /users/:id/devices/:deviceId — unknown user returns 404","users-admin","2026-09-15","passed","2026-09-15","DELETE /users/:id/devices/:deviceId — unknown user returns 404","User Admin — Negative","useradmin-negative",""
"","12","Over Voltage in any phase report — first and last page have no duplicate meters","technical-analysis","2026-09-15","skipped","2026-09-15","Technical report — first and last page have no duplicate meters › Over Voltage in any phase report — first and last page have no duplicate meters","Technical report","technicalanalysis",""
"","1839","Validate POST /commands/search-meters — default window","hes-commands","2026-09-15","failed","2026-09-15","Validate POST /commands/search-meters — default window","HES Commands — Search Meters","commands-search-meters",""
"","1914","Connect and disconnect by month — cannot open with a badly formed login token","overall-dashboard","2026-09-15","passed","2026-09-15","Connect and disconnect by month — cannot open with a badly formed login token","Home dashboard screens — cannot open without a valid login","overall-dashboard-auth",""
"","455","Urgency level 2 events — hour by hour, all meters","mis-dashboard","2026-09-15","passed","2026-09-15","Urgency level 2 events — hour by hour, all meters","Urgency level events","eventpriority",""
"","965","IND-RPT-ATZ-001 — Validate GET /indore/revenue-protection/atr-zone — default page (2026)","revenue-protection","2026-09-15","passed","2026-09-15","IND-RPT-ATZ-001 — Validate GET /indore/revenue-protection/atr-zone — default page (2026)","Revenue Protection — ATR Zone API","atr-zone",""
"","48","Billing history — sample: months with units consumed","consumers","2026-09-15","passed","2026-09-15","Billing history — sample: months with units consumed","Billing history","billinghistory",""
"","1","IND-AUT-DB-001 — Me / devices / invitations vs AuthRepository SQL","auth","2026-09-15","skipped","2026-09-15","IND-AUT-DB-001 — Me / devices / invitations vs AuthRepository SQL","AUTH — DB Coverage","auth.db",""
"","1504","Transformer load — start date after end date is rejected","dtr-load","2026-09-15","passed","2026-09-15","Transformer load — start date after end date is rejected","Transformer load reports","dtrload",""
"","261","How many events by urgency — from_date and to_date still work","mis-dashboard","2026-09-15","passed","2026-09-15","How many events by urgency — from_date and to_date still work","How many events by urgency","priority-overview",""
"","1177","Feeder list — search finds the feeder name","master-data","2026-09-15","passed","2026-09-15","Feeder list — search finds the feeder name","Master data — feeder list","feeder-master",""
"","1533","DTR communication — includeArchiveCounts=false still returns the grid","reports","2026-09-15","passed","2026-09-15","DTR communication — includeArchiveCounts=false still returns the grid","DTR communication report","dtrcommunication",""
"","1193","Mapped vs unmapped meters — the field list still matches what we saved","overall-dashboard","2026-09-15","passed","2026-09-15","Mapped vs unmapped meters — the field list still matches what we saved","Home dashboard — saved field lists","overall-dashboard.contract",""
"","75","Min-max voltage — Oct 2025 min R fixture","reports","2026-09-15","passed","2026-09-15","Min-max voltage — Oct 2025 min R fixture","Min-max voltage report","minmaxvoltage",""
"","1233","Voltage problems — a missing grouping is rejected","mis-dashboard","2026-09-15","passed","2026-09-15","Voltage problems — a missing grouping is rejected","Voltage problems","eventdatavoltage",""
"","1771","Invalid Bearer token returns 401","meter-replacement","2026-09-15","failed","2026-09-15","Invalid Bearer token returns 401","Meter Replacement Meter Validation API — Auth Negative","meter-validation-negative",""
"","2044","connection statuses — ids and names are unique","utils-lookup","2026-09-15","passed","2026-09-15","UTILS-LOOKUP › utils › lookup-catalog.harness.ts › Connection statuses › connection statuses — ids and names are unique","indoore_backend_testing","modules/UTILS-LOOKUP/tests/connectionstatus",""
"","922","Power quality — unknown consumer is not found","consumers","2026-09-15","passed","2026-09-15","Power quality — unknown consumer is not found","Power quality","powerquality",""
"","39","Power quality — sample: three-phase meter","consumers","2026-09-15","passed","2026-09-15","Power quality — sample: three-phase meter","Power quality","powerquality",""
"","236","Current problems — a blank time range is rejected","mis-dashboard","2026-09-15","passed","2026-09-15","Current problems — a blank time range is rejected","Current problems","eventdatacurrent",""
"","896","Can this meter be given to a consumer? — invalid office number is rejected","consumers","2026-09-15","passed","2026-09-15","Can this meter be given to a consumer? — invalid office number is rejected","Can this meter be given to a consumer?","validatemeter",""
"","1720","Transformer load — leftover unused filters are ignored","dtr-load","2026-09-15","passed","2026-09-15","Transformer load — leftover unused filters are ignored","Transformer load reports","dtrload",""
"","1027","IND-REV-ABE-EEN-EDGE-002 — Single-page result: total equals returned records","revenue-protection","2026-09-15","passed","2026-09-15","IND-REV-ABE-EEN-EDGE-002 — Single-page result: total equals returned records","Revenue Protection — Aberration Entry EENLTMT Edge","aberration-entry-eenltmt.edge",""
"","55","Saved example — weekly summary cards with 8-point trends (10 Jul 2026)","dashboard","2026-09-15","passed","2026-09-15","Saved example — weekly summary cards with 8-point trends (10 Jul 2026)","Dashboard — DTR summary cards","dtrsummary",""
"","2207","Min-max voltage count — Oct 2025 min R returns a total","reports","2026-09-15","passed","2026-09-15","Min-max voltage count — Oct 2025 min R returns a total","Min-max voltage count","minmaxvoltagecount",""
"","242","Event summary — organisation 0 is rejected","mis-dashboard","2026-09-15","passed","2026-09-15","Event summary — organisation 0 is rejected","Event summary","eventdata",""
"","238","Consumption Pattern — month 13 is rejected (month must be 1 to 12)","commericial-analysis","2026-09-15","passed","2026-09-15","Consumption Pattern — month 13 is rejected (month must be 1 to 12)","Commercial Analysis — invalid filters are rejected","commercial-negative",""
"","831","Profile Image Upload-URL Contract Snapshot","users-profile-image","2026-09-15","passed","2026-09-15","Profile Image Upload-URL Contract Snapshot","USERS-PROFILE-IMAGE — Contract Snapshots","users-profile-image.contract",""
"","3","formatMeterSerialsQueryParam returns undefined when empty","other","2026-09-15","passed","2026-09-15","core › __tests__ › dedupe-serials.util › formatMeterSerialsQueryParam returns undefined when empty","indoore_backend_testing","dedupe-serials.util",""
"","246","Power problems — consumer and DTR stay within all meters","mis-dashboard","2026-09-15","passed","2026-09-15","Power problems — consumer and DTR stay within all meters","Power problems","eventdatapower",""
"","238","How many events by urgency — organisation 0 is rejected","mis-dashboard","2026-09-15","passed","2026-09-15","How many events by urgency — organisation 0 is rejected","How many events by urgency","priority-overview",""
"","18","Saved example — DTRs that are OFF empty page","dashboard","2026-09-15","passed","2026-09-15","Saved example — DTRs that are OFF empty page","Dashboard — DTR power on/off list","dtrpowerstatusdetails",""
"","1886","Revenue subsidy (power factor) — extra unused filters are rejected","dashboard","2026-09-15","passed","2026-09-15","Revenue subsidy (power factor) — extra unused filters are rejected","Dashboard — revenue subsidy (power factor)","revenuesubsidypf",""
"","27","Event summary — sample: all zeros","consumers","2026-09-15","passed","2026-09-15","Event summary — sample: all zeros","Event summary","eventlogcards",""
"","2","IND-RPT-NEG-010 — limit=99999 is rejected or bounded","revenue-protection","2026-09-15","skipped","2026-09-15","IND-RPT-NEG-010 — limit=99999 is rejected or bounded","Revenue Protection — Cases Negative","cases-negative",""
"","235","Events that did not roll over — an invalid time range is rejected","mis-dashboard","2026-09-15","passed","2026-09-15","Events that did not roll over — an invalid time range is rejected","Events that did not roll over","eventdatanonrollover",""
"","1983","Can this meter be given to a consumer? — unknown serial is not in the system","consumers","2026-09-15","passed","2026-09-15","Can this meter be given to a consumer? — unknown serial is not in the system","Can this meter be given to a consumer?","validatemeter",""
"","225","Consumption Compare — cannot open the report with an invalid login token","commericial-analysis","2026-09-15","passed","2026-09-15","Consumption Compare — cannot open the report with an invalid login token","Commercial Analysis — cannot open reports without a valid login","commercial-auth-negative",""
"","1790","Feeder profile — cannot open with an empty login token","feeder","2026-09-15","passed","2026-09-15","Feeder profile — cannot open with an empty login token","Feeder screens — cannot open without a valid login","feeder-auth",""
"","234","Maximum Demand — unknown report type is rejected","commericial-analysis","2026-09-15","passed","2026-09-15","Maximum Demand — unknown report type is rejected","Commercial Analysis — invalid filters are rejected","commercial-negative",""
"","60","Communication consumers — 1 Oct 2025 day fixture","reports","2026-09-15","passed","2026-09-15","Communication consumers — 1 Oct 2025 day fixture","Communication consumers report","communicationconsumers",""
"","82","Saved example — daily summary cards with 12-point trends (10 Jul 2026)","dashboard","2026-09-15","passed","2026-09-15","Saved example — daily summary cards with 12-point trends (10 Jul 2026)","Dashboard — DTR summary cards","dtrsummary",""
"","2639","Meter communication — first page shows columns, records, and page numbers","master-data","2026-09-15","passed","2026-09-15","Meter communication — first page shows columns, records, and page numbers","Master data — meter communication","meter-communication-status",""
"","245","Daily talking chart — blank dates are treated as missing","mis-dashboard","2026-09-15","passed","2026-09-15","Daily talking chart — blank dates are treated as missing","Daily talking chart","communication-trend",""
"","1150","DTR event — unknown query params are ignored","reports","2026-09-15","passed","2026-09-15","DTR event — unknown query params are ignored","DTR event report","dtrevent",""
"","96020","Validate POST /commands/billing → query-meter-job — billing_period_get E2E","hes-commands","2026-09-15","passed","2026-09-15","Validate POST /commands/billing → query-meter-job — billing_period_get E2E","HES Commands — Billing (E2E)","commands-billing",""
"","511","Events that did not roll over — by consumer category, month by month, all meters","mis-dashboard","2026-09-15","passed","2026-09-15","Events that did not roll over — by consumer category, month by month, all meters","Events that did not roll over","eventdatanonrollover",""
"","312","Talking vs not talking overview — one day only still opens","mis-dashboard","2026-09-15","passed","2026-09-15","Talking vs not talking overview — one day only still opens","Talking vs not talking overview","communication-overview",""
"","244","IND-REV-ABE-ENTRY-NEG-001 — Invalid month","revenue-protection","2026-09-15","passed","2026-09-15","IND-REV-ABE-ENTRY-NEG-001 — Invalid month","Revenue Protection — Aberration Entry Negative","aberration-entry.negative",""
"","354","Power problems — by meter type, month by month, DTR meters only","mis-dashboard","2026-09-15","passed","2026-09-15","Power problems — by meter type, month by month, DTR meters only","Power problems","eventdatapower",""
"","1702","cannot open with a badly formed login token","dashboard","2026-09-15","passed","2026-09-15","cannot open with a badly formed login token","DTR load unbalance — cannot open without a valid login","dtrloadunbalance",""
"","1732","DTR communication chart — yearly view loads","dashboard","2026-09-15","passed","2026-09-15","DTR communication chart — yearly view loads","Dashboard — DTR communication","dtrcommunication",""
"","1","Urgency level 6 events — day by day","mis-dashboard","2026-09-15","skipped","2026-09-15","Urgency level 6 events — day by day","Urgency level 6 events","eventpriority6",""
"","10555","Bill status — first page without a total still shows columns","reports","2026-09-15","passed","2026-09-15","Bill status — first page without a total still shows columns","Bill status report","billstatus",""
"","1713","DTR event detail — unknown query params are ignored","reports","2026-09-15","passed","2026-09-15","DTR event detail — unknown query params are ignored","DTR event detail report","dtreventdetail",""
"","887","Feeder daily energy — cannot open with an empty login token","feeder","2026-09-15","passed","2026-09-15","Feeder daily energy — cannot open with an empty login token","Feeder screens — cannot open without a valid login","feeder-auth",""
"","1676","Technical summary — alternate period still opens","technical-analysis","2026-09-15","passed","2026-09-15","Technical summary — alternate period still opens","Technical summary","technical-summary",""
"","1548","DTR statistic cards — extra filters that nobody uses are ignored","dtrs","2026-09-15","passed","2026-09-15","DTR statistic cards — extra filters that nobody uses are ignored","DTR statistic cards","dtrstatistics",""
"","233","This month bill — screen shape is unchanged","consumers","2026-09-15","passed","2026-09-15","This month bill — screen shape is unchanged","Consumers — screen shape checks","consumers.contract",""
"","487","Other events — by meter type, day by day, DTR meters only","mis-dashboard","2026-09-15","passed","2026-09-15","Other events — by meter type, day by day, DTR meters only","Other events","eventdataother",""
"","1","Out of range page returns empty page","meter-replacement","2026-09-15","skipped","2026-09-15","Out of range page returns empty page","Meter Replacement Submission History API - Negative","submission-history-negative",""
"","29","Saved example — all-zero Severe/Moderate/Balanced distribution","dashboard","2026-09-15","passed","2026-09-15","Saved example — all-zero Severe/Moderate/Balanced distribution","Dashboard — DTR voltage unbalance","dtrvoltageunbalance",""
"","2974","Talking vs not talking overview — all meters, 1 to 30 Oct 2025","mis-dashboard","2026-09-15","passed","2026-09-15","Talking vs not talking overview — all meters, 1 to 30 Oct 2025","Talking vs not talking overview","communication-overview",""
"","1604","DTR loading list — critically loaded DTRs","dashboard","2026-09-15","passed","2026-09-15","DTR loading list — critically loaded DTRs","Dashboard — DTR loading list","dtrpercentageloadingdetails",""
"","227","Power Factor Violation — cannot open the report with an invalid login token","commericial-analysis","2026-09-15","passed","2026-09-15","Power Factor Violation — cannot open the report with an invalid login token","Commercial Analysis — cannot open reports without a valid login","commercial-auth-negative",""
"","237","Power problems — an invalid time range is rejected","mis-dashboard","2026-09-15","passed","2026-09-15","Power problems — an invalid time range is rejected","Power problems","eventdatapower",""
"","235","Consumption Compare — unknown report type is rejected","commericial-analysis","2026-09-15","passed","2026-09-15","Consumption Compare — unknown report type is rejected","Commercial Analysis — invalid filters are rejected","commercial-negative",""
"","239","Power problems — a blank time range is rejected","mis-dashboard","2026-09-15","passed","2026-09-15","Power problems — a blank time range is rejected","Power problems","eventdatapower",""
"","1570","DTR power on/off chart — daily view loads","dashboard","2026-09-15","failed","2026-09-15","DTR power on/off chart — daily view loads","Dashboard — DTR power on/off","dtrpowerstatus",""
"","917","Feeder daily energy — day-by-day kWh (an empty chart is still OK)","feeder","2026-09-15","passed","2026-09-15","Feeder daily energy — day-by-day kWh (an empty chart is still OK)","Feeder daily energy","feeder-daily-consumption",""
"","1535","Event report — showing 1 per page returns at most 1 record","reports","2026-09-15","passed","2026-09-15","Event report — showing 1 per page returns at most 1 record","Event report","eventreport",""
"","1216","Meter transaction events — by meter type, month by month, consumer meters only","mis-dashboard","2026-09-15","passed","2026-09-15","Meter transaction events — by meter type, month by month, consumer meters only","Meter transaction events","eventdatatransaction",""
"","891","Communication consumers — missing month is rejected","reports","2026-09-15","passed","2026-09-15","Communication consumers — missing month is rejected","Communication consumers report","communicationconsumers",""
"","480","Urgency level 1 events — hour by hour, consumer meters only","mis-dashboard","2026-09-15","passed","2026-09-15","Urgency level 1 events — hour by hour, consumer meters only","Urgency level events","eventpriority",""
"","1922","Nearby accounts — similar account numbers are listed","consumers","2026-09-15","passed","2026-09-15","Nearby accounts — similar account numbers are listed","Nearby accounts","nearestaccountids",""
"","478","Other events — extra unused options are ignored","mis-dashboard","2026-09-15","passed","2026-09-15","Other events — extra unused options are ignored","Other events","eventdataother",""
"","1353","Other events — by meter type, day by day, all meters","mis-dashboard","2026-09-15","passed","2026-09-15","Other events — by meter type, day by day, all meters","Other events","eventdataother",""
"","5421","Day-by-day billing — turning the exact total on still shows the same columns","billing","2026-09-15","passed","2026-09-15","Day-by-day billing — turning the exact total on still shows the same columns","Day-by-day billing list","daywisebilling",""
"","1400","DTR loading gauge — a second transformer still shows bands","dtrs","2026-09-15","passed","2026-09-15","DTR loading gauge — a second transformer still shows bands","DTR loading gauge","dtrcapacitygauge",""
"","886","Feeder voltage and current — cannot open with a badly formed login token","feeder","2026-09-15","passed","2026-09-15","Feeder voltage and current — cannot open with a badly formed login token","Feeder screens — cannot open without a valid login","feeder-auth",""
"","756","Improper MD — household and non-household lists are the same (connection type filter is not applied)","commericial-analysis","2026-09-15","passed","2026-09-15","Improper MD — household and non-household lists are the same (connection type filter is not applied)","Maximum Demand report","mdanalysis",""
"","939","Monthly Consumption Contract Snapshot","consumption","2026-09-15","passed","2026-09-15","Monthly Consumption Contract Snapshot","CONSUMPTION — Contract Snapshots","consumption.contract",""
"","1898","DTR data — fromDate after toDate is rejected","reports","2026-09-15","passed","2026-09-15","DTR data — fromDate after toDate is rejected","DTR data report","dtrdata",""
"","1506","Can this meter serial be added? — a serial that already exists is rejected","master-data","2026-09-15","passed","2026-09-15","Can this meter serial be added? — a serial that already exists is rejected","Master data — can this meter serial be added?","validate-add-meter",""
"","2406","Event detail — showing 1 per page returns at most 1 record","reports","2026-09-15","passed","2026-09-15","Event detail — showing 1 per page returns at most 1 record","Event detail report","eventdetail",""
"","237","Day and Night — month 13 is rejected (month must be 1 to 12)","commericial-analysis","2026-09-15","passed","2026-09-15","Day and Night — month 13 is rejected (month must be 1 to 12)","Commercial Analysis — invalid filters are rejected","commercial-negative",""
"","1873","Energy flow chart — blank consumer number is rejected","consumers","2026-09-15","passed","2026-09-15","Energy flow chart — blank consumer number is rejected","Energy flow chart","energyflow",""
"","288","Urgency level 6 events — week by week, DTR meters only","mis-dashboard","2026-09-15","passed","2026-09-15","Urgency level 6 events — week by week, DTR meters only","Urgency level events","eventpriority",""
"","873","IND-RPT-005 — Single-page result: total equals returned records","revenue-protection","2026-09-15","failed","2026-09-15","IND-RPT-005 — Single-page result: total equals returned records","Revenue Protection — Cases Edge","cases-edge",""
"","3","Technical report — missing month is rejected","technical-analysis","2026-09-15","skipped","2026-09-15","Technical report — missing month is rejected","Technical report","technicalanalysis",""
"","1342","Event list — unknown consumer is empty or not found","consumers","2026-09-15","passed","2026-09-15","Event list — unknown consumer is empty or not found","Event list","eventloglist",""
"","63","Sample chart — weeks with no energy yet","dtrs","2026-09-15","passed","2026-09-15","Sample chart — weeks with no energy yet","DTR energy over time","dtrdailythresholdchart",""
"","3","Technical report — invalid month is rejected","technical-analysis","2026-09-15","skipped","2026-09-15","Technical report — invalid month is rejected","Technical report","technicalanalysis",""
"","237","Current problems — an invalid grouping is rejected","mis-dashboard","2026-09-15","passed","2026-09-15","Current problems — an invalid grouping is rejected","Current problems","eventdatacurrent",""
"","992","DTR load unbalance list — extra unused filters are ignored","dashboard","2026-09-15","passed","2026-09-15","DTR load unbalance list — extra unused filters are ignored","Dashboard — DTR load unbalance list","dtrloadunbalancedetails",""
"","69616","Unknown search returns consumer not found","meter-replacement","2026-09-15","failed","2026-09-15","Unknown search returns consumer not found","Meter Replacement Consumer Search API — Negative & Edge","consumer-search-negative",""
"","897","DTR communication — invalid fromDate is rejected","reports","2026-09-15","passed","2026-09-15","DTR communication — invalid fromDate is rejected","DTR communication report","dtrcommunication",""
"","2669","Consumers by meter phase — high-tension meters","dashboard","2026-09-15","passed","2026-09-15","Consumers by meter phase — high-tension meters","Dashboard — consumers by meter phase","consumerphasedistribution",""
"","1394","Power problems — by consumer category, hour by hour, DTR meters only","mis-dashboard","2026-09-15","passed","2026-09-15","Power problems — by consumer category, hour by hour, DTR meters only","Power problems","eventdatapower",""
"","8086","Unknown consumer returns 404 CONSUMER_NOT_FOUND","meter-replacement","2026-09-15","failed","2026-09-15","Unknown consumer returns 404 CONSUMER_NOT_FOUND","Meter Replacement Consumer Detail API — Negative & Edge","consumer-detail-negative",""
"","1405","Validate GET /commands/query-meter-job/:jobName — unknown job returns error","hes-commands","2026-09-15","passed","2026-09-15","Validate GET /commands/query-meter-job/:jobName — unknown job returns error","HES Commands — Query Meter Job","commands-query-meter-job",""
"","8313","DTR power on/off chart — yearly view loads","dashboard","2026-09-15","passed","2026-09-15","DTR power on/off chart — yearly view loads","Dashboard — DTR power on/off","dtrpowerstatus",""
"","881","cannot open with a badly formed login token","dashboard","2026-09-15","passed","2026-09-15","cannot open with a badly formed login token","DTR communication list — cannot open without a valid login","dtrcommunicationdetails",""
"","12","IND-RPT-ATZ-DB-002 — Sampled rows match DB field-for-field","revenue-protection","2026-09-15","skipped","2026-09-15","IND-RPT-ATZ-DB-002 — Sampled rows match DB field-for-field","Revenue Protection — ATR Zone DB cross-validation","atr-zone.db",""
"","318","Consumption Pattern — Zero Consumption for Last 3 months: report opens and usage follows the rule","commericial-analysis","2026-09-15","passed","2026-09-15","Consumption Pattern — Zero Consumption for Last 3 months: report opens and usage follows the rule","Consumption Pattern report","consumptionpattern",""
"","357","Urgency level 5 events — month by month, consumer meters only","mis-dashboard","2026-09-15","passed","2026-09-15","Urgency level 5 events — month by month, consumer meters only","Urgency level events","eventpriority",""
"","289","Daily talking chart — missing end date uses the start date","mis-dashboard","2026-09-15","passed","2026-09-15","Daily talking chart — missing end date uses the start date","Daily talking chart","communication-trend",""
"","7989","Consumption Pattern — LAST SIX MONTH 50 % AVG CONSUMPTION < Initial Consumption (household): billing data is not ready yet","commericial-analysis","2026-09-15","passed","2026-09-15","Consumption Pattern — LAST SIX MONTH 50 % AVG CONSUMPTION < Initial Consumption (household): billing data is not ready yet","Consumption Pattern report","consumptionpattern",""
"","1540","Pattern comparison — asking for one consumer at a time still returns a row","consumption","2026-09-15","passed","2026-09-15","Pattern comparison — asking for one consumer at a time still returns a row","Consumption API — Edge","consumption-edge",""
"","1","Search by consumer name and meter serial","meter-replacement","2026-09-15","skipped","2026-09-15","Search by consumer name and meter serial","Meter Replacement Submission History API - Filters and Edge","submission-history-negative",""
"","1061","Urgency list — unknown urgency level is not found","mis-dashboard","2026-09-15","passed","2026-09-15","Urgency list — unknown urgency level is not found","Unusual or invalid requests","mis-dashboard.edges",""
"","1930","DTR billing — a far page is empty or still consistent","reports","2026-09-15","passed","2026-09-15","DTR billing — a far page is empty or still consistent","DTR billing report","dtrbilling",""
"","2138","Validate pagination — smaller page size (limit 5)","revenue-protection","2026-09-15","failed","2026-09-15","Validate pagination — smaller page size (limit 5)","Revenue Protection — Aberrations Summary API","aberrations",""
"","905","Event summary — opens using the account number","consumers","2026-09-15","passed","2026-09-15","Event summary — opens using the account number","Event summary","eventlogcards",""
"","899","Event restoration — limit 0 is rejected (limit must be at least 1)","reports","2026-09-15","passed","2026-09-15","Event restoration — limit 0 is rejected (limit must be at least 1)","Event restoration report","eventrestoration",""
"","1024","Meter transaction events — by consumer category, day by day, all meters","mis-dashboard","2026-09-15","passed","2026-09-15","Meter transaction events — by consumer category, day by day, all meters","Meter transaction events","eventdatatransaction",""
"","63885","Ip=0 & In!=0 report — first page shows columns and meters","technical-analysis","2026-09-15","failed","2026-09-15","Ip=0 & In!=0 report — first page shows columns and meters","Technical report","technicalanalysis",""
"","925","Home dashboard — the main number cards look complete","overall-dashboard","2026-09-15","passed","2026-09-15","Home dashboard — the main number cards look complete","Home dashboard","dashboardmetrics",""
"","1003","Monthly net meter — page 2 continues without repeating a meter","consumption","2026-09-15","passed","2026-09-15","Monthly net meter — page 2 continues without repeating a meter","Consumption API — Edge","consumption-edge",""
"","238","PATCH /permissions/permissions/:id — unknown permission returns 404","modules-permissions","2026-09-15","passed","2026-09-15","PATCH /permissions/permissions/:id — unknown permission returns 404","Module Permission — Negative","modulepermission-negative",""
"","1807","Urgency level 1 events — consumer and DTR stay within all meters","mis-dashboard","2026-09-15","passed","2026-09-15","Urgency level 1 events — consumer and DTR stay within all meters","Urgency level events","eventpriority",""
"","1678","Master data change history — newest changes appear first","master-data","2026-09-15","passed","2026-09-15","Master data change history — newest changes appear first","Master data — change history","master-data-audit-logs",""
"","1947","DTR profile — name, meter, feeder, and location load, each field once","dtrs","2026-09-15","passed","2026-09-15","DTR profile — name, meter, feeder, and location load, each field once","DTR profile","dtrprofile",""
"","1720","Transformer load — first page lists average, highest, and lowest load","dtr-load","2026-09-15","passed","2026-09-15","Transformer load — first page lists average, highest, and lowest load","Transformer load reports","dtrload",""
"","1","IND-FD-DB-001 — Feeder profile and meter readings match the database","feeder","2026-09-15","skipped","2026-09-15","IND-FD-DB-001 — Feeder profile and meter readings match the database","FEEDER — DB Coverage","feeder.db",""
"","235","Meter transaction events — saved screen shape","mis-dashboard","2026-09-15","passed","2026-09-15","Meter transaction events — saved screen shape","Saved screen shape","mis-dashboard.contract",""
"","1295","What kinds of events happened — saved screen shape","mis-dashboard","2026-09-15","passed","2026-09-15","What kinds of events happened — saved screen shape","Saved screen shape","mis-dashboard.contract",""
"","24","Saved example — moderate empty page (Aug 2026)","dashboard","2026-09-15","passed","2026-09-15","Saved example — moderate empty page (Aug 2026)","Dashboard — DTR load unbalance list","dtrloadunbalancedetails",""
"","1955","DTR loading gauge — daily, monthly, yearly, and lifetime bands, each once","dtrs","2026-09-15","passed","2026-09-15","DTR loading gauge — daily, monthly, yearly, and lifetime bands, each once","DTR loading gauge","dtrcapacitygauge",""
"","351","Other events — by meter type, month by month, consumer meters only","mis-dashboard","2026-09-15","passed","2026-09-15","Other events — by meter type, month by month, consumer meters only","Other events","eventdataother",""
"","497","Other events — by consumer category, month by month, consumer meters only","mis-dashboard","2026-09-15","passed","2026-09-15","Other events — by consumer category, month by month, consumer meters only","Other events","eventdataother",""
"","344","Events that did not roll over — by consumer category, week by week, consumer meters only","mis-dashboard","2026-09-15","passed","2026-09-15","Events that did not roll over — by consumer category, week by week, consumer meters only","Events that did not roll over","eventdatanonrollover",""
"","1018","Meter transaction events — by consumer category, day by day, consumer meters only","mis-dashboard","2026-09-15","passed","2026-09-15","Meter transaction events — by consumer category, day by day, consumer meters only","Meter transaction events","eventdatatransaction",""
"","636","Talking vs not talking overview — live=1 still opens","mis-dashboard","2026-09-15","passed","2026-09-15","Talking vs not talking overview — live=1 still opens","Talking vs not talking overview","communication-overview",""
"","48","Event report — 1 Oct 2025 fixture","reports","2026-09-15","passed","2026-09-15","Event report — 1 Oct 2025 fixture","Event report","eventreport",""
"","38","IND-RPT-DB-001 — COUNT(*) matches pagination.total","revenue-protection","2026-09-15","skipped","2026-09-15","IND-RPT-DB-001 — COUNT(*) matches pagination.total","Revenue Protection — Cases DB cross-validation","cases.db",""
"","1306","Urgency level 1 events — network 0 is rejected","mis-dashboard","2026-09-15","passed","2026-09-15","Urgency level 1 events — network 0 is rejected","Urgency level events","eventpriority",""
"","7509","Submission History Contract Snapshot","meter-replacement","2026-09-15","failed","2026-09-15","Submission History Contract Snapshot","METER-REPLACEMENT — Contract Snapshots","meter-replacement.contract",""
"","23","Saved example — Residential with rows (offline)","dashboard","2026-09-15","passed","2026-09-15","Saved example — Residential with rows (offline)","Dashboard — consumers by category","consumercategorydistribution",""
"","2057","Validate GET /indore/revenue-protection/aberrations — default page (FEB 2025)","revenue-protection","2026-09-15","failed","2026-09-15","Validate GET /indore/revenue-protection/aberrations — default page (FEB 2025)","Revenue Protection — Aberrations Summary API","aberrations",""
"","526","Other events — dtrs is treated as DTR meters","mis-dashboard","2026-09-15","passed","2026-09-15","Other events — dtrs is treated as DTR meters","Other events","eventdataother",""
"","62","Consumption chart — sample: hourly usage","consumers","2026-09-15","passed","2026-09-15","Consumption chart — sample: hourly usage","Consumption chart","energyconsumptiongraph",""
"","1238","Consumption Pattern — page 0 is rejected (page must start at 1)","commericial-analysis","2026-09-15","passed","2026-09-15","Consumption Pattern — page 0 is rejected (page must start at 1)","Commercial Analysis — invalid filters are rejected","commercial-negative",""
"","2352","Talking vs not talking overview — missing start date uses the end date","mis-dashboard","2026-09-15","passed","2026-09-15","Talking vs not talking overview — missing start date uses the end date","Talking vs not talking overview","communication-overview",""
"","1907","Monthly billing — asking for zero rows per page is rejected","billing","2026-09-15","passed","2026-09-15","Monthly billing — asking for zero rows per page is rejected","Monthly billing list","billingdata",""
"","1026","Sanction Load Violation — household plus non-household meters equal the full total","commericial-analysis","2026-09-15","passed","2026-09-15","Sanction Load Violation — household plus non-household meters equal the full total","Maximum Demand report","mdanalysis",""
"","1052","Meter communication — column names in the response stay the same","master-data","2026-09-15","passed","2026-09-15","Meter communication — column names in the response stay the same","Master data — column names in the response","master-data.contract",""
"","73","Energy flow chart — sample: hourly points","consumers","2026-09-15","passed","2026-09-15","Energy flow chart — sample: hourly points","Energy flow chart","energyflow",""
"","1768","Energy flow chart — unknown consumer is not found","consumers","2026-09-15","passed","2026-09-15","Energy flow chart — unknown consumer is not found","Energy flow chart","energyflow",""
"","308","Urgency level 2 events — week by week, all meters","mis-dashboard","2026-09-15","passed","2026-09-15","Urgency level 2 events — week by week, all meters","Urgency level events","eventpriority",""
"","758","IND-REV-ABE-EEN-EDGE-001 — Page far beyond total returns empty rows","revenue-protection","2026-09-15","passed","2026-09-15","IND-REV-ABE-EEN-EDGE-001 — Page far beyond total returns empty rows","Revenue Protection — Aberration Entry EENLTMT Edge","aberration-entry-eenltmt.edge",""
"","51","Billing history — sample: monthly units match meter totals","consumers","2026-09-15","passed","2026-09-15","Billing history — sample: monthly units match meter totals","Billing history","billinghistory",""
"","227","Consumption Pattern — cannot open the report with an invalid login token","commericial-analysis","2026-09-15","passed","2026-09-15","Consumption Pattern — cannot open the report with an invalid login token","Commercial Analysis — cannot open reports without a valid login","commercial-auth-negative",""
"","886","cannot open with an expired login token","dashboard","2026-09-15","passed","2026-09-15","cannot open with an expired login token","DTR communication list — cannot open without a valid login","dtrcommunicationdetails",""
"","489","Events that did not roll over — both is treated as all meters","mis-dashboard","2026-09-15","passed","2026-09-15","Events that did not roll over — both is treated as all meters","Events that did not roll over","eventdatanonrollover",""
"","248","How many meters we have — consumers is treated as consumer meters","mis-dashboard","2026-09-15","passed","2026-09-15","How many meters we have — consumers is treated as consumer meters","How many meters we have","communicationstats",""
"","4","classifies INTERNAL_ERROR 500 as backend_crash","other","2026-09-15","passed","2026-09-15","core › __tests__ › defect-heuristic-triage › classifies INTERNAL_ERROR 500 as backend_crash","indoore_backend_testing","defect-triage",""
"","2917","Validate User Devices","users-admin","2026-09-15","passed","2026-09-15","Validate User Devices","User Devices Flow","userdevices",""
"","1790","Transformer load — leaving out the end date is rejected","dtr-load","2026-09-15","passed","2026-09-15","Transformer load — leaving out the end date is rejected","Transformer load reports","dtrload",""
"","1883","DTR power on/off list — page 2 still shows a valid list","dashboard","2026-09-15","passed","2026-09-15","DTR power on/off list — page 2 still shows a valid list","Dashboard — DTR power on/off list","dtrpowerstatusdetails",""
"","8339","Abnormal Low — non-household: billing data is not ready yet","commericial-analysis","2026-09-15","passed","2026-09-15","Abnormal Low — non-household: billing data is not ready yet","Consumption Compare report","consumptioncompare",""
"","1795","Bill status — page 0 is rejected (page must start at 1)","reports","2026-09-15","passed","2026-09-15","Bill status — page 0 is rejected (page must start at 1)","Bill status report","billstatus",""
"","1707","CT Open report — empty list is valid","technical-analysis","2026-09-15","passed","2026-09-15","CT Open report — empty list is valid","Technical report","technicalanalysis",""
"","1784","Live load — unknown meter is empty or not found","consumers","2026-09-15","passed","2026-09-15","Live load — unknown meter is empty or not found","Live load","liveloadprofile",""
"","96","Sample statistic cards — dashes when numbers are missing","dtrs","2026-09-15","passed","2026-09-15","Sample statistic cards — dashes when numbers are missing","DTR statistic cards","dtrstatistics",""
"","8554","Validate Meter Replacement Progress API","meter-replacement","2026-09-15","failed","2026-09-15","Validate Meter Replacement Progress API","Meter Replacement Progress API","progress",""
"","526","Power problems — extra unused options are ignored","mis-dashboard","2026-09-15","passed","2026-09-15","Power problems — extra unused options are ignored","Power problems","eventdatapower",""
"","2147","Validate pagination — page 2 (limit 5)","revenue-protection","2026-09-15","failed","2026-09-15","Validate pagination — page 2 (limit 5)","Revenue Protection — Aberrations Summary API","aberrations",""
"","241212","Validate POST /indore/meter-replacement/bulk/validate — new meter serial must exist","meter-replacement","2026-09-15","broken","2026-09-15","Validate POST /indore/meter-replacement/bulk/validate — new meter serial must exist","Bulk Validate Meter Replacement API","bulk-validation",""
"","1919","Validate GET /permissions/roles — role catalog","role-permissions","2026-09-15","passed","2026-09-15","Validate GET /permissions/roles — role catalog","Role Permission — List & Me","rolepermission-list",""
"","7520","Consumer Search Contract Snapshot","meter-replacement","2026-09-15","failed","2026-09-15","Consumer Search Contract Snapshot","METER-REPLACEMENT — Contract Snapshots","meter-replacement.contract",""
"","347","Current problems — by consumer category, week by week, all meters","mis-dashboard","2026-09-15","passed","2026-09-15","Current problems — by consumer category, week by week, all meters","Current problems","eventdatacurrent",""
"","59","Transformer load — a transformer with almost no load is still a valid row","dtr-load","2026-09-15","passed","2026-09-15","Transformer load — a transformer with almost no load is still a valid row","Transformer load reports","dtrload",""
"","88","Sample statistic cards — kW, kVA, kWh, kVAh, consumers, and power-on time","dtrs","2026-09-15","passed","2026-09-15","Sample statistic cards — kW, kVA, kWh, kVAh, consumers, and power-on time","DTR statistic cards","dtrstatistics",""
"","2850","Current without voltage — Oct 2025 phase R first page shows columns and readings","reports","2026-09-15","passed","2026-09-15","Current without voltage — Oct 2025 phase R first page shows columns and readings","Current without voltage report","currentwithoutvoltage",""
"","1616","DTR consumption list — page 2 still shows a valid list","dashboard","2026-09-15","passed","2026-09-15","DTR consumption list — page 2 still shows a valid list","Dashboard — DTR consumption list","dtrconsumptiondetails",""
"","438","Urgency level 6 events — hour by hour, DTR meters only","mis-dashboard","2026-09-15","passed","2026-09-15","Urgency level 6 events — hour by hour, DTR meters only","Urgency level events","eventpriority",""
"","303","DTR data — column and field names stay the same","reports","2026-09-15","passed","2026-09-15","DTR data — column and field names stay the same","Reports — contract snapshots","reports.contract",""
"","1709","Missing organisationLookupId returns empty success grid (not 4xx)","revenue-protection","2026-09-15","failed","2026-09-15","Missing organisationLookupId returns empty success grid (not 4xx)","Revenue Protection — Aberrations Negative","aberrations-negative",""
"","5300","DTR consumption chart — response shape stays the same","dashboard","2026-09-15","passed","2026-09-15","DTR consumption chart — response shape stays the same","Dashboard — response shape","dashboard.contract",""
"","19","Saved example — under-utilized DTRs empty page","dashboard","2026-09-15","passed","2026-09-15","Saved example — under-utilized DTRs empty page","Dashboard — DTR loading list","dtrpercentageloadingdetails",""
"","3846","Monthly billing — leftover unused filters are ignored","billing","2026-09-15","passed","2026-09-15","Monthly billing — leftover unused filters are ignored","Monthly billing list","billingdata",""
"","1030","Transformer load — asking for one transformer at a time still returns a row","dtr-load","2026-09-15","passed","2026-09-15","Transformer load — asking for one transformer at a time still returns a row","Transformer load reports","dtrload",""
"","2095","Single Wire Operation report — first page shows columns and meters","technical-analysis","2026-09-15","passed","2026-09-15","Single Wire Operation report — first page shows columns and meters","Technical report","technicalanalysis",""
"","903","DTR power now — extra filters that nobody uses are ignored","dtrs","2026-09-15","passed","2026-09-15","DTR power now — extra filters that nobody uses are ignored","DTR power now","dtrpowertriangle",""
"","235","Validate GET /permissions/dependency-rules","role-permissions","2026-09-15","passed","2026-09-15","Validate GET /permissions/dependency-rules","Role Permission — List & Me","rolepermission-list",""
"","1525","Nearby accounts — very close match range can return none","consumers","2026-09-15","passed","2026-09-15","Nearby accounts — very close match range can return none","Nearby accounts","nearestaccountids",""
"","3","IND-RPT-NEG-009 — limit=0 is rejected","revenue-protection","2026-09-15","skipped","2026-09-15","IND-RPT-NEG-009 — limit=0 is rejected","Revenue Protection — Cases Negative","cases-negative",""
"","498","Urgency level 4 events — day by day, consumer meters only","mis-dashboard","2026-09-15","passed","2026-09-15","Urgency level 4 events — day by day, consumer meters only","Urgency level events","eventpriority",""
"","19","Sample feeders — Active and Inactive both appear","dtrs","2026-09-15","passed","2026-09-15","Sample feeders — Active and Inactive both appear","DTR feeders","dtrfeeders",""
"","1138","Feeder profile — leftover extra filters still show the same page","feeder","2026-09-15","passed","2026-09-15","Feeder profile — leftover extra filters still show the same page","Feeder — unusual cases","feeder-edge",""
"","23195","How many meters we have — DTR meters only","mis-dashboard","2026-09-15","passed","2026-09-15","How many meters we have — DTR meters only","How many meters we have","communicationstats",""
"","1821","Event summary — cards for the consumer","consumers","2026-09-15","passed","2026-09-15","Event summary — cards for the consumer","Event summary","eventlogcards",""
"","240","How many meters we have — network 0 is rejected","mis-dashboard","2026-09-15","passed","2026-09-15","How many meters we have — network 0 is rejected","How many meters we have","communicationstats",""
"","2","IND-REV-ABE-EEN-002 — Fetch EENLTMT Aberration Entry using month + year","revenue-protection","2026-09-15","skipped","2026-09-15","IND-REV-ABE-EEN-002 — Fetch EENLTMT Aberration Entry using month + year","Revenue Protection — Aberration Entry EENLTMT API","aberration-entry-eenltmt",""
"","2114","Communication consumers — a page past the last page shows no records","reports","2026-09-15","passed","2026-09-15","Communication consumers — a page past the last page shows no records","Communication consumers report","communicationconsumers",""
"","1110","Validate sent invitations list — status=all","auth","2026-09-15","passed","2026-09-15","Validate sent invitations list — status=all","Auth Sent Invitations List API","invite-list",""
"","429","Talking meters by category — both is treated as all meters","mis-dashboard","2026-09-15","passed","2026-09-15","Talking meters by category — both is treated as all meters","Talking meters by category","communication-category",""
"","1199","What kinds of events happened — report_type still works","mis-dashboard","2026-09-15","passed","2026-09-15","What kinds of events happened — report_type still works","What kinds of events happened","event-classification",""
"","486","Urgency level 2 events — extra unused options are ignored","mis-dashboard","2026-09-15","passed","2026-09-15","Urgency level 2 events — extra unused options are ignored","Urgency level events","eventpriority",""
"","1765","Event detail — column and field names stay the same","reports","2026-09-15","passed","2026-09-15","Event detail — column and field names stay the same","Reports — contract snapshots","reports.contract",""
"","1189","Events that did not roll over — extra unused options are ignored","mis-dashboard","2026-09-15","passed","2026-09-15","Events that did not roll over — extra unused options are ignored","Events that did not roll over","eventdatanonrollover",""
"","241","Urgency level 5 events — consumer and DTR stay within all meters","mis-dashboard","2026-09-15","passed","2026-09-15","Urgency level 5 events — consumer and DTR stay within all meters","Urgency level events","eventpriority",""
"","2651","Talking meters by category — missing end date uses the start date","mis-dashboard","2026-09-15","passed","2026-09-15","Talking meters by category — missing end date uses the start date","Talking meters by category","communication-category",""
"","91","Energy flow chart — sample: totals only go up over time","consumers","2026-09-15","passed","2026-09-15","Energy flow chart — sample: totals only go up over time","Energy flow chart","energyflow",""
"","890","Bill status — limit 0 is rejected (limit must be at least 1)","reports","2026-09-15","passed","2026-09-15","Bill status — limit 0 is rejected (limit must be at least 1)","Bill status report","billstatus",""
"","1122","Validate POST /commands/profile-config — invalid type returns validation error","hes-commands","2026-09-15","passed","2026-09-15","Validate POST /commands/profile-config — invalid type returns validation error","HES Commands — Profile Config (E2E)","commands-profile-config",""
"","2155","Validate CSRF preflight and login flows","auth","2026-09-15","failed","2026-09-15","Validate CSRF preflight and login flows","Auth Login API","login",""
"","24","Saved example — percentage consistency with rounding","dashboard","2026-09-15","passed","2026-09-15","Saved example — percentage consistency with rounding","Dashboard — DTR load unbalance","dtrloadunbalance",""
"","23","Saved example — Commercial with rows (offline)","dashboard","2026-09-15","passed","2026-09-15","Saved example — Commercial with rows (offline)","Dashboard — consumers by category","consumercategorydistribution",""
"","2708","Consumers by connection status — page 2 still shows a valid list","dashboard","2026-09-15","passed","2026-09-15","Consumers by connection status — page 2 still shows a valid list","Dashboard — consumers by connection status","consumerconnectionstatus",""
"","9","Sample power now — empty numbers when the meter has no reading","dtrs","2026-09-15","passed","2026-09-15","Sample power now — empty numbers when the meter has no reading","DTR power now","dtrpowertriangle",""
"","228","Power Factor Violation — cannot open the report without logging in","commericial-analysis","2026-09-15","passed","2026-09-15","Power Factor Violation — cannot open the report without logging in","Commercial Analysis — cannot open reports without a valid login","commercial-auth-negative",""
"","962","Feeder alerts — cannot open with an empty login token","feeder","2026-09-15","passed","2026-09-15","Feeder alerts — cannot open with an empty login token","Feeder screens — cannot open without a valid login","feeder-auth",""
"","235","Events that did not roll over — organisation 0 is rejected","mis-dashboard","2026-09-15","passed","2026-09-15","Events that did not roll over — organisation 0 is rejected","Events that did not roll over","eventdatanonrollover",""
"","1104","How many meters we have — live=1 still opens","mis-dashboard","2026-09-15","passed","2026-09-15","How many meters we have — live=1 still opens","How many meters we have","communicationstats",""
"","1146","DTR statistic cards — a second transformer still shows cards","dtrs","2026-09-15","passed","2026-09-15","DTR statistic cards — a second transformer still shows cards","DTR statistic cards","dtrstatistics",""
"","12","YNR Over Voltage in any phase report — empty list is valid","technical-analysis","2026-09-15","skipped","2026-09-15","YNR Over Voltage in any phase report — empty list is valid","Technical report","technicalanalysis",""
"","951","Consumption chart — monthly view","consumers","2026-09-15","passed","2026-09-15","Consumption chart — monthly view","Consumption chart","energyconsumptiongraph",""
"","242","Feeder alerts — leftover extra filters still show the same page","feeder","2026-09-15","passed","2026-09-15","Feeder alerts — leftover extra filters still show the same page","Feeder — unusual cases","feeder-edge",""
"","8250","Consumption Compare Same Month Last Year — household: billing data is not ready yet","commericial-analysis","2026-09-15","passed","2026-09-15","Consumption Compare Same Month Last Year — household: billing data is not ready yet","Consumption Compare report","consumptioncompare",""
"","2","Can this meter be put on a DTR? — an unused active meter can be put on a DTR","master-data","2026-09-15","skipped","2026-09-15","Can this meter be put on a DTR? — an unused active meter can be put on a DTR","Master data — can this meter be put on a DTR?","validate-dtr-meter",""
"","559","Meter transaction events — by consumer category, week by week, all meters","mis-dashboard","2026-09-15","passed","2026-09-15","Meter transaction events — by consumer category, week by week, all meters","Meter transaction events","eventdatatransaction",""
"","2318","Day and Night — Night consumption <= 10% of Day consumption: report opens and usage follows the rule","commericial-analysis","2026-09-15","passed","2026-09-15","Day and Night — Night consumption <= 10% of Day consumption: report opens and usage follows the rule","Commercial Analysis — extra report checks","commercial-edge",""
"","1808","Current without voltage — missing year is rejected","reports","2026-09-15","passed","2026-09-15","Current without voltage — missing year is rejected","Current without voltage report","currentwithoutvoltage",""
"","3512","Talking meters by category — consumer meters only","mis-dashboard","2026-09-15","passed","2026-09-15","Talking meters by category — consumer meters only","Talking meters by category","communication-category",""
"","9293","Validate POST /indore/meter-replacement/bulk/validate — only .xlsx allowed","meter-replacement","2026-09-15","failed","2026-09-15","Validate POST /indore/meter-replacement/bulk/validate — only .xlsx allowed","Bulk Validate Meter Replacement API","bulk-validation",""
"","1","IND-REV-ABE-ENTRY-DB-001 — COUNT(*) matches pagination.total","revenue-protection","2026-09-15","skipped","2026-09-15","IND-REV-ABE-ENTRY-DB-001 — COUNT(*) matches pagination.total","Revenue Protection — Aberration Entry DB cross-validation","aberration-entry.db",""
"","6357","Validate POST /commands/payment → query-meter-job — payment_get E2E","hes-commands","2026-09-15","passed","2026-09-15","Validate POST /commands/payment → query-meter-job — payment_get E2E","HES Commands — Payment (E2E)","commands-payment",""
"","5","Sample power now — meter data unavailable message","dtrs","2026-09-15","passed","2026-09-15","Sample power now — meter data unavailable message","DTR power now","dtrpowertriangle",""
"","298","Voltage problems — by meter type, week by week, consumer meters only","mis-dashboard","2026-09-15","passed","2026-09-15","Voltage problems — by meter type, week by week, consumer meters only","Voltage problems","eventdatavoltage",""
"","4791","Technical summary — column and field names stay the same","technical-analysis","2026-09-15","passed","2026-09-15","Technical summary — column and field names stay the same","Technical analysis — contract snapshots","technical-analysis.contract",""
"","1806","Home dashboard — cannot open with an expired login token","overall-dashboard","2026-09-15","passed","2026-09-15","Home dashboard — cannot open with an expired login token","Home dashboard — cannot open without a valid login","dashboardmetrics",""
"","824","Daily talking chart — all meters, 1 to 30 Oct 2025","mis-dashboard","2026-09-15","passed","2026-09-15","Daily talking chart — all meters, 1 to 30 Oct 2025","Daily talking chart","communication-trend",""
"","356","Current problems — by consumer category, week by week, consumer meters only","mis-dashboard","2026-09-15","passed","2026-09-15","Current problems — by consumer category, week by week, consumer meters only","Current problems","eventdatacurrent",""
"","1300","How many events by urgency — a bad date is rejected","mis-dashboard","2026-09-15","passed","2026-09-15","How many events by urgency — a bad date is rejected","How many events by urgency","priority-overview",""
"","1949","Meter communication — non-communicating filter shows only non-communicating meters","master-data","2026-09-15","passed","2026-09-15","Meter communication — non-communicating filter shows only non-communicating meters","Master data — meter communication","meter-communication-status",""
"","1845","DTR energy over time — a blank time grouping is not allowed","dtrs","2026-09-15","passed","2026-09-15","DTR energy over time — a blank time grouping is not allowed","DTR energy over time","dtrdailythresholdchart",""
"","8","IND-REV-ABE-EEN-DB-002 — Sampled rows match DB","revenue-protection","2026-09-15","skipped","2026-09-15","IND-REV-ABE-EEN-DB-002 — Sampled rows match DB","Revenue Protection — Aberration Entry EENLTMT DB cross-validation","aberration-entry-eenltmt.db",""
"","241202","Validate POST /indore/meter-replacement/bulk/validate — mixed valid/invalid rows reported per-row","meter-replacement","2026-09-15","broken","2026-09-15","Validate POST /indore/meter-replacement/bulk/validate — mixed valid/invalid rows reported per-row","Bulk Validate Meter Replacement API","bulk-validation",""
"","489","Voltage problems — both is treated as all meters","mis-dashboard","2026-09-15","passed","2026-09-15","Voltage problems — both is treated as all meters","Voltage problems","eventdatavoltage",""
"","239","Current problems — a missing grouping is rejected","mis-dashboard","2026-09-15","passed","2026-09-15","Current problems — a missing grouping is rejected","Current problems","eventdatacurrent",""
"","3","Invalid status returns empty page","meter-replacement","2026-09-15","skipped","2026-09-15","Invalid status returns empty page","Meter Replacement Submission History API - Negative","submission-history-negative",""
"","232","Monthly net meter — year zero is rejected","consumption","2026-09-15","passed","2026-09-15","Monthly net meter — year zero is rejected","Consumption API — Negative","consumption-negative",""
"","252","Event summary — by meter type, day by day, consumer meters only","mis-dashboard","2026-09-15","passed","2026-09-15","Event summary — by meter type, day by day, consumer meters only","Event summary","eventdata",""
"","472","Urgency level 6 events — hour by hour, all meters","mis-dashboard","2026-09-15","passed","2026-09-15","Urgency level 6 events — hour by hour, all meters","Urgency level events","eventpriority",""
"","474","Validate GET /permissions/me/modules and /me/permissions","role-permissions","2026-09-15","passed","2026-09-15","Validate GET /permissions/me/modules and /me/permissions","Role Permission — List & Me","rolepermission-list",""
"","2007","Consumer report IP — first page shows columns and instants","reports","2026-09-15","passed","2026-09-15","Consumer report IP — first page shows columns and instants","Consumer report","consumerreport",""
"","508","Other events — consumers is treated as consumer meters","mis-dashboard","2026-09-15","passed","2026-09-15","Other events — consumers is treated as consumer meters","Other events","eventdataother",""
"","676","IND-REV-ABE-IVRS-AUTH-003 — Unsupported HTTP methods (POST/PUT/DELETE)","revenue-protection","2026-09-15","passed","2026-09-15","IND-REV-ABE-IVRS-AUTH-003 — Unsupported HTTP methods (POST/PUT/DELETE)","Revenue Protection — Aberration Entry By IVRS Auth Negative","aberration-entry-by-ivrs.auth",""
"","1040","Reports overview — column and field names stay the same","reports","2026-09-15","passed","2026-09-15","Reports overview — column and field names stay the same","Reports — contract snapshots","reports.contract",""
"","1896","Event restoration — fromDate after toDate is rejected","reports","2026-09-15","passed","2026-09-15","Event restoration — fromDate after toDate is rejected","Event restoration report","eventrestoration",""
"","1701","Feeder alerts — cannot open without logging in","feeder","2026-09-15","passed","2026-09-15","Feeder alerts — cannot open without logging in","Feeder screens — cannot open without a valid login","feeder-auth",""
"","236","Urgency level 1 events — saved screen shape","mis-dashboard","2026-09-15","passed","2026-09-15","Urgency level 1 events — saved screen shape","Saved screen shape","mis-dashboard.contract",""
"","6","Min-max voltage count — zero total fixture","reports","2026-09-15","passed","2026-09-15","Min-max voltage count — zero total fixture","Min-max voltage count","minmaxvoltagecount",""
"","352","How many events by urgency — missing start date uses the end date","mis-dashboard","2026-09-15","passed","2026-09-15","How many events by urgency — missing start date uses the end date","How many events by urgency","priority-overview",""
"","2906","Talking vs not talking overview — consumer meters only","mis-dashboard","2026-09-15","passed","2026-09-15","Talking vs not talking overview — consumer meters only","Talking vs not talking overview","communication-overview",""
"","773","Audit Logs List Contract Snapshot","audit-logs","2026-09-15","passed","2026-09-15","Audit Logs List Contract Snapshot","AUDIT-LOGS — Contract Snapshots","audit-logs.contract",""
"","7792","Consumer Detail Contract Snapshot","meter-replacement","2026-09-15","failed","2026-09-15","Consumer Detail Contract Snapshot","METER-REPLACEMENT — Contract Snapshots","meter-replacement.contract",""
"","1509","Validate sort — createdAt_asc","audit-logs","2026-09-15","passed","2026-09-15","Validate sort — createdAt_asc","Audit Logs API","auditlogs",""
"","6147","Day and Night — Night Zero Consumption: report opens and usage follows the rule","commericial-analysis","2026-09-15","passed","2026-09-15","Day and Night — Night Zero Consumption: report opens and usage follows the rule","Day and Night consumption report","daynight",""
"","1124","Validate GET /commands/meters/:serial — unknown meter returns error","hes-commands","2026-09-15","passed","2026-09-15","Validate GET /commands/meters/:serial — unknown meter returns error","HES Commands — Meter Lookup","commands-meter",""
"","905","Can this meter be given to a consumer? — serial number is required","consumers","2026-09-15","passed","2026-09-15","Can this meter be given to a consumer? — serial number is required","Can this meter be given to a consumer?","validatemeter",""
"","650","Events that did not roll over — by consumer category, hour by hour, DTR meters only","mis-dashboard","2026-09-15","passed","2026-09-15","Events that did not roll over — by consumer category, hour by hour, DTR meters only","Events that did not roll over","eventdatanonrollover",""
"","1141","Billing MD snapshot — unknown query params are ignored","reports","2026-09-15","passed","2026-09-15","Billing MD snapshot — unknown query params are ignored","Billing MD snapshot report","billingmdsnapshot",""
"","1387","Min-max voltage count — Oct 2025 min B returns a total","reports","2026-09-15","passed","2026-09-15","Min-max voltage count — Oct 2025 min B returns a total","Min-max voltage count","minmaxvoltagecount",""
"","1906","Communication consumers — showing 1 per page returns at most 1 record","reports","2026-09-15","passed","2026-09-15","Communication consumers — showing 1 per page returns at most 1 record","Communication consumers report","communicationconsumers",""
"","1968","Min-max voltage count — Oct 2025 max Y returns a total","reports","2026-09-15","passed","2026-09-15","Min-max voltage count — Oct 2025 max Y returns a total","Min-max voltage count","minmaxvoltagecount",""
"","1690","Live voltage and current — unknown consumer is not found","consumers","2026-09-15","passed","2026-09-15","Live voltage and current — unknown consumer is not found","Live voltage and current","realtimepower",""
"","21","Saved example — mixed on/off percentages","dashboard","2026-09-15","passed","2026-09-15","Saved example — mixed on/off percentages","Dashboard — DTR power on/off","dtrpowerstatus",""
"","237","IND-RPT-ATZ-NEG-005 — page=-1 is rejected","revenue-protection","2026-09-15","passed","2026-09-15","IND-RPT-ATZ-NEG-005 — page=-1 is rejected","Revenue Protection — ATR Zone Negative","atr-zone.negative",""
"","1103","Monthly net meter — page zero is rejected","consumption","2026-09-15","passed","2026-09-15","Monthly net meter — page zero is rejected","Consumption API — Negative","consumption-negative",""
"","1371","Consumption Pattern — LAST SIX MONTH 50 % AVG CONSUMPTION < Initial Consumption (non-household): billing data is not ready yet","commericial-analysis","2026-09-15","passed","2026-09-15","Consumption Pattern — LAST SIX MONTH 50 % AVG CONSUMPTION < Initial Consumption (non-household): billing data is not ready yet","Consumption Pattern report","consumptionpattern",""
"","1421","Voltage problems — by meter type, hour by hour, all meters","mis-dashboard","2026-09-15","passed","2026-09-15","Voltage problems — by meter type, hour by hour, all meters","Voltage problems","eventdatavoltage",""
"","375","Validate GET /commands/history — search filter by meter serial","hes-commands","2026-09-15","passed","2026-09-15","Validate GET /commands/history — search filter by meter serial","HES Commands — History","commands-history",""
"","1929","Event report — 1 Oct 2025 first page shows columns and event totals","reports","2026-09-15","passed","2026-09-15","Event report — 1 Oct 2025 first page shows columns and event totals","Event report","eventreport",""
"","2","Urgency level 2 events — hour by hour","mis-dashboard","2026-09-15","skipped","2026-09-15","Urgency level 2 events — hour by hour","Urgency level 2 events","eventpriority2",""
"","238","DTR load unbalance list — response shape stays the same","dashboard","2026-09-15","passed","2026-09-15","DTR load unbalance list — response shape stays the same","Dashboard — response shape","dashboard.contract",""
"","484","Urgency level 4 events — both is treated as all meters","mis-dashboard","2026-09-15","passed","2026-09-15","Urgency level 4 events — both is treated as all meters","Urgency level events","eventpriority",""
"","8","Live load — sample: no live reading yet","consumers","2026-09-15","passed","2026-09-15","Live load — sample: no live reading yet","Live load","liveloadprofile",""
"","3","Monthly billing — billed meter count is not higher than the archive database","billing","2026-09-15","skipped","2026-09-15","Monthly billing — billed meter count is not higher than the archive database","Monthly billing vs database","billing.db",""
"","881","cannot open with an expired login token","dashboard","2026-09-15","passed","2026-09-15","cannot open with an expired login token","Revenue subsidy (power factor) — cannot open without a valid login","revenuesubsidypf",""
"","331","Validate GET /commands/meter-info/:serial — unknown meter returns error","hes-commands","2026-09-15","passed","2026-09-15","Validate GET /commands/meter-info/:serial — unknown meter returns error","HES Commands — Meter Info","commands-meter-info",""
"","974","Overview — unknown query params are ignored","reports","2026-09-15","passed","2026-09-15","Overview — unknown query params are ignored","Reports overview","overview",""
"","1645","DTR communication list — extra unused filters are ignored","dashboard","2026-09-15","passed","2026-09-15","DTR communication list — extra unused filters are ignored","Dashboard — DTR communication list","dtrcommunicationdetails",""
"","1707","DTR load unbalance list — page 2 still shows a valid list","dashboard","2026-09-15","passed","2026-09-15","DTR load unbalance list — page 2 still shows a valid list","Dashboard — DTR load unbalance list","dtrloadunbalancedetails",""
"","489","Live load — screen shape is unchanged","consumers","2026-09-15","passed","2026-09-15","Live load — screen shape is unchanged","Consumers — screen shape checks","consumers.contract",""
"","507","Urgency level 2 events — day by day, all meters","mis-dashboard","2026-09-15","passed","2026-09-15","Urgency level 2 events — day by day, all meters","Urgency level events","eventpriority",""
"","890","cannot open with a badly formed login token","dashboard","2026-09-15","passed","2026-09-15","cannot open with a badly formed login token","DTR consumption list — cannot open without a valid login","dtrconsumptiondetails",""
"","437","Events that did not roll over — by meter type, hour by hour, consumer meters only","mis-dashboard","2026-09-15","passed","2026-09-15","Events that did not roll over — by meter type, hour by hour, consumer meters only","Events that did not roll over","eventdatanonrollover",""
"","1013","IND-REV-ABE-ENTRY-NEG-003 — Invalid page","revenue-protection","2026-09-15","passed","2026-09-15","IND-REV-ABE-ENTRY-NEG-003 — Invalid page","Revenue Protection — Aberration Entry Negative","aberration-entry.negative",""
"","1281","Master data change history — an unknown change-type filter is rejected","master-data","2026-09-15","passed","2026-09-15","Master data change history — an unknown change-type filter is rejected","Master data — change history","master-data-audit-logs",""
"","18","Sample power now — single-phase live reading","dtrs","2026-09-15","passed","2026-09-15","Sample power now — single-phase live reading","DTR power now","dtrpowertriangle",""
"","9","YNR Cover Open report — empty list is valid","technical-analysis","2026-09-15","skipped","2026-09-15","YNR Cover Open report — empty list is valid","Technical report","technicalanalysis",""
"","696","Daily talking chart — saved screen shape","mis-dashboard","2026-09-15","passed","2026-09-15","Daily talking chart — saved screen shape","Saved screen shape","mis-dashboard.contract",""
"","1185","Urgency level 4 events — week by week, consumer meters only","mis-dashboard","2026-09-15","passed","2026-09-15","Urgency level 4 events — week by week, consumer meters only","Urgency level events","eventpriority",""
"","0","Urgency level 5 events — month by month","mis-dashboard","2026-09-15","skipped","2026-09-15","Urgency level 5 events — month by month","Urgency level 5 events","eventpriority5",""
"","1021","Current without voltage — missing month is rejected","reports","2026-09-15","passed","2026-09-15","Current without voltage — missing month is rejected","Current without voltage report","currentwithoutvoltage",""
"","1700","DTR list — a smaller page size shows fewer records","master-data","2026-09-15","passed","2026-09-15","DTR list — a smaller page size shows fewer records","Master data — DTR list","dtr-master",""
"","763","Aberrations rejects missing auth","revenue-protection","2026-09-15","failed","2026-09-15","Aberrations rejects missing auth","Revenue Protection — Aberrations Auth Negative","aberrations-auth-negative",""
"","951","DTR consumption list — response shape stays the same","dashboard","2026-09-15","passed","2026-09-15","DTR consumption list — response shape stays the same","Dashboard — response shape","dashboard.contract",""
"","882","cannot open without logging in","dashboard","2026-09-15","passed","2026-09-15","cannot open without logging in","Consumers by meter make — cannot open without a valid login","consumeroemdistribution",""
"","237","Organisation hierarchy — field names stay the same","utils-lookup","2026-09-15","passed","2026-09-15","Organisation hierarchy — field names stay the same","Utils lookup — contract snapshots","utils-lookup.contract",""
"","1912","Billing history — last 12 months of bills","consumers","2026-09-15","passed","2026-09-15","Billing history — last 12 months of bills","Billing history","billinghistory",""
"","7293","Day and Night — Night consumption <= 10% of Day consumption: first and last page have no duplicate meters","commericial-analysis","2026-09-15","passed","2026-09-15","Day and Night — first and last page have no duplicate meters › Day and Night — Night consumption <= 10% of Day consumption: first and last page have no duplicate meters","Day and Night consumption report","daynight",""
"","1137","Missing Authorization returns 401","meter-replacement","2026-09-15","passed","2026-09-15","Missing Authorization returns 401","Meter Replacement Submission Detail API — Auth Negative","submission-detail-negative",""
"","20","Saved example — DTRs that are ON empty page","dashboard","2026-09-15","passed","2026-09-15","Saved example — DTRs that are ON empty page","Dashboard — DTR power on/off list","dtrpowerstatusdetails",""
"","236","IND-RPT-ATZ-NEG-003 — NoSQL-style injection in year","revenue-protection","2026-09-15","passed","2026-09-15","IND-RPT-ATZ-NEG-003 — NoSQL-style injection in year","Revenue Protection — ATR Zone Negative","atr-zone.negative",""
"","238","Urgency level 4 events — an invalid time range is rejected","mis-dashboard","2026-09-15","passed","2026-09-15","Urgency level 4 events — an invalid time range is rejected","Urgency level events","eventpriority",""
"","1115","Consumption Pattern — 100 unit kwh from Last Three months continuous: report opens and usage follows the rule","commericial-analysis","2026-09-15","passed","2026-09-15","Consumption Pattern — 100 unit kwh from Last Three months continuous: report opens and usage follows the rule","Consumption Pattern report","consumptionpattern",""
"","1891","DTR summary cards — daily view loads","dashboard","2026-09-15","passed","2026-09-15","DTR summary cards — daily view loads","Dashboard — DTR summary cards","dtrsummary",""
"","1250","DTR event detail — a page past the last page shows no records","reports","2026-09-15","passed","2026-09-15","DTR event detail — a page past the last page shows no records","DTR event detail report","dtreventdetail",""
"","249","GET /users/audit-logs — invalid sort returns 400","users-admin","2026-09-15","passed","2026-09-15","GET /users/audit-logs — invalid sort returns 400","User Admin — Negative","useradmin-negative",""
"","1049","Event list — extra unused options are ignored","consumers","2026-09-15","passed","2026-09-15","Event list — extra unused options are ignored","Event list","eventloglist",""
"","924","Hourly consumption — first page may be empty when there are no hourly readings","consumption","2026-09-15","passed","2026-09-15","Hourly consumption — first page may be empty when there are no hourly readings","Hourly consumption list","hourlyconsumption",""
"","234","IND-REV-ABE-EEN-AUTH-002 — Invalid bearer token","revenue-protection","2026-09-15","passed","2026-09-15","IND-REV-ABE-EEN-AUTH-002 — Invalid bearer token","Revenue Protection — Aberration Entry EENLTMT Auth Negative","aberration-entry.auth",""
"","310","Urgency level 4 events — week by week, all meters","mis-dashboard","2026-09-15","passed","2026-09-15","Urgency level 4 events — week by week, all meters","Urgency level events","eventpriority",""
"","977","Billing MD snapshot — showing 1 per page still lists a meter","reports","2026-09-15","passed","2026-09-15","Billing MD snapshot — showing 1 per page still lists a meter","Billing MD snapshot report","billingmdsnapshot",""
"","2727","Connect and disconnect by month — last six months, each month listed once","overall-dashboard","2026-09-15","passed","2026-09-15","Connect and disconnect by month — last six months, each month listed once","Connect and disconnect by month","disconnectiondetails",""
"","1","Non-numeric organisationLookupId is rejected","revenue-protection","2026-09-15","skipped","2026-09-15","Non-numeric organisationLookupId is rejected","Revenue Protection — Aberrations Negative","aberrations-negative",""
"","238","Power problems — an invalid grouping is rejected","mis-dashboard","2026-09-15","passed","2026-09-15","Power problems — an invalid grouping is rejected","Power problems","eventdatapower",""
"","2","IND-ROL-DB-001 — scaffold DB coverage","role-permissions","2026-09-15","skipped","2026-09-15","IND-ROL-DB-001 — scaffold DB coverage","ROLE-PERMISSIONS — DB Coverage","role-permissions.db",""
"","245","Events that did not roll over — consumer and DTR stay within all meters","mis-dashboard","2026-09-15","passed","2026-09-15","Events that did not roll over — consumer and DTR stay within all meters","Events that did not roll over","eventdatanonrollover",""
"","1834","Billing history — negative month limit is rejected","consumers","2026-09-15","passed","2026-09-15","Billing history — negative month limit is rejected","Billing history","billinghistory",""
"","528","Urgency level 1 events — day by day, all meters","mis-dashboard","2026-09-15","passed","2026-09-15","Urgency level 1 events — day by day, all meters","Urgency level events","eventpriority",""
"","500","Current problems — dtrs is treated as DTR meters","mis-dashboard","2026-09-15","passed","2026-09-15","Current problems — dtrs is treated as DTR meters","Current problems","eventdatacurrent",""
"","242","Event classifications — field names stay the same","utils-lookup","2026-09-15","passed","2026-09-15","Event classifications — field names stay the same","Utils lookup — contract snapshots","utils-lookup.contract",""
"","1372","DTR power on/off list — response shape stays the same","dashboard","2026-09-15","passed","2026-09-15","DTR power on/off list — response shape stays the same","Dashboard — response shape","dashboard.contract",""
"","3113","Consumer list — showing 10 per page returns at most 10 records","master-data","2026-09-15","passed","2026-09-15","Consumer list — showing 10 per page returns at most 10 records","Master data — consumer list","consumer-master",""
"","1809","Min-max voltage count — missing month is rejected","reports","2026-09-15","passed","2026-09-15","Min-max voltage count — missing month is rejected","Min-max voltage count","minmaxvoltagecount",""
"","1136","Meter transaction events — both is treated as all meters","mis-dashboard","2026-09-15","passed","2026-09-15","Meter transaction events — both is treated as all meters","Meter transaction events","eventdatatransaction",""
"","239","Urgency level 2 events — organisation 0 is rejected","mis-dashboard","2026-09-15","passed","2026-09-15","Urgency level 2 events — organisation 0 is rejected","Urgency level events","eventpriority",""
"","26","Saved example — zero bills / null avgImprovement","dashboard","2026-09-15","passed","2026-09-15","Saved example — zero bills / null avgImprovement","Dashboard — revenue subsidy (power factor)","revenuesubsidypf",""
"","234","Pattern consumption — an unknown pattern type is rejected","consumption","2026-09-15","passed","2026-09-15","Pattern consumption — an unknown pattern type is rejected","Consumption API — Negative","consumption-negative",""
"","453","Meter transaction events — by meter type, hour by hour, all meters","mis-dashboard","2026-09-15","passed","2026-09-15","Meter transaction events — by meter type, hour by hour, all meters","Meter transaction events","eventdatatransaction",""
"","233","Event summary — saved screen shape","mis-dashboard","2026-09-15","passed","2026-09-15","Event summary — saved screen shape","Saved screen shape","mis-dashboard.contract",""
"","244","Daily talking chart — one day only still opens","mis-dashboard","2026-09-15","passed","2026-09-15","Daily talking chart — one day only still opens","Daily talking chart","communication-trend",""
"","341","Power problems — by consumer category, week by week, DTR meters only","mis-dashboard","2026-09-15","passed","2026-09-15","Power problems — by consumer category, week by week, DTR meters only","Power problems","eventdatapower",""
"","734","POST /permissions/modules/:id/permissions — invalid key (no dot) returns 400","modules-permissions","2026-09-15","passed","2026-09-15","POST /permissions/modules/:id/permissions — invalid key (no dot) returns 400","Module Permission — Negative","modulepermission-negative",""
"","979","Energy flow chart — extra unused options are ignored","consumers","2026-09-15","passed","2026-09-15","Energy flow chart — extra unused options are ignored","Energy flow chart","energyflow",""
"","1448","Urgency level 5 events — extra unused options are ignored","mis-dashboard","2026-09-15","passed","2026-09-15","Urgency level 5 events — extra unused options are ignored","Urgency level events","eventpriority",""
"","1816","DTR billing — missing toDate is rejected","reports","2026-09-15","passed","2026-09-15","DTR billing — missing toDate is rejected","DTR billing report","dtrbilling",""
"","1879","Overview — KPI cards show (zeros still count as available)","reports","2026-09-15","passed","2026-09-15","Overview — KPI cards show (zeros still count as available)","Reports overview","overview",""
"","101","Saved example — yearly populated on/off buckets (10 Jul 2026)","dashboard","2026-09-15","passed","2026-09-15","Saved example — yearly populated on/off buckets (10 Jul 2026)","Dashboard — DTR power on/off","dtrpowerstatus",""
"","26","Saved example — derived avgImprovement / Cr consistency","dashboard","2026-09-15","passed","2026-09-15","Saved example — derived avgImprovement / Cr consistency","Dashboard — revenue subsidy (power factor)","revenuesubsidypf",""
"","1195","Live load — opens using the meter","consumers","2026-09-15","passed","2026-09-15","Live load — opens using the meter","Live load","liveloadprofile",""
"","902","IND-REV-ABE-ENTRY-AUTH-003 — Unsupported HTTP method","revenue-protection","2026-09-15","passed","2026-09-15","IND-REV-ABE-ENTRY-AUTH-003 — Unsupported HTTP method","Revenue Protection — Aberration Entry Auth Negative","aberration-entry.auth",""
"","14210","Boundary integer consumer ids do not 500","meter-replacement","2026-09-15","passed","2026-09-15","Boundary integer consumer ids do not 500","Meter Replacement Consumer Detail API — Negative & Edge","consumer-detail-negative",""
"","242","IND-RPT-ATZ-NEG-006 — limit=0 is rejected","revenue-protection","2026-09-15","passed","2026-09-15","IND-RPT-ATZ-NEG-006 — limit=0 is rejected","Revenue Protection — ATR Zone Negative","atr-zone.negative",""
"","236","Urgency level 2 events — a blank time range is rejected","mis-dashboard","2026-09-15","passed","2026-09-15","Urgency level 2 events — a blank time range is rejected","Urgency level events","eventpriority",""
"","927","Power quality — shown for the consumer","consumers","2026-09-15","passed","2026-09-15","Power quality — shown for the consumer","Power quality","powerquality",""
"","1725","Meter communication — status for a chosen date","consumers","2026-09-15","passed","2026-09-15","Meter communication — status for a chosen date","Meter communication","communicationstatus",""
"","237","Power problems — network 0 is rejected","mis-dashboard","2026-09-15","passed","2026-09-15","Power problems — network 0 is rejected","Power problems","eventdatapower",""
"","42","Saved example — balanced OpenAPI sample (total 295)","dashboard","2026-09-15","passed","2026-09-15","Saved example — balanced OpenAPI sample (total 295)","Dashboard — DTR voltage unbalance list","dtrvoltageunbalancedetails",""
"","2036","Billing history — last 6 months of bills","consumers","2026-09-15","passed","2026-09-15","Billing history — last 6 months of bills","Billing history","billinghistory",""
"","241","What kinds of events happened — network 0 is rejected","mis-dashboard","2026-09-15","passed","2026-09-15","What kinds of events happened — network 0 is rejected","What kinds of events happened","event-classification",""
"","13075","Validate BILLING loss analysis","energy-audits","2026-09-15","failed","2026-09-15","Energy Audit Loss Analysis — Feeder › Validate BILLING loss analysis","loss-analysis.harness.ts","modules/ENERGY-AUDITS/tests/loss-analysis-feeder",""
"","1439","Validate GET /commands/history — page 2 hasPreviousPage","hes-commands","2026-09-15","passed","2026-09-15","Validate GET /commands/history — page 2 hasPreviousPage","HES Commands — History","commands-history",""
"","235","Validate POST /commands/meter-alarms — invalid count returns error","hes-commands","2026-09-15","passed","2026-09-15","Validate POST /commands/meter-alarms — invalid count returns error","HES Commands — Meter Alarms","commands-meter-alarms",""
"","1643","GET /asset-management/dtr/:id — unknown DTR returns 404","asset-management","2026-09-15","passed","2026-09-15","GET /asset-management/dtr/:id — unknown DTR returns 404","Asset Management — Negative","asset-management-negative",""
"","1","IND-REV-ABE-EEN-006 — Fetch EENLTMT Aberration Entry pagination (page 2, limit 2)","revenue-protection","2026-09-15","skipped","2026-09-15","IND-REV-ABE-EEN-006 — Fetch EENLTMT Aberration Entry pagination (page 2, limit 2)","Revenue Protection — Aberration Entry EENLTMT API","aberration-entry-eenltmt",""
"","1114","Meter transaction events — by meter type, week by week, all meters","mis-dashboard","2026-09-15","passed","2026-09-15","Meter transaction events — by meter type, week by week, all meters","Meter transaction events","eventdatatransaction",""
"","897","Can this meter serial be added? — a new serial is allowed","master-data","2026-09-15","passed","2026-09-15","Can this meter serial be added? — a new serial is allowed","Master data — can this meter serial be added?","validate-add-meter",""
"","1370","Daily talking chart — live=1 still opens","mis-dashboard","2026-09-15","passed","2026-09-15","Daily talking chart — live=1 still opens","Daily talking chart","communication-trend",""
"","480","Urgency level 3 events — a missing time range falls back to day by day","mis-dashboard","2026-09-15","passed","2026-09-15","Urgency level 3 events — a missing time range falls back to day by day","Urgency level events","eventpriority",""
"","527","Urgency level 3 events — day by day, all meters","mis-dashboard","2026-09-15","passed","2026-09-15","Urgency level 3 events — day by day, all meters","Urgency level events","eventpriority",""
"","908","Live voltage and current — extra unused options are ignored","consumers","2026-09-15","passed","2026-09-15","Live voltage and current — extra unused options are ignored","Live voltage and current","realtimepower",""
"","2740","Validate BILLING loss analysis","energy-audits","2026-09-15","failed","2026-09-15","Energy Audit Loss Analysis — DTR › Validate BILLING loss analysis","loss-analysis.harness.ts","modules/ENERGY-AUDITS/tests/loss-analysis-dtr",""
"","234","Power problems — organisation 0 is rejected","mis-dashboard","2026-09-15","passed","2026-09-15","Power problems — organisation 0 is rejected","Power problems","eventdatapower",""
"","1340","Voltage problems — by meter type, month by month, all meters","mis-dashboard","2026-09-15","passed","2026-09-15","Voltage problems — by meter type, month by month, all meters","Voltage problems","eventdatavoltage",""
"","247","Urgency level 6 events — consumer and DTR stay within all meters","mis-dashboard","2026-09-15","passed","2026-09-15","Urgency level 6 events — consumer and DTR stay within all meters","Urgency level events","eventpriority",""
"","54073","Consumption Compare (Last Month) — first and last page have no duplicate meters","commericial-analysis","2026-09-15","passed","2026-09-15","Consumption Compare (Last Month) — first and last page have no duplicate meters › Consumption Compare (Last Month) — first and last page have no duplicate meters","Consumption Compare report","consumptioncompare",""
"","32","Sample feeders — name, status, and last talk-to-system time","dtrs","2026-09-15","passed","2026-09-15","Sample feeders — name, status, and last talk-to-system time","DTR feeders","dtrfeeders",""
"","491","Urgency level 4 events — day by day, DTR meters only","mis-dashboard","2026-09-15","passed","2026-09-15","Urgency level 4 events — day by day, DTR meters only","Urgency level events","eventpriority",""
"","261","Event summary — by urgency, hour by hour, consumer meters only","mis-dashboard","2026-09-15","passed","2026-09-15","Event summary — by urgency, hour by hour, consumer meters only","Event summary","eventdata",""
"","2816","Billing history — full bill list for the consumer","consumers","2026-09-15","passed","2026-09-15","Billing history — full bill list for the consumer","Billing history","billinghistory",""
"","1177","DTR communication — unknown query params are ignored","reports","2026-09-15","passed","2026-09-15","DTR communication — unknown query params are ignored","DTR communication report","dtrcommunication",""
"","14","Ip=0 & In!=0 report — first and last page have no duplicate meters","technical-analysis","2026-09-15","skipped","2026-09-15","Technical report — first and last page have no duplicate meters › Ip=0 & In!=0 report — first and last page have no duplicate meters","Technical report","technicalanalysis",""
"","227","Day and Night — cannot open the report with an invalid login token","commericial-analysis","2026-09-15","passed","2026-09-15","Day and Night — cannot open the report with an invalid login token","Commercial Analysis — cannot open reports without a valid login","commercial-auth-negative",""
"","1921","Feeder profile — cannot open with an invalid login token","feeder","2026-09-15","passed","2026-09-15","Feeder profile — cannot open with an invalid login token","Feeder screens — cannot open without a valid login","feeder-auth",""
"","9519","Validate Organisation Hierarchy API","asset-management","2026-09-15","passed","2026-09-15","Validate Organisation Hierarchy API","Organisation Hierarchy API","organizationhierarchy",""
"","1","IND-REV-ABE-ENTRY-DB-002 — Sampled rows match DB","revenue-protection","2026-09-15","skipped","2026-09-15","IND-REV-ABE-ENTRY-DB-002 — Sampled rows match DB","Revenue Protection — Aberration Entry DB cross-validation","aberration-entry.db",""
"","1842","DTR statistic cards — load, energy, consumers, and status","dtrs","2026-09-15","passed","2026-09-15","DTR statistic cards — load, energy, consumers, and status","DTR statistic cards","dtrstatistics",""
"","1267","Min-max voltage — unknown query params are ignored","reports","2026-09-15","passed","2026-09-15","Min-max voltage — unknown query params are ignored","Min-max voltage report","minmaxvoltage",""
"","1307","Talking vs not talking overview — DTR meters only","mis-dashboard","2026-09-15","passed","2026-09-15","Talking vs not talking overview — DTR meters only","Talking vs not talking overview","communication-overview",""
"","1956","Yearly pattern — a page far past the end of the list is empty","consumption","2026-09-15","passed","2026-09-15","Yearly pattern — a page far past the end of the list is empty","Consumption API — Edge","consumption-edge",""
"","2276","Min-max voltage count — Oct 2025 min Y returns a total","reports","2026-09-15","passed","2026-09-15","Min-max voltage count — Oct 2025 min Y returns a total","Min-max voltage count","minmaxvoltagecount",""
"","45","Billing MD snapshot — empty page fixture","reports","2026-09-15","passed","2026-09-15","Billing MD snapshot — empty page fixture","Billing MD snapshot report","billingmdsnapshot",""
"","1488","DTR power on/off chart — extra unused filters are ignored","dashboard","2026-09-15","failed","2026-09-15","DTR power on/off chart — extra unused filters are ignored","Dashboard — DTR power on/off","dtrpowerstatus",""
"","2","IND-REV-ABE-EEN-003 — Fetch EENLTMT Aberration Entry using only year","revenue-protection","2026-09-15","skipped","2026-09-15","IND-REV-ABE-EEN-003 — Fetch EENLTMT Aberration Entry using only year","Revenue Protection — Aberration Entry EENLTMT API","aberration-entry-eenltmt",""
"","1137","GET /asset-management/network-hierarchy — without auth returns 401","asset-management","2026-09-15","passed","2026-09-15","GET /asset-management/network-hierarchy — without auth returns 401","Asset Management — Auth Negative","asset-management-negative",""
"","77","Overview — zero KPI fixture","reports","2026-09-15","passed","2026-09-15","Overview — zero KPI fixture","Reports overview","overview",""
"","257","What kinds of events happened — by consumer category, unknown meter kind is treated as all","mis-dashboard","2026-09-15","passed","2026-09-15","What kinds of events happened — by consumer category, unknown meter kind is treated as all","What kinds of events happened","event-classification",""
"","66","Consumption chart — sample: monthly usage","consumers","2026-09-15","passed","2026-09-15","Consumption chart — sample: monthly usage","Consumption chart","energyconsumptiongraph",""
"","63","Saved example — daily null communicating/non-communicating buckets (10 Jul 2026)","dashboard","2026-09-15","passed","2026-09-15","Saved example — daily null communicating/non-communicating buckets (10 Jul 2026)","Dashboard — DTR communication","dtrcommunication",""
"","2284","DTR consumption chart — hourly view loads","dashboard","2026-09-15","passed","2026-09-15","DTR consumption chart — hourly view loads","Dashboard — DTR consumption","dtrconsumption",""
"","1164","Event report — page 2 continues serial numbers without duplicates","reports","2026-09-15","passed","2026-09-15","Event report — page 2 continues serial numbers without duplicates","Event report","eventreport",""
"","1310","Daily talking chart — a negative organisation is rejected","mis-dashboard","2026-09-15","passed","2026-09-15","Daily talking chart — a negative organisation is rejected","Daily talking chart","communication-trend",""
"","963","Organisation search — default limit returns records","utils-lookup","2026-09-15","passed","2026-09-15","UTILS-LOOKUP › utils › lookup-catalog.harness.ts › Organisation search › Organisation search — default limit returns records","indoore_backend_testing","modules/UTILS-LOOKUP/tests/searchorganization",""
"","1203","Daily consumption — a page far past the end of the list is empty","consumption","2026-09-15","passed","2026-09-15","Daily consumption — a page far past the end of the list is empty","Consumption API — Edge","consumption-edge",""
"","991","Power quality — screen shape is unchanged","consumers","2026-09-15","passed","2026-09-15","Power quality — screen shape is unchanged","Consumers — screen shape checks","consumers.contract",""
"","892","Consumption report rejects disallowed methods","consumption","2026-09-15","passed","2026-09-15","Consumption report rejects disallowed methods","Consumption API — Auth Negative","consumption-auth-negative",""
"","5811","How many events by urgency — saved screen shape","mis-dashboard","2026-09-15","passed","2026-09-15","How many events by urgency — saved screen shape","Saved screen shape","mis-dashboard.contract",""
"","3152","events — list shows ids and names","utils-lookup","2026-09-15","passed","2026-09-15","UTILS-LOOKUP › utils › lookup-catalog.harness.ts › Events › events — list shows ids and names","indoore_backend_testing","modules/UTILS-LOOKUP/tests/event",""
"","2257","Min-max voltage — Oct 2025 min B first page shows columns and meters","reports","2026-09-15","passed","2026-09-15","Min-max voltage — Oct 2025 min B first page shows columns and meters","Min-max voltage report","minmaxvoltage",""
"","241","Feeder voltage and current — the field list still matches what we saved","feeder","2026-09-15","passed","2026-09-15","Feeder voltage and current — the field list still matches what we saved","Feeder — saved field lists","feeder.contract",""
"","2122","DTR communication list — meters that are not communicating","dashboard","2026-09-15","passed","2026-09-15","DTR communication list — meters that are not communicating","Dashboard — DTR communication list","dtrcommunicationdetails",""
"","1785","Voltage Missing report — first page shows columns and meters","technical-analysis","2026-09-15","passed","2026-09-15","Voltage Missing report — first page shows columns and meters","Technical report","technicalanalysis",""
"","931","DTR voltage unbalance list — severely unbalanced DTRs","dashboard","2026-09-15","passed","2026-09-15","DTR voltage unbalance list — severely unbalanced DTRs","Dashboard — DTR voltage unbalance list","dtrvoltageunbalancedetails",""
"","928","IND-RPT-ABE-EEN-CONTRACT-001 — Aberration Entry EENLTMT columns contract snapshot","revenue-protection","2026-09-15","failed","2026-09-15","IND-RPT-ABE-EEN-CONTRACT-001 — Aberration Entry EENLTMT columns contract snapshot","Revenue Protection — Aberration Entry EENLTMT Contract Snapshot","aberration-entry-eenltmt.contract",""
"","897","DTR billing — page 0 is rejected (page must start at 1)","reports","2026-09-15","passed","2026-09-15","DTR billing — page 0 is rejected (page must start at 1)","DTR billing report","dtrbilling",""
"","352","How meters are talking — from_date and to_date still work","mis-dashboard","2026-09-15","passed","2026-09-15","How meters are talking — from_date and to_date still work","How meters are talking","communication",""
"","894","DTR energy over time — an unknown time grouping is not allowed","dtrs","2026-09-15","passed","2026-09-15","DTR energy over time — an unknown time grouping is not allowed","DTR energy over time","dtrdailythresholdchart",""
"","62001","Feeder list — a smaller page size shows fewer records","master-data","2026-09-15","passed","2026-09-15","Feeder list — a smaller page size shows fewer records","Master data — feeder list","feeder-master",""
"","1862","Consumption chart — blank consumer number is rejected","consumers","2026-09-15","passed","2026-09-15","Consumption chart — blank consumer number is rejected","Consumption chart","energyconsumptiongraph",""
"","948","Consumption chart — extra unused options are ignored","consumers","2026-09-15","passed","2026-09-15","Consumption chart — extra unused options are ignored","Consumption chart","energyconsumptiongraph",""
"","881","cannot open without logging in","dashboard","2026-09-15","passed","2026-09-15","cannot open without logging in","Consumers by meter phase — cannot open without a valid login","consumerphasedistribution",""
"","314","DTR billing — column and field names stay the same","reports","2026-09-15","passed","2026-09-15","DTR billing — column and field names stay the same","Reports — contract snapshots","reports.contract",""
"","2598","How meters are talking — missing end date uses the start date","mis-dashboard","2026-09-15","passed","2026-09-15","How meters are talking — missing end date uses the start date","How meters are talking","communication",""
"","62465","Feeder list — an empty search shows the full list","master-data","2026-09-15","passed","2026-09-15","Feeder list — an empty search shows the full list","Master data — feeder list","feeder-master",""
"","1","Urgency level 5 events — hour by hour","mis-dashboard","2026-09-15","skipped","2026-09-15","Urgency level 5 events — hour by hour","Urgency level 5 events","eventpriority5",""
"","256","Urgency today versus yesterday — both is treated as all meters","mis-dashboard","2026-09-15","passed","2026-09-15","Urgency today versus yesterday — both is treated as all meters","Urgency today versus yesterday","eventpriorityoverview",""
"","1693","DTR feeders — a blank transformer code is not allowed","dtrs","2026-09-15","passed","2026-09-15","DTR feeders — a blank transformer code is not allowed","DTR feeders","dtrfeeders",""
"","5347","Earth Loading report — first page shows columns and meters","technical-analysis","2026-09-15","passed","2026-09-15","Earth Loading report — first page shows columns and meters","Technical report","technicalanalysis",""
"","955","DTR feeders — a second transformer still shows its feeders","dtrs","2026-09-15","passed","2026-09-15","DTR feeders — a second transformer still shows its feeders","DTR feeders","dtrfeeders",""
"","1","Urgency level 3 events — day by day","mis-dashboard","2026-09-15","skipped","2026-09-15","Urgency level 3 events — day by day","Urgency level 3 events","eventpriority3",""
"","27","Saved example — all DTRs Balanced","dashboard","2026-09-15","passed","2026-09-15","Saved example — all DTRs Balanced","Dashboard — DTR load unbalance","dtrloadunbalance",""
"","355","How meters are talking — extra unused options are ignored","mis-dashboard","2026-09-15","passed","2026-09-15","How meters are talking — extra unused options are ignored","How meters are talking","communication",""
"","252","Event summary — both is treated as all meters","mis-dashboard","2026-09-15","passed","2026-09-15","Event summary — both is treated as all meters","Event summary","eventdata",""
"","768","GET /auth/me — without authentication returns 401","auth","2026-09-15","passed","2026-09-15","GET /auth/me — without authentication returns 401","Auth Session — Negative","auth-session-negative",""
"","236","Pattern consumption — month zero is rejected","consumption","2026-09-15","passed","2026-09-15","Pattern consumption — month zero is rejected","Consumption API — Negative","consumption-negative",""
"","229","Pattern consumption rejects missing auth","consumption","2026-09-15","passed","2026-09-15","Pattern consumption rejects missing auth","Consumption API — Auth Negative","consumption-auth-negative",""
"","966","DTR event — showing 1 per page returns at most 1 record","reports","2026-09-15","passed","2026-09-15","DTR event — showing 1 per page returns at most 1 record","DTR event report","dtrevent",""
"","1267","Urgency level 5 events — month by month, DTR meters only","mis-dashboard","2026-09-15","passed","2026-09-15","Urgency level 5 events — month by month, DTR meters only","Urgency level events","eventpriority",""
"","240","Urgency level 4 events — consumer and DTR stay within all meters","mis-dashboard","2026-09-15","passed","2026-09-15","Urgency level 4 events — consumer and DTR stay within all meters","Urgency level events","eventpriority",""
"","1795","Nearby accounts — empty account number is rejected","consumers","2026-09-15","passed","2026-09-15","Nearby accounts — empty account number is rejected","Nearby accounts","nearestaccountids",""
"","1814","cannot open with an expired login token","dashboard","2026-09-15","passed","2026-09-15","cannot open with an expired login token","DTR load unbalance list — cannot open without a valid login","dtrloadunbalancedetails",""
"","38","Sample events — page two numbering continues from page one","dtrs","2026-09-15","passed","2026-09-15","Sample events — page two numbering continues from page one","DTR events","dtrevents",""
"","290","Event summary — by urgency, hour by hour, all meters","mis-dashboard","2026-09-15","passed","2026-09-15","Event summary — by urgency, hour by hour, all meters","Event summary","eventdata",""
"","1986","PATCH /users/:id/status — suspend then restore active","users-admin","2026-09-15","passed","2026-09-15","PATCH /users/:id/status — suspend then restore active","User Admin — Advanced","useradmin-advanced",""
"","501","Urgency level 5 events — day by day, consumer meters only","mis-dashboard","2026-09-15","passed","2026-09-15","Urgency level 5 events — day by day, consumer meters only","Urgency level events","eventpriority",""
"","247","GET /asset-management/network-hierarchy — unknown rootId returns 404 or empty scoped tree","asset-management","2026-09-15","passed","2026-09-15","GET /asset-management/network-hierarchy — unknown rootId returns 404 or empty scoped tree","Asset Management — Negative","asset-management-negative",""
"","233","Pattern consumption — page zero is rejected","consumption","2026-09-15","passed","2026-09-15","Pattern consumption — page zero is rejected","Consumption API — Negative","consumption-negative",""
"","228","IND-REV-ABE-IVRS-AUTH-002 — PATCH with invalid bearer token","revenue-protection","2026-09-15","passed","2026-09-15","IND-REV-ABE-IVRS-AUTH-002 — PATCH with invalid bearer token","Revenue Protection — Aberration Entry By IVRS Auth Negative","aberration-entry-by-ivrs.auth",""
"","959","Urgency level 2 events — an invalid time range is rejected","mis-dashboard","2026-09-15","passed","2026-09-15","Urgency level 2 events — an invalid time range is rejected","Urgency level events","eventpriority",""
"","1598","Validate feeder hourly loss report","energy-audits","2026-09-15","passed","2026-09-15","Energy Audit Hourly Loss Report — Feeder › Validate feeder hourly loss report","hourly-loss-report.harness.ts","modules/ENERGY-AUDITS/tests/hourly-loss-report-feeder",""
"","2055","IND-RPT-002 — Validate pagination — smaller page size (limit 5)","revenue-protection","2026-09-15","failed","2026-09-15","IND-RPT-002 — Validate pagination — smaller page size (limit 5)","Revenue Protection — Cases Detail API","cases",""
"","1591","DTR events — search box text is accepted","dtrs","2026-09-15","passed","2026-09-15","DTR events — search box text is accepted","DTR events","dtrevents",""
"","1794","Can this meter be given to a consumer? — a different office is still handled safely","consumers","2026-09-15","passed","2026-09-15","Can this meter be given to a consumer? — a different office is still handled safely","Can this meter be given to a consumer?","validatemeter",""
"","0","IND-REV-ABE-IVRS-EDGE-002 — GET by IVRS is not registered (Expect Express 404)","revenue-protection","2026-09-15","skipped","2026-09-15","IND-REV-ABE-IVRS-EDGE-002 — GET by IVRS is not registered (Expect Express 404)","Revenue Protection — Aberration Entry By IVRS Edge","aberration-entry-by-ivrs.edge",""
"","2160","IND-RPT-001 — Validate GET /indore/revenue-protection/aberrations/detail — default page (JAN 2026)","revenue-protection","2026-09-15","failed","2026-09-15","IND-RPT-001 — Validate GET /indore/revenue-protection/aberrations/detail — default page (JAN 2026)","Revenue Protection — Cases Detail API","cases",""
"","1881","Consumer report — missing report type still returns the LS grid","reports","2026-09-15","passed","2026-09-15","Consumer report — missing report type still returns the LS grid","Consumer report","consumerreport",""
"","13","IND-REV-ABE-IVRS-DB-002 — Unknown IVRS has zero DB rows","revenue-protection","2026-09-15","skipped","2026-09-15","IND-REV-ABE-IVRS-DB-002 — Unknown IVRS has zero DB rows","Revenue Protection — Aberration Entry By IVRS DB cross-validation","aberration-entry-by-ivrs.db",""
"","7","IND-UL-DB-006 — Event classifications COUNT + sample rows match DB","utils-lookup","2026-09-15","skipped","2026-09-15","IND-UL-DB-006 — Event classifications COUNT + sample rows match DB","UTILS-LOOKUP — Catalog DB cross-validation","lookup-catalogs.db",""
"","75","Sample statistic cards — status shows Limited when load is capped","dtrs","2026-09-15","passed","2026-09-15","Sample statistic cards — status shows Limited when load is capped","DTR statistic cards","dtrstatistics",""
"","1022","Consumer report LS — a page past the last page shows no records","reports","2026-09-15","passed","2026-09-15","Consumer report LS — a page past the last page shows no records","Consumer report","consumerreport",""
"","482","Events that did not roll over — by meter type, day by day, DTR meters only","mis-dashboard","2026-09-15","passed","2026-09-15","Events that did not roll over — by meter type, day by day, DTR meters only","Events that did not roll over","eventdatanonrollover",""
"","2467","Consumers by connection status — temporarily disconnected consumers","dashboard","2026-09-15","passed","2026-09-15","Consumers by connection status — temporarily disconnected consumers","Dashboard — consumers by connection status","consumerconnectionstatus",""
"","1311","Event restoration — page 2 continues serial numbers without duplicates","reports","2026-09-15","passed","2026-09-15","Event restoration — page 2 continues serial numbers without duplicates","Event restoration report","eventrestoration",""
"","2155","Mapped vs unmapped meters — the two counts add up to the full fleet","overall-dashboard","2026-09-15","passed","2026-09-15","Mapped vs unmapped meters — the two counts add up to the full fleet","Mapped vs unmapped meters","installationsummary",""
"","988","Feeder voltage and current — cannot open without logging in","feeder","2026-09-15","passed","2026-09-15","Feeder voltage and current — cannot open without logging in","Feeder screens — cannot open without a valid login","feeder-auth",""
"","1750","Power quality — unknown meter is empty or not found","consumers","2026-09-15","passed","2026-09-15","Power quality — unknown meter is empty or not found","Power quality","powerquality",""
"","250","How many meters we have — no dates still opens","mis-dashboard","2026-09-15","passed","2026-09-15","How many meters we have — no dates still opens","How many meters we have","communicationstats",""
"","979","Yearly pattern — leftover unused filters are ignored","consumption","2026-09-15","passed","2026-09-15","Yearly pattern — leftover unused filters are ignored","Consumption API — Edge","consumption-edge",""
"","1854","payment contracts — ids and names are unique","utils-lookup","2026-09-15","passed","2026-09-15","UTILS-LOOKUP › utils › lookup-catalog.harness.ts › Payment contracts › payment contracts — ids and names are unique","indoore_backend_testing","modules/UTILS-LOOKUP/tests/paymentcontract",""
"","13","YNR Earth Loading report — first and last page have no duplicate meters","technical-analysis","2026-09-15","skipped","2026-09-15","Technical report — first and last page have no duplicate meters › YNR Earth Loading report — first and last page have no duplicate meters","Technical report","technicalanalysis",""
"","4963","Day-by-day billing — a page far past the end of the list is empty","billing","2026-09-15","passed","2026-09-15","Day-by-day billing — a page far past the end of the list is empty","Day-by-day billing list","daywisebilling",""
"","241205","Validate POST /indore/meter-replacement/bulk/validate — old and new meter serial must differ","meter-replacement","2026-09-15","broken","2026-09-15","Validate POST /indore/meter-replacement/bulk/validate — old and new meter serial must differ","Bulk Validate Meter Replacement API","bulk-validation",""
"","1865","Validate sent invitations list — status=pending","auth","2026-09-15","passed","2026-09-15","Validate sent invitations list — status=pending","Auth Sent Invitations List API","invite-list",""
"","1844","cannot open with an empty login token","dashboard","2026-09-15","passed","2026-09-15","cannot open with an empty login token","Dashboard overview — cannot open without a valid login","dashboardmetrics",""
"","59","Transformer load — October 2025 sample row matches the live layout","dtr-load","2026-09-15","passed","2026-09-15","Transformer load — October 2025 sample row matches the live layout","Transformer load reports","dtrload",""
"","2007","DTR data — Oct 2025 IP first page shows columns and readings","reports","2026-09-15","passed","2026-09-15","DTR data — Oct 2025 IP first page shows columns and readings","DTR data report","dtrdata",""
"","2310","Validate GET /indore/users/audit-logs — default page (createdAt_desc)","audit-logs","2026-09-15","passed","2026-09-15","Validate GET /indore/users/audit-logs — default page (createdAt_desc)","Audit Logs API","auditlogs",""
"","2820","How many events by urgency — consumer meters only","mis-dashboard","2026-09-15","passed","2026-09-15","How many events by urgency — consumer meters only","How many events by urgency","priority-overview",""
"","1176","Other events — both is treated as all meters","mis-dashboard","2026-09-15","passed","2026-09-15","Other events — both is treated as all meters","Other events","eventdataother",""
"","259","How many events by urgency — no dates uses today","mis-dashboard","2026-09-15","passed","2026-09-15","How many events by urgency — no dates uses today","How many events by urgency","priority-overview",""
"","1238","Monthly Net Meter Contract Snapshot","consumption","2026-09-15","passed","2026-09-15","Monthly Net Meter Contract Snapshot","CONSUMPTION — Contract Snapshots","consumption.contract",""
"","2496","DTR loading list — high-load DTRs","dashboard","2026-09-15","passed","2026-09-15","DTR loading list — high-load DTRs","Dashboard — DTR loading list","dtrpercentageloadingdetails",""
"","236","Current problems — organisation 0 is rejected","mis-dashboard","2026-09-15","passed","2026-09-15","Current problems — organisation 0 is rejected","Current problems","eventdatacurrent",""
"","3658","Consumer report LS — first page shows columns and intervals","reports","2026-09-15","passed","2026-09-15","Consumer report LS — first page shows columns and intervals","Consumer report","consumerreport",""
"","5163","Meter list — a page past the last page shows no records","master-data","2026-09-15","passed","2026-09-15","Meter list — a page past the last page shows no records","Master data — meter list","meter-master",""
"","236","How many events by urgency — start date after end date is rejected","mis-dashboard","2026-09-15","passed","2026-09-15","How many events by urgency — start date after end date is rejected","How many events by urgency","priority-overview",""
"","659","Validate POST /commands/meter-samples — paginated startId","hes-commands","2026-09-15","passed","2026-09-15","Validate POST /commands/meter-samples — paginated startId","HES Commands — Meter Samples","commands-meter-samples",""
"","35097","Full module coverage — hierarchies, pagination, counts, cross-API alignment","asset-management","2026-09-15","failed","2026-09-15","Full module coverage — hierarchies, pagination, counts, cross-API alignment","Asset Management — Production Coverage","asset-management-coverage",""
"","1451","Can this meter be put on a DTR? — a meter that is already on a consumer is rejected","master-data","2026-09-15","passed","2026-09-15","Can this meter be put on a DTR? — a meter that is already on a consumer is rejected","Master data — can this meter be put on a DTR?","validate-dtr-meter",""
"","302","Current problems — by meter type, week by week, consumer meters only","mis-dashboard","2026-09-15","passed","2026-09-15","Current problems — by meter type, week by week, consumer meters only","Current problems","eventdatacurrent",""
"","1764","DTR load unbalance list — moderately unbalanced DTRs","dashboard","2026-09-15","passed","2026-09-15","DTR load unbalance list — moderately unbalanced DTRs","Dashboard — DTR load unbalance list","dtrloadunbalancedetails",""
"","3955","How meters are talking — live view still opens","mis-dashboard","2026-09-15","passed","2026-09-15","How meters are talking — live view still opens","How meters are talking","communication",""
"","1040","consumer categories — list shows ids and names","utils-lookup","2026-09-15","passed","2026-09-15","UTILS-LOOKUP › utils › lookup-catalog.harness.ts › Consumer categories › consumer categories — list shows ids and names","indoore_backend_testing","modules/UTILS-LOOKUP/tests/consumercategory",""
"","2509","Organisation Hierarchy","asset-management","2026-09-15","passed","2026-09-15","Organisation Hierarchy","Asset Management Contract Snapshots","asset-management.contract",""
"","964","Billing history — blank consumer number is rejected","consumers","2026-09-15","passed","2026-09-15","Billing history — blank consumer number is rejected","Billing history","billinghistory",""
"","2274","Current without voltage — missing phase falls back to R","reports","2026-09-15","passed","2026-09-15","Current without voltage — missing phase falls back to R","Current without voltage report","currentwithoutvoltage",""
"","1321","Transformer load — first page lists how heavily each transformer is loaded","dtr-load","2026-09-15","passed","2026-09-15","Transformer load — first page lists how heavily each transformer is loaded","Transformer load reports","dtrload",""
"","73","Energy flow chart — sample: daily points","consumers","2026-09-15","passed","2026-09-15","Energy flow chart — sample: daily points","Energy flow chart","energyflow",""
"","264","DTR event — column and field names stay the same","reports","2026-09-15","passed","2026-09-15","DTR event — column and field names stay the same","Reports — contract snapshots","reports.contract",""
"","1212","Consumer profile — details open using the meter","consumers","2026-09-15","passed","2026-09-15","Consumer profile — details open using the meter","Consumer profile","consumerprofile",""
"","244","Urgency list — a blank urgency level still shows the comparison","mis-dashboard","2026-09-15","passed","2026-09-15","Urgency list — a blank urgency level still shows the comparison","Unusual or invalid requests","mis-dashboard.edges",""
"","314","Current problems — by meter type, week by week, all meters","mis-dashboard","2026-09-15","passed","2026-09-15","Current problems — by meter type, week by week, all meters","Current problems","eventdatacurrent",""
"","1","Validate GET /users/:id — user detail","users-admin","2026-09-15","skipped","2026-09-15","Validate GET /users/:id — user detail","User Admin — List","useradmin-list",""
"","247","What kinds of events happened — organisation 0 is rejected","mis-dashboard","2026-09-15","passed","2026-09-15","What kinds of events happened — organisation 0 is rejected","What kinds of events happened","event-classification",""
"","240","GET /auth/devices — without authentication returns 401","auth","2026-09-15","passed","2026-09-15","GET /auth/devices — without authentication returns 401","Auth Session — Negative","auth-session-negative",""
"","3","IND-USE-DB-001 — scaffold DB coverage","users-profile-image","2026-09-15","skipped","2026-09-15","IND-USE-DB-001 — scaffold DB coverage","USERS-PROFILE-IMAGE — DB Coverage","users-profile-image.db",""
"","54","Transformer load — energy-use sample shows a start/end date and a unit","dtr-load","2026-09-15","passed","2026-09-15","Transformer load — energy-use sample shows a start/end date and a unit","Transformer load reports","dtrload",""
"","124","Saved example — hourly null energy buckets (10 Jul 2026)","dashboard","2026-09-15","passed","2026-09-15","Saved example — hourly null energy buckets (10 Jul 2026)","Dashboard — DTR consumption","dtrconsumption",""
"","1125","DTR profile — a second transformer still shows a profile","dtrs","2026-09-15","passed","2026-09-15","DTR profile — a second transformer still shows a profile","DTR profile","dtrprofile",""
"","894","Min-max voltage count — invalid voltageType is rejected","reports","2026-09-15","passed","2026-09-15","Min-max voltage count — invalid voltageType is rejected","Min-max voltage count","minmaxvoltagecount",""
"","892","Event report — fromDate after toDate is rejected","reports","2026-09-15","passed","2026-09-15","Event report — fromDate after toDate is rejected","Event report","eventreport",""
"","1698","Feeder alerts — cannot open with an expired login token","feeder","2026-09-15","passed","2026-09-15","Feeder alerts — cannot open with an expired login token","Feeder screens — cannot open without a valid login","feeder-auth",""
"","263","DTR communication chart — response shape stays the same","dashboard","2026-09-15","passed","2026-09-15","DTR communication chart — response shape stays the same","Dashboard — response shape","dashboard.contract",""
"","1818","Consumer profile — details open using the IVRS number","consumers","2026-09-15","passed","2026-09-15","Consumer profile — details open using the IVRS number","Consumer profile","consumerprofile",""
"","1","IND-RPT-NEG-014 — organisationLookupId does not bypass JWT data scope","revenue-protection","2026-09-15","skipped","2026-09-15","IND-RPT-NEG-014 — organisationLookupId does not bypass JWT data scope","Revenue Protection — Cases Negative","cases-negative",""
"","21","Event summary — sample: long restore time shown as hours and minutes","consumers","2026-09-15","passed","2026-09-15","Event summary — sample: long restore time shown as hours and minutes","Event summary","eventlogcards",""
"","891","DTR energy over time — a blank transformer code is not allowed","dtrs","2026-09-15","passed","2026-09-15","DTR energy over time — a blank transformer code is not allowed","DTR energy over time","dtrdailythresholdchart",""
"","237","Voltage problems — a blank time range is rejected","mis-dashboard","2026-09-15","passed","2026-09-15","Voltage problems — a blank time range is rejected","Voltage problems","eventdatavoltage",""
"","1817","Mapped vs unmapped meters — cannot open with an invalid login token","overall-dashboard","2026-09-15","passed","2026-09-15","Mapped vs unmapped meters — cannot open with an invalid login token","Home dashboard screens — cannot open without a valid login","overall-dashboard-auth",""
"","2018","Validate GET /commands/query-meter-job/:jobName — known job status","hes-commands","2026-09-15","failed","2026-09-15","Validate GET /commands/query-meter-job/:jobName — known job status","HES Commands — Query Meter Job","commands-query-meter-job",""
"","92017","Validate profile image upload, save, and delete lifecycle","users-profile-image","2026-09-15","failed","2026-09-15","Validate profile image upload, save, and delete lifecycle","User Profile Image Flow","profileimage",""
"","1432","cannot open with an empty login token","dashboard","2026-09-15","passed","2026-09-15","cannot open with an empty login token","Consumers by connection status — cannot open without a valid login","consumerconnectionstatus",""
"","9","Saved example — populated communicating/non-communicating points","dashboard","2026-09-15","passed","2026-09-15","Saved example — populated communicating/non-communicating points","Dashboard — DTR communication","dtrcommunication",""
"","39599","Leading and trailing spaces are trimmed for known serial","meter-replacement","2026-09-15","failed","2026-09-15","Leading and trailing spaces are trimmed for known serial","Meter Replacement Meter Validation API — Negative & Edge","meter-validation-negative",""
"","239","Feeder daily energy — leftover extra filters still show the same chart","feeder","2026-09-15","passed","2026-09-15","Feeder daily energy — leftover extra filters still show the same chart","Feeder — unusual cases","feeder-edge",""
"","908","Meter transaction events — by meter type, month by month, all meters","mis-dashboard","2026-09-15","passed","2026-09-15","Meter transaction events — by meter type, month by month, all meters","Meter transaction events","eventdatatransaction",""
"","1218","Consumer search — column and field names stay the same","utils-lookup","2026-09-15","passed","2026-09-15","Consumer search — column and field names stay the same","Utils lookup — contract snapshots","utils-lookup.contract",""
"","24","Saved example — disconnected with rows (offline)","dashboard","2026-09-15","passed","2026-09-15","Saved example — disconnected with rows (offline)","Dashboard — consumers by connection status","consumerconnectionstatus",""
"","897","DTR event detail — limit 0 is rejected (limit must be at least 1)","reports","2026-09-15","passed","2026-09-15","DTR event detail — limit 0 is rejected (limit must be at least 1)","DTR event detail report","dtreventdetail",""
"","266","How many events by urgency — all meters, 1 to 30 Oct 2025","mis-dashboard","2026-09-15","passed","2026-09-15","How many events by urgency — all meters, 1 to 30 Oct 2025","How many events by urgency","priority-overview",""
"","1604","cannot open with an empty login token","dashboard","2026-09-15","passed","2026-09-15","cannot open with an empty login token","DTR power on/off list — cannot open without a valid login","dtrpowerstatusdetails",""
"","901","Technical summary — missing year is rejected","technical-analysis","2026-09-15","passed","2026-09-15","Technical summary — missing year is rejected","Technical summary","technical-summary",""
"","72","Sample statistic cards — status shows Under Load","dtrs","2026-09-15","passed","2026-09-15","Sample statistic cards — status shows Under Load","DTR statistic cards","dtrstatistics",""
"","494","Urgency level 1 events — day by day, consumer meters only","mis-dashboard","2026-09-15","passed","2026-09-15","Urgency level 1 events — day by day, consumer meters only","Urgency level events","eventpriority",""
"","258","Monthly net meter — asking for one consumer at a time still returns a row","consumption","2026-09-15","passed","2026-09-15","Monthly net meter — asking for one consumer at a time still returns a row","Consumption API — Edge","consumption-edge",""
"","241","Connect and disconnect by month — leftover extra filters are blocked","overall-dashboard","2026-09-15","passed","2026-09-15","Connect and disconnect by month — leftover extra filters are blocked","Connect and disconnect by month","disconnectiondetails",""
"","489","Events that did not roll over — by meter type, day by day, all meters","mis-dashboard","2026-09-15","passed","2026-09-15","Events that did not roll over — by meter type, day by day, all meters","Events that did not roll over","eventdatanonrollover",""
"","7621","Progress Contract Snapshot","meter-replacement","2026-09-15","failed","2026-09-15","Progress Contract Snapshot","METER-REPLACEMENT — Contract Snapshots","meter-replacement.contract",""
"","300","Voltage problems — by meter type, week by week, DTR meters only","mis-dashboard","2026-09-15","passed","2026-09-15","Voltage problems — by meter type, week by week, DTR meters only","Voltage problems","eventdatavoltage",""
"","2501","Power problems — by consumer category, month by month, all meters","mis-dashboard","2026-09-15","passed","2026-09-15","Power problems — by consumer category, month by month, all meters","Power problems","eventdatapower",""
"","389","Event priorities — field names stay the same","utils-lookup","2026-09-15","passed","2026-09-15","Event priorities — field names stay the same","Utils lookup — contract snapshots","utils-lookup.contract",""
"","489","Urgency level 3 events — day by day, consumer meters only","mis-dashboard","2026-09-15","passed","2026-09-15","Urgency level 3 events — day by day, consumer meters only","Urgency level events","eventpriority",""
"","1075","Urgency level 4 events — extra unused options are ignored","mis-dashboard","2026-09-15","passed","2026-09-15","Urgency level 4 events — extra unused options are ignored","Urgency level events","eventpriority",""
"","1","Injection-like search does not 500","meter-replacement","2026-09-15","skipped","2026-09-15","Injection-like search does not 500","Meter Replacement Submission History API - Negative","submission-history-negative",""
"","5034","Day-by-day billing — asking for one meter at a time still returns a row","billing","2026-09-15","passed","2026-09-15","Day-by-day billing — asking for one meter at a time still returns a row","Day-by-day billing list","daywisebilling",""
"","667","Events that did not roll over — by consumer category, hour by hour, all meters","mis-dashboard","2026-09-15","passed","2026-09-15","Events that did not roll over — by consumer category, hour by hour, all meters","Events that did not roll over","eventdatanonrollover",""
"","480","Urgency level 1 events — consumers is treated as consumer meters","mis-dashboard","2026-09-15","passed","2026-09-15","Urgency level 1 events — consumers is treated as consumer meters","Urgency level events","eventpriority",""
"","251","Event summary — by consumer category, week by week, all meters","mis-dashboard","2026-09-15","passed","2026-09-15","Event summary — by consumer category, week by week, all meters","Event summary","eventdata",""
"","2593","Meter communication — communicating filter shows only communicating meters","master-data","2026-09-15","passed","2026-09-15","Meter communication — communicating filter shows only communicating meters","Master data — meter communication","meter-communication-status",""
"","27","Transformer sizes — October 2025 sample matches the live layout","dtr-load","2026-09-15","passed","2026-09-15","Transformer sizes — October 2025 sample matches the live layout","Transformer size list","dtrloadratingoptions",""
"","241202","Validate POST /indore/meter-replacement/bulk/validate — duplicate old meter serial within file","meter-replacement","2026-09-15","broken","2026-09-15","Validate POST /indore/meter-replacement/bulk/validate — duplicate old meter serial within file","Bulk Validate Meter Replacement API","bulk-validation",""
"","1441","Voltage problems — by consumer category, hour by hour, consumer meters only","mis-dashboard","2026-09-15","passed","2026-09-15","Voltage problems — by consumer category, hour by hour, consumer meters only","Voltage problems","eventdatavoltage",""
"","1459","Monthly billing — month 13 is rejected (month must be January to December)","billing","2026-09-15","passed","2026-09-15","Monthly billing — month 13 is rejected (month must be January to December)","Monthly billing list","billingdata",""
"","12","Sample feeders — feeder number can be a plain id","dtrs","2026-09-15","passed","2026-09-15","Sample feeders — feeder number can be a plain id","DTR feeders","dtrfeeders",""
"","0","Urgency level 6 events — month by month","mis-dashboard","2026-09-15","skipped","2026-09-15","Urgency level 6 events — month by month","Urgency level 6 events","eventpriority6",""
"","1512","Current without voltage — unknown query params are ignored","reports","2026-09-15","passed","2026-09-15","Current without voltage — unknown query params are ignored","Current without voltage report","currentwithoutvoltage",""
"","2038","Monthly consumption — first page lists each consumer (energy may be empty)","consumption","2026-09-15","passed","2026-09-15","Monthly consumption — first page lists each consumer (energy may be empty)","Monthly consumption list","monthlyconsumption",""
"","235","GET /asset-management/dtr/:id — without auth returns 401","asset-management","2026-09-15","passed","2026-09-15","GET /asset-management/dtr/:id — without auth returns 401","Asset Management — Auth Negative","asset-management-negative",""
"","2284","Validate POST /commands/search-meters — paginated itemStart","hes-commands","2026-09-15","failed","2026-09-15","Validate POST /commands/search-meters — paginated itemStart","HES Commands — Search Meters","commands-search-meters",""
"","478","Voltage problems — by consumer category, month by month, DTR meters only","mis-dashboard","2026-09-15","passed","2026-09-15","Voltage problems — by consumer category, month by month, DTR meters only","Voltage problems","eventdatavoltage",""
"","1408","Load Factor LF > 100% — non-household filter shows the same list (filter is not applied)","commericial-analysis","2026-09-15","passed","2026-09-15","Load Factor LF > 100% — non-household filter shows the same list (filter is not applied)","Load Factor report","loadfactor",""
"","885","cannot open with an expired login token","dashboard","2026-09-15","passed","2026-09-15","cannot open with an expired login token","DTR power on/off list — cannot open without a valid login","dtrpowerstatusdetails",""
"","236","Event summary — network 0 is rejected","mis-dashboard","2026-09-15","passed","2026-09-15","Event summary — network 0 is rejected","Event summary","eventdata",""
"","531","Power problems — both is treated as all meters","mis-dashboard","2026-09-15","passed","2026-09-15","Power problems — both is treated as all meters","Power problems","eventdatapower",""
"","1100","Notifications List Contract Snapshot","notifications","2026-09-15","passed","2026-09-15","Notifications List Contract Snapshot","NOTIFICATIONS — Contract Snapshots","notifications.contract",""
"","1268","Min-max voltage — Oct 2025 max Y first page shows columns and meters","reports","2026-09-15","passed","2026-09-15","Min-max voltage — Oct 2025 max Y first page shows columns and meters","Min-max voltage report","minmaxvoltage",""
"","241","Urgency level 6 events — network 0 is rejected","mis-dashboard","2026-09-15","passed","2026-09-15","Urgency level 6 events — network 0 is rejected","Urgency level events","eventpriority",""
"","1980","IND-REV-ABE-ENTRY-001 — Fetch Aberration Entry using month + year","revenue-protection","2026-09-15","failed","2026-09-15","IND-REV-ABE-ENTRY-001 — Fetch Aberration Entry using month + year","Revenue Protection — Aberration Entry API","aberration-entry",""
"","24","Saved example — mixed Severe/Moderate/Balanced distribution","dashboard","2026-09-15","passed","2026-09-15","Saved example — mixed Severe/Moderate/Balanced distribution","Dashboard — DTR load unbalance","dtrloadunbalance",""
"","270","Event summary — by consumer category, month by month, all meters","mis-dashboard","2026-09-15","passed","2026-09-15","Event summary — by consumer category, month by month, all meters","Event summary","eventdata",""
"","1707","Monthly billing — leaving out the year is rejected","billing","2026-09-15","passed","2026-09-15","Monthly billing — leaving out the year is rejected","Monthly billing list","billingdata",""
"","2","Technical report — page size zero is rejected","technical-analysis","2026-09-15","skipped","2026-09-15","Technical report — page size zero is rejected","Technical report","technicalanalysis",""
"","889","Nearby accounts — list size cannot be zero","consumers","2026-09-15","passed","2026-09-15","Nearby accounts — list size cannot be zero","Nearby accounts","nearestaccountids",""
"","241","IND-REV-ABE-EEN-NEG-001 — Invalid month","revenue-protection","2026-09-15","passed","2026-09-15","IND-REV-ABE-EEN-NEG-001 — Invalid month","Revenue Protection — Aberration Entry Negative","aberration-entry.negative",""
"","235","Event summary — a blank grouping is rejected","mis-dashboard","2026-09-15","passed","2026-09-15","Event summary — a blank grouping is rejected","Event summary","eventdata",""
"","723","Loss Analysis Stats Contract Snapshot","energy-audits","2026-09-15","passed","2026-09-15","Loss Analysis Stats Contract Snapshot","ENERGY-AUDITS — Contract Snapshots","energy-audits.contract",""
"","243","Feeder alerts — a page far past the last event is empty","feeder","2026-09-15","passed","2026-09-15","Feeder alerts — a page far past the last event is empty","Feeder — unusual cases","feeder-edge",""
"","1573","Events — field names stay the same","utils-lookup","2026-09-15","passed","2026-09-15","Events — field names stay the same","Utils lookup — contract snapshots","utils-lookup.contract",""
"","47","IND-USE-DB-001 — scaffold DB coverage","users-admin","2026-09-15","skipped","2026-09-15","IND-USE-DB-001 — scaffold DB coverage","USERS-ADMIN — DB Coverage","users-admin.db",""
"","256","Urgency today versus yesterday — consumers is treated as consumer meters","mis-dashboard","2026-09-15","passed","2026-09-15","Urgency today versus yesterday — consumers is treated as consumer meters","Urgency today versus yesterday","eventpriorityoverview",""
"","37","Sample chart — 1 Sept and 2 Sept each appear only once","dtrs","2026-09-15","passed","2026-09-15","Sample chart — 1 Sept and 2 Sept each appear only once","DTR energy over time","dtrdailythresholdchart",""
"","297","Urgency level 6 events — week by week, all meters","mis-dashboard","2026-09-15","passed","2026-09-15","Urgency level 6 events — week by week, all meters","Urgency level events","eventpriority",""
"","16","Current Unbalance report — first and last page have no duplicate meters","technical-analysis","2026-09-15","skipped","2026-09-15","Technical report — first and last page have no duplicate meters › Current Unbalance report — first and last page have no duplicate meters","Technical report","technicalanalysis",""
"","3857","How meters are talking — saved screen shape","mis-dashboard","2026-09-15","passed","2026-09-15","How meters are talking — saved screen shape","Saved screen shape","mis-dashboard.contract",""
"","10","YNR Magnet Event report — empty list is valid","technical-analysis","2026-09-15","skipped","2026-09-15","YNR Magnet Event report — empty list is valid","Technical report","technicalanalysis",""
"","29","Saved example — apparent energy (kVAh) with rows (total 1134)","dashboard","2026-09-15","passed","2026-09-15","Saved example — apparent energy (kVAh) with rows (total 1134)","Dashboard — DTR consumption list","dtrconsumptiondetails",""
"","1878","DTR loading list — response shape stays the same","dashboard","2026-09-15","passed","2026-09-15","DTR loading list — response shape stays the same","Dashboard — response shape","dashboard.contract",""
"","2701","Consumers by meter phase — three-phase CT meters","dashboard","2026-09-15","passed","2026-09-15","Consumers by meter phase — three-phase CT meters","Dashboard — consumers by meter phase","consumerphasedistribution",""
"","249","PATCH /users/me/profile-image — invalid profileImageUrl returns 400","users-profile-image","2026-09-15","passed","2026-09-15","PATCH /users/me/profile-image — invalid profileImageUrl returns 400","User Profile Image — Negative","profileimage-negative",""
"","1827","Consumption chart — weekly view","consumers","2026-09-15","passed","2026-09-15","Consumption chart — weekly view","Consumption chart","energyconsumptiongraph",""
"","239","Talking vs not talking overview — a negative organisation is rejected","mis-dashboard","2026-09-15","passed","2026-09-15","Talking vs not talking overview — a negative organisation is rejected","Talking vs not talking overview","communication-overview",""
"","1887","DTR profile — a blank transformer code is not allowed","dtrs","2026-09-15","passed","2026-09-15","DTR profile — a blank transformer code is not allowed","DTR profile","dtrprofile",""
"","895","Day-by-day billing — year 0 is rejected","billing","2026-09-15","passed","2026-09-15","Day-by-day billing — year 0 is rejected","Day-by-day billing list","daywisebilling",""
"","1307","Transformer sizes — October 2025 lists each size once, smallest first","dtr-load","2026-09-15","passed","2026-09-15","Transformer sizes — October 2025 lists each size once, smallest first","Transformer size list","dtrloadratingoptions",""
"","8197","Validate Meter Replacement Meter Validation API","meter-replacement","2026-09-15","failed","2026-09-15","Validate Meter Replacement Meter Validation API","Meter Replacement Meter Validation API","meter-validation",""
"","239","Other events — a missing grouping is rejected","mis-dashboard","2026-09-15","passed","2026-09-15","Other events — a missing grouping is rejected","Other events","eventdataother",""
"","1416","Validate billing network trends","energy-audits","2026-09-15","passed","2026-09-15","Validate billing network trends","network-trends.harness.ts","modules/ENERGY-AUDITS/tests/network-trends",""
"","451","Pattern comparison — leftover unused filters are ignored","consumption","2026-09-15","passed","2026-09-15","Pattern comparison — leftover unused filters are ignored","Consumption API — Edge","consumption-edge",""
"","317","Daily talking chart — from-date and to-date still work","mis-dashboard","2026-09-15","passed","2026-09-15","Daily talking chart — from-date and to-date still work","Daily talking chart","communication-trend",""
"","235","Voltage problems — an invalid time range is rejected","mis-dashboard","2026-09-15","passed","2026-09-15","Voltage problems — an invalid time range is rejected","Voltage problems","eventdatavoltage",""
"","80","Home dashboard — saved example still matches (offline)","overall-dashboard","2026-09-15","passed","2026-09-15","Home dashboard — saved example still matches (offline)","Home dashboard","dashboardmetrics",""
"","2399","DTR loading list — under-utilized DTRs","dashboard","2026-09-15","passed","2026-09-15","DTR loading list — under-utilized DTRs","Dashboard — DTR loading list","dtrpercentageloadingdetails",""
"","896","Event report — missing toDate is rejected","reports","2026-09-15","passed","2026-09-15","Event report — missing toDate is rejected","Event report","eventreport",""
"","1036","How meters are talking — a negative organisation is rejected","mis-dashboard","2026-09-15","passed","2026-09-15","How meters are talking — a negative organisation is rejected","How meters are talking","communication",""
"","61633","Feeder list — a page past the last page shows no records","master-data","2026-09-15","passed","2026-09-15","Feeder list — a page past the last page shows no records","Master data — feeder list","feeder-master",""
"","2802","Current without voltage — Oct 2025 phase B first page shows columns and readings","reports","2026-09-15","passed","2026-09-15","Current without voltage — Oct 2025 phase B first page shows columns and readings","Current without voltage report","currentwithoutvoltage",""
"","882","cannot open with an empty login token","dashboard","2026-09-15","passed","2026-09-15","cannot open with an empty login token","DTR voltage unbalance list — cannot open without a valid login","dtrvoltageunbalancedetails",""
"","1900","Network search — a negative limit is rejected","utils-lookup","2026-09-15","passed","2026-09-15","UTILS-LOOKUP › utils › lookup-catalog.harness.ts › Network search › Network search — a negative limit is rejected","indoore_backend_testing","modules/UTILS-LOOKUP/tests/networksearch.api",""
"","66","Consumption chart — sample: daily usage","consumers","2026-09-15","passed","2026-09-15","Consumption chart — sample: daily usage","Consumption chart","energyconsumptiongraph",""
"","1845","DTR feeders — extra filters that nobody uses are ignored","dtrs","2026-09-15","passed","2026-09-15","DTR feeders — extra filters that nobody uses are ignored","DTR feeders","dtrfeeders",""
"","1695","Monthly consumption — page 2 continues without repeating a meter","consumption","2026-09-15","passed","2026-09-15","Monthly consumption — page 2 continues without repeating a meter","Consumption API — Edge","consumption-edge",""
"","1810","Billing MD snapshot — a far page is empty or still consistent","reports","2026-09-15","passed","2026-09-15","Billing MD snapshot — a far page is empty or still consistent","Billing MD snapshot report","billingmdsnapshot",""
"","1550","Mapped vs unmapped meters — cannot open with an empty login token","overall-dashboard","2026-09-15","passed","2026-09-15","Mapped vs unmapped meters — cannot open with an empty login token","Home dashboard screens — cannot open without a valid login","overall-dashboard-auth",""
"","490","Meter transaction events — dtrs is treated as DTR meters","mis-dashboard","2026-09-15","passed","2026-09-15","Meter transaction events — dtrs is treated as DTR meters","Meter transaction events","eventdatatransaction",""
"","245","DTR voltage unbalance — response shape stays the same","dashboard","2026-09-15","passed","2026-09-15","DTR voltage unbalance — response shape stays the same","Dashboard — response shape","dashboard.contract",""
"","240","Consumer profile — screen shape is unchanged","consumers","2026-09-15","passed","2026-09-15","Consumer profile — screen shape is unchanged","Consumers — screen shape checks","consumers.contract",""
"","1046","Consumer report — invalid report type still returns the LS grid","reports","2026-09-15","passed","2026-09-15","Consumer report — invalid report type still returns the LS grid","Consumer report","consumerreport",""
"","913","Validate GET /commands/history — last page row count","hes-commands","2026-09-15","passed","2026-09-15","Validate GET /commands/history — last page row count","HES Commands — History","commands-history",""
"","14391","Validate POST /commands/meter-location — invalid latitude returns error","hes-commands","2026-09-15","passed","2026-09-15","Validate POST /commands/meter-location — invalid latitude returns error","HES Commands — Meter Location","commands-meter-location",""
"","2","Can this meter be given to a consumer? — switched-off meter is rejected","consumers","2026-09-15","skipped","2026-09-15","Can this meter be given to a consumer? — switched-off meter is rejected","Can this meter be given to a consumer?","validatemeter",""
"","2993","Meter list — column names in the response stay the same","master-data","2026-09-15","passed","2026-09-15","Meter list — column names in the response stay the same","Master data — column names in the response","master-data.contract",""
"","16","Saved example — apparent energy (kVAh) empty page","dashboard","2026-09-15","passed","2026-09-15","Saved example — apparent energy (kVAh) empty page","Dashboard — DTR consumption list","dtrconsumptiondetails",""
"","497","Power problems — by meter type, day by day, all meters","mis-dashboard","2026-09-15","passed","2026-09-15","Power problems — by meter type, day by day, all meters","Power problems","eventdatapower",""
"","1412","Power problems — by consumer category, month by month, consumer meters only","mis-dashboard","2026-09-15","passed","2026-09-15","Power problems — by consumer category, month by month, consumer meters only","Power problems","eventdatapower",""
"","241","Feeder voltage and current — leftover extra filters still show the same page","feeder","2026-09-15","passed","2026-09-15","Feeder voltage and current — leftover extra filters still show the same page","Feeder — unusual cases","feeder-edge",""
"","235","How meters are talking — a bad date is rejected","mis-dashboard","2026-09-15","passed","2026-09-15","How meters are talking — a bad date is rejected","How meters are talking","communication",""
"","238","Urgency level 5 events — an invalid time range is rejected","mis-dashboard","2026-09-15","passed","2026-09-15","Urgency level 5 events — an invalid time range is rejected","Urgency level events","eventpriority",""
"","246","Other events — consumer and DTR stay within all meters","mis-dashboard","2026-09-15","passed","2026-09-15","Other events — consumer and DTR stay within all meters","Other events","eventdataother",""
"","2420","Billing MD snapshot — Oct 2025 first page shows columns and meters","reports","2026-09-15","passed","2026-09-15","Billing MD snapshot — Oct 2025 first page shows columns and meters","Billing MD snapshot report","billingmdsnapshot",""
"","95","Saved example — monthly populated on/off buckets (10 Jul 2026)","dashboard","2026-09-15","passed","2026-09-15","Saved example — monthly populated on/off buckets (10 Jul 2026)","Dashboard — DTR power on/off","dtrpowerstatus",""
"","8","Saved example — connection status buckets sum to ~100% (live 13 Aug 2026)","dashboard","2026-09-15","passed","2026-09-15","Saved example — connection status buckets sum to ~100% (live 13 Aug 2026)","Dashboard — overview numbers","dashboardmetrics",""
"","84","Monthly billing — a meter with no consumer name, zero PF, or a placeholder MD date is still valid","billing","2026-09-15","passed","2026-09-15","Monthly billing — a meter with no consumer name, zero PF, or a placeholder MD date is still valid","Monthly billing list","billingdata",""
"","56050","Injection-like query params do not break progress","meter-replacement","2026-09-15","failed","2026-09-15","Injection-like query params do not break progress","Meter Replacement Progress API — Negative & Edge","progress-negative",""
"","7035","MD > CD Last Three Month — household connections: meter count matches the total","commericial-analysis","2026-09-15","passed","2026-09-15","MD > CD Last Three Month — household connections: meter count matches the total","Maximum Demand report","mdanalysis",""
"","2444","DTR consumption list — reactive energy (kVArh)","dashboard","2026-09-15","passed","2026-09-15","DTR consumption list — reactive energy (kVArh)","Dashboard — DTR consumption list","dtrconsumptiondetails",""
"","15","Saved example — Residential empty page (offline)","dashboard","2026-09-15","passed","2026-09-15","Saved example — Residential empty page (offline)","Dashboard — consumers by category","consumercategorydistribution",""
"","1470","Live load — opens using the account number","consumers","2026-09-15","passed","2026-09-15","Live load — opens using the account number","Live load","liveloadprofile",""
"","1757","Communication DTRs — invalid period type is rejected","reports","2026-09-15","passed","2026-09-15","Communication DTRs — invalid period type is rejected","Communication DTRs report","communicationdtrs",""
"","904","Event report — limit 0 is rejected (limit must be at least 1)","reports","2026-09-15","passed","2026-09-15","Event report — limit 0 is rejected (limit must be at least 1)","Event report","eventreport",""
"","29","Saved example — reactive energy (kVArh) with rows (total 1134)","dashboard","2026-09-15","passed","2026-09-15","Saved example — reactive energy (kVArh) with rows (total 1134)","Dashboard — DTR consumption list","dtrconsumptiondetails",""
"","891","Bill status — missing month is rejected","reports","2026-09-15","passed","2026-09-15","Bill status — missing month is rejected","Bill status report","billstatus",""
"","1068","Event list — events for the consumer","consumers","2026-09-15","passed","2026-09-15","Event list — events for the consumer","Event list","eventloglist",""
"","245","Talking meters by category — organisation 0 is rejected","mis-dashboard","2026-09-15","passed","2026-09-15","Talking meters by category — organisation 0 is rejected","Talking meters by category","communication-category",""
"","7907","Load Factor less than 5% for last 6 months — billing data is not ready yet","commericial-analysis","2026-09-15","passed","2026-09-15","Load Factor less than 5% for last 6 months — billing data is not ready yet","Load Factor report","loadfactor",""
"","831","What kinds of events happened — by meter type, consumer meters only","mis-dashboard","2026-09-15","passed","2026-09-15","What kinds of events happened — by meter type, consumer meters only","What kinds of events happened","event-classification",""
"","11427","Bill status — a far page still returns the summary","reports","2026-09-15","passed","2026-09-15","Bill status — a far page still returns the summary","Bill status report","billstatus",""
"","1920","cannot open with an invalid login token","dashboard","2026-09-15","passed","2026-09-15","cannot open with an invalid login token","DTR communication list — cannot open without a valid login","dtrcommunicationdetails",""
"","388","Connection statuses — field names stay the same","utils-lookup","2026-09-15","passed","2026-09-15","Connection statuses — field names stay the same","Utils lookup — contract snapshots","utils-lookup.contract",""
"","18","Sample power now — zeros when there is no live reading","dtrs","2026-09-15","passed","2026-09-15","Sample power now — zeros when there is no live reading","DTR power now","dtrpowertriangle",""
"","1632","DTR communication — a far page still returns a valid table","reports","2026-09-15","passed","2026-09-15","DTR communication — a far page still returns a valid table","DTR communication report","dtrcommunication",""
"","7","Technical report — non-household filter shows non-household meters","technical-analysis","2026-09-15","skipped","2026-09-15","Technical report — non-household filter shows non-household meters","Technical report","technicalanalysis",""
"","8155","Abnormal High — non-household: billing data is not ready yet","commericial-analysis","2026-09-15","passed","2026-09-15","Abnormal High — non-household: billing data is not ready yet","Consumption Compare report","consumptioncompare",""
"","238","Meter transaction events — a blank time range is rejected","mis-dashboard","2026-09-15","passed","2026-09-15","Meter transaction events — a blank time range is rejected","Meter transaction events","eventdatatransaction",""
"","7777","Dashboard overview — response shape stays the same","dashboard","2026-09-15","passed","2026-09-15","Dashboard overview — response shape stays the same","Dashboard — response shape","dashboard.contract",""
"","34","Saved example — moderate page with id + band label (Aug 2026)","dashboard","2026-09-15","passed","2026-09-15","Saved example — moderate page with id + band label (Aug 2026)","Dashboard — DTR load unbalance list","dtrloadunbalancedetails",""
"","7973","Consumption Pattern — zero consumption for last 6 months: billing data is not ready yet","commericial-analysis","2026-09-15","passed","2026-09-15","Consumption Pattern — zero consumption for last 6 months: billing data is not ready yet","Commercial Analysis — extra report checks","commercial-edge",""
"","955","IND-RPT-ATZ-003 — Validate pagination — page 2 (limit 5)","revenue-protection","2026-09-15","passed","2026-09-15","IND-RPT-ATZ-003 — Validate pagination — page 2 (limit 5)","Revenue Protection — ATR Zone API","atr-zone",""
"","22","Event report — empty page fixture","reports","2026-09-15","passed","2026-09-15","Event report — empty page fixture","Event report","eventreport",""
"","235","How many events by urgency — day-month-year date is rejected","mis-dashboard","2026-09-15","passed","2026-09-15","How many events by urgency — day-month-year date is rejected","How many events by urgency","priority-overview",""
"","452","Urgency level 4 events — hour by hour, consumer meters only","mis-dashboard","2026-09-15","passed","2026-09-15","Urgency level 4 events — hour by hour, consumer meters only","Urgency level events","eventpriority",""
"","444","Voltage problems — by meter type, hour by hour, DTR meters only","mis-dashboard","2026-09-15","passed","2026-09-15","Voltage problems — by meter type, hour by hour, DTR meters only","Voltage problems","eventdatavoltage",""
"","1051","Consumption Compare — cannot open the report without logging in","commericial-analysis","2026-09-15","passed","2026-09-15","Consumption Compare — cannot open the report without logging in","Commercial Analysis — cannot open reports without a valid login","commercial-auth-negative",""
"","1001","cannot open with an empty login token","dashboard","2026-09-15","passed","2026-09-15","cannot open with an empty login token","DTR load unbalance — cannot open without a valid login","dtrloadunbalance",""
"","22","Saved example — Linkwell with rows (offline)","dashboard","2026-09-15","passed","2026-09-15","Saved example — Linkwell with rows (offline)","Dashboard — consumers by meter make","consumeroemdistribution",""
"","46","Event list — sample: resolved and pending events","consumers","2026-09-15","passed","2026-09-15","Event list — sample: resolved and pending events","Event list","eventloglist",""
"","12335","Bill status — showing 1 per page still returns the summary","reports","2026-09-15","passed","2026-09-15","Bill status — showing 1 per page still returns the summary","Bill status report","billstatus",""
"","928","DTR voltage unbalance — chart opens with Severe / Moderate / Balanced counts","dashboard","2026-09-15","passed","2026-09-15","DTR voltage unbalance — chart opens with Severe / Moderate / Balanced counts","Dashboard — DTR voltage unbalance","dtrvoltageunbalance",""
"","14","Cover Open report — first and last page have no duplicate meters","technical-analysis","2026-09-15","skipped","2026-09-15","Technical report — first and last page have no duplicate meters › Cover Open report — first and last page have no duplicate meters","Technical report","technicalanalysis",""
"","897","Event detail — invalid toDate is rejected","reports","2026-09-15","passed","2026-09-15","Event detail — invalid toDate is rejected","Event detail report","eventdetail",""
"","5","Sample feeders — none yet is allowed","dtrs","2026-09-15","passed","2026-09-15","Sample feeders — none yet is allowed","DTR feeders","dtrfeeders",""
"","2097","Validate GET /users — user catalog","users-admin","2026-09-15","failed","2026-09-15","Validate GET /users — user catalog","User Admin — List","useradmin-list",""
"","0","IND-REV-ABE-IVRS-NEG-003 — Empty required field-officer name","revenue-protection","2026-09-15","skipped","2026-09-15","IND-REV-ABE-IVRS-NEG-003 — Empty required field-officer name","Revenue Protection — Aberration Entry By IVRS Negative","aberration-entry-by-ivrs.negative",""
"","253","How many meters we have — missing end date still opens","mis-dashboard","2026-09-15","passed","2026-09-15","How many meters we have — missing end date still opens","How many meters we have","communicationstats",""
"","230","Validate Audit Log Export DESC API","audit-logs","2026-09-15","skipped","2026-09-15","Validate Audit Log Export DESC API","Audit Log Export API","auditlogexport",""
"","1978","Energy flow chart — daily view for the consumer","consumers","2026-09-15","passed","2026-09-15","Energy flow chart — daily view for the consumer","Energy flow chart","energyflow",""
"","1432","Nearby accounts — default list shows up to 10 accounts","consumers","2026-09-15","passed","2026-09-15","Nearby accounts — default list shows up to 10 accounts","Nearby accounts","nearestaccountids",""
"","248","Event summary — by consumer category, day by day, consumer meters only","mis-dashboard","2026-09-15","passed","2026-09-15","Event summary — by consumer category, day by day, consumer meters only","Event summary","eventdata",""
"","783","Page far beyond total returns empty rows with consistent pagination","revenue-protection","2026-09-15","failed","2026-09-15","Page far beyond total returns empty rows with consistent pagination","Revenue Protection — Aberrations Edge","aberrations-edge",""
"","1348","Load Factor LF < 5% — non-household filter shows the same list (filter is not applied)","commericial-analysis","2026-09-15","passed","2026-09-15","Load Factor LF < 5% — non-household filter shows the same list (filter is not applied)","Load Factor report","loadfactor",""
"","483","Meter transaction events — by meter type, day by day, DTR meters only","mis-dashboard","2026-09-15","passed","2026-09-15","Meter transaction events — by meter type, day by day, DTR meters only","Meter transaction events","eventdatatransaction",""
"","977","Event list — unknown meter is empty or not found","consumers","2026-09-15","passed","2026-09-15","Event list — unknown meter is empty or not found","Event list","eventloglist",""
"","3604","Invalid Bearer token returns 401","meter-replacement","2026-09-15","failed","2026-09-15","Invalid Bearer token returns 401","Meter Replacement Progress API — Auth Negative","progress-negative",""
"","1149","Voltage problems — by consumer category, week by week, all meters","mis-dashboard","2026-09-15","passed","2026-09-15","Voltage problems — by consumer category, week by week, all meters","Voltage problems","eventdatavoltage",""
"","2532","DTR consumption list — extra unused filters are ignored","dashboard","2026-09-15","passed","2026-09-15","DTR consumption list — extra unused filters are ignored","Dashboard — DTR consumption list","dtrconsumptiondetails",""
"","3842","Load Factor LF < 5% Last Three month — report opens and values follow the rule","commericial-analysis","2026-09-15","passed","2026-09-15","Load Factor LF < 5% Last Three month — report opens and values follow the rule","Load Factor report","loadfactor",""
"","1403","Load Factor — report still opens when the rule is not selected (uses default)","commericial-analysis","2026-09-15","passed","2026-09-15","Load Factor — report still opens when the rule is not selected (uses default)","Commercial Analysis — extra report checks","commercial-edge",""
"","256","How many meters we have — unknown meter kind is treated as all","mis-dashboard","2026-09-15","passed","2026-09-15","How many meters we have — unknown meter kind is treated as all","How many meters we have","communicationstats",""
"","244","Feeder alerts — the field list still matches what we saved","feeder","2026-09-15","passed","2026-09-15","Feeder alerts — the field list still matches what we saved","Feeder — saved field lists","feeder.contract",""
"","1631","DTR power now — unknown transformer is not shown","dtrs","2026-09-15","passed","2026-09-15","DTR power now — unknown transformer is not shown","DTR power now","dtrpowertriangle",""
"","236","Maximum Demand — report still opens when the report type is not selected (uses default)","commericial-analysis","2026-09-15","passed","2026-09-15","Maximum Demand — report still opens when the report type is not selected (uses default)","Commercial Analysis — extra report checks","commercial-edge",""
"","7478","Meter Validation Contract Snapshot","meter-replacement","2026-09-15","failed","2026-09-15","Meter Validation Contract Snapshot","METER-REPLACEMENT — Contract Snapshots","meter-replacement.contract",""
"","12","YNR Low Power Factor report — first and last page have no duplicate meters","technical-analysis","2026-09-15","skipped","2026-09-15","Technical report — first and last page have no duplicate meters › YNR Low Power Factor report — first and last page have no duplicate meters","Technical report","technicalanalysis",""
"","236","Urgency level 5 events — saved screen shape","mis-dashboard","2026-09-15","passed","2026-09-15","Urgency level 5 events — saved screen shape","Saved screen shape","mis-dashboard.contract",""
"","1277","DTR list — a page past the last page shows no records","master-data","2026-09-15","passed","2026-09-15","DTR list — a page past the last page shows no records","Master data — DTR list","dtr-master",""
"","239","How meters are talking — network 0 is rejected","mis-dashboard","2026-09-15","passed","2026-09-15","How meters are talking — network 0 is rejected","How meters are talking","communication",""
"","5110","Meter list — page 2 shows the next set of records","master-data","2026-09-15","passed","2026-09-15","Meter list — page 2 shows the next set of records","Master data — meter list","meter-master",""
"","4","IND-RPT-NEG-004 — SQL injection in month filter","revenue-protection","2026-09-15","skipped","2026-09-15","IND-RPT-NEG-004 — SQL injection in month filter","Revenue Protection — Cases Negative","cases-negative",""
"","1","Urgency level 3 events — week by week","mis-dashboard","2026-09-15","skipped","2026-09-15","Urgency level 3 events — week by week","Urgency level 3 events","eventpriority3",""
"","237","Other events — network 0 is rejected","mis-dashboard","2026-09-15","passed","2026-09-15","Other events — network 0 is rejected","Other events","eventdataother",""
"","60","Saved example — hourly null communicating/non-communicating buckets (10 Jul 2026)","dashboard","2026-09-15","passed","2026-09-15","Saved example — hourly null communicating/non-communicating buckets (10 Jul 2026)","Dashboard — DTR communication","dtrcommunication",""
"","272","DTR talking to the system — communicating vs not, by day","overall-dashboard","2026-09-15","passed","2026-09-15","DTR talking to the system — communicating vs not, by day","DTR talking to the system","dtrcommunication",""
"","236","IND-REV-ABE-ENTRY-NEG-005 — Page beyond available data","revenue-protection","2026-09-15","passed","2026-09-15","IND-REV-ABE-ENTRY-NEG-005 — Page beyond available data","Revenue Protection — Aberration Entry Negative","aberration-entry.negative",""
"","526","Urgency level 3 events — consumers is treated as consumer meters","mis-dashboard","2026-09-15","passed","2026-09-15","Urgency level 3 events — consumers is treated as consumer meters","Urgency level events","eventpriority",""
"","693","Talking vs not talking overview — blank dates are treated as missing","mis-dashboard","2026-09-15","passed","2026-09-15","Talking vs not talking overview — blank dates are treated as missing","Talking vs not talking overview","communication-overview",""
"","1198","Events that did not roll over — network 0 is rejected","mis-dashboard","2026-09-15","passed","2026-09-15","Events that did not roll over — network 0 is rejected","Events that did not roll over","eventdatanonrollover",""
"","1228","How meters are talking — consumers is treated as consumer meters","mis-dashboard","2026-09-15","passed","2026-09-15","How meters are talking — consumers is treated as consumer meters","How meters are talking","communication",""
"","96548","Validate POST /commands/demand-config → query-meter-job — demand_integration_period_get E2E","hes-commands","2026-09-15","passed","2026-09-15","Validate POST /commands/demand-config → query-meter-job — demand_integration_period_get E2E","HES Commands — Demand Config (E2E)","commands-demand-config",""
"","898","DTR events — page zero is not allowed","dtrs","2026-09-15","passed","2026-09-15","DTR events — page zero is not allowed","DTR events","dtrevents",""
"","804","Auth Devices Contract Snapshot","auth","2026-09-15","passed","2026-09-15","Auth Devices Contract Snapshot","AUTH — Contract Snapshots","auth.contract",""
"","1878","Communication DTRs — showing 1 per page returns at most 1 record","reports","2026-09-15","passed","2026-09-15","Communication DTRs — showing 1 per page returns at most 1 record","Communication DTRs report","communicationdtrs",""
"","1262","Other events — by meter type, week by week, consumer meters only","mis-dashboard","2026-09-15","passed","2026-09-15","Other events — by meter type, week by week, consumer meters only","Other events","eventdataother",""
"","1283","Urgency level 5 events — network 0 is rejected","mis-dashboard","2026-09-15","passed","2026-09-15","Urgency level 5 events — network 0 is rejected","Urgency level events","eventpriority",""
"","243","Urgency level 2 events — consumer and DTR stay within all meters","mis-dashboard","2026-09-15","passed","2026-09-15","Urgency level 2 events — consumer and DTR stay within all meters","Urgency level events","eventpriority",""
"","1327","Min-max voltage — limit 0 is rejected (limit must be at least 1)","reports","2026-09-15","passed","2026-09-15","Min-max voltage — limit 0 is rejected (limit must be at least 1)","Min-max voltage report","minmaxvoltage",""
"","238","Meter transaction events — an invalid grouping is rejected","mis-dashboard","2026-09-15","passed","2026-09-15","Meter transaction events — an invalid grouping is rejected","Meter transaction events","eventdatatransaction",""
"","6294","Day-by-day billing — leftover unused filters are ignored","billing","2026-09-15","passed","2026-09-15","Day-by-day billing — leftover unused filters are ignored","Day-by-day billing list","daywisebilling",""
"","232","Feeder daily energy — an unknown time grouping is not allowed","feeder","2026-09-15","passed","2026-09-15","Feeder daily energy — an unknown time grouping is not allowed","Feeder — mistakes that should be blocked","feeder-negative",""
"","353","Urgency level 3 events — month by month, consumer meters only","mis-dashboard","2026-09-15","passed","2026-09-15","Urgency level 3 events — month by month, consumer meters only","Urgency level events","eventpriority",""
"","242","Meter communication — an unknown filter is rejected","master-data","2026-09-15","passed","2026-09-15","Meter communication — an unknown filter is rejected","Master data — meter communication","meter-communication-status",""
"","1980","Feeder voltage and current — red, yellow, and blue phases (blank is OK if no meter)","feeder","2026-09-15","passed","2026-09-15","Feeder voltage and current — red, yellow, and blue phases (blank is OK if no meter)","Feeder voltage and current","feeder-electrical-parameters",""
"","91","Sample chart — years with no energy yet, each year listed once","dtrs","2026-09-15","passed","2026-09-15","Sample chart — years with no energy yet, each year listed once","DTR energy over time","dtrdailythresholdchart",""
"","17","Saved example — active energy (kWh) empty page","dashboard","2026-09-15","passed","2026-09-15","Saved example — active energy (kWh) empty page","Dashboard — DTR consumption list","dtrconsumptiondetails",""
"","105827","Invalid consumer ids return validation error","meter-replacement","2026-09-15","failed","2026-09-15","Invalid consumer ids return validation error","Meter Replacement Consumer Detail API — Negative & Edge","consumer-detail-negative",""
"","551","Urgency level 1 events — month by month, all meters","mis-dashboard","2026-09-15","passed","2026-09-15","Urgency level 1 events — month by month, all meters","Urgency level events","eventpriority",""
"","887","cannot open with an expired login token","dashboard","2026-09-15","passed","2026-09-15","cannot open with an expired login token","Consumers by connection status — cannot open without a valid login","consumerconnectionstatus",""
"","69","DTR data — LS fixture (1–30 Oct 2025)","reports","2026-09-15","passed","2026-09-15","DTR data — LS fixture (1–30 Oct 2025)","DTR data report","dtrdata",""
"","2325","DTR communication — 1–30 Oct 2025 first page shows columns and meters","reports","2026-09-15","passed","2026-09-15","DTR communication — 1–30 Oct 2025 first page shows columns and meters","DTR communication report","dtrcommunication",""
"","3210","Yearly pattern — first page lists each consumer (month energy may be empty)","consumption","2026-09-15","passed","2026-09-15","Yearly pattern — first page lists each consumer (month energy may be empty)","Pattern yearly list","yearly",""
"","1359","Consumption chart — unknown consumer is not found","consumers","2026-09-15","passed","2026-09-15","Consumption chart — unknown consumer is not found","Consumption chart","energyconsumptiongraph",""
"","11","Dashboard overview numbers match the database","dashboard","2026-09-15","skipped","2026-09-15","Dashboard overview numbers match the database","Dashboard — numbers vs database","dashboard.db",""
"","1357","DTR events — a blank transformer code is not allowed","dtrs","2026-09-15","passed","2026-09-15","DTR events — a blank transformer code is not allowed","DTR events","dtrevents",""
"","292","Daily talking chart — missing start date uses the end date","mis-dashboard","2026-09-15","passed","2026-09-15","Daily talking chart — missing start date uses the end date","Daily talking chart","communication-trend",""
"","1398","Min-max voltage — a page past the last page shows no records","reports","2026-09-15","passed","2026-09-15","Min-max voltage — a page past the last page shows no records","Min-max voltage report","minmaxvoltage",""
"","1800","cannot open without logging in","dashboard","2026-09-15","passed","2026-09-15","cannot open without logging in","DTR voltage unbalance — cannot open without a valid login","dtrvoltageunbalance",""
"","236","Daily talking chart — organisation 0 is rejected","mis-dashboard","2026-09-15","passed","2026-09-15","Daily talking chart — organisation 0 is rejected","Daily talking chart","communication-trend",""
"","25","Bill status — zero summary fixture","reports","2026-09-15","passed","2026-09-15","Bill status — zero summary fixture","Bill status report","billstatus",""
"","240","IND-REV-ABE-EEN-NEG-002 — Invalid year","revenue-protection","2026-09-15","passed","2026-09-15","IND-REV-ABE-EEN-NEG-002 — Invalid year","Revenue Protection — Aberration Entry Negative","aberration-entry.negative",""
"","8157","Consumption Pattern — Zero Consumption More than 12 months (non-household): billing data is not ready yet","commericial-analysis","2026-09-15","passed","2026-09-15","Consumption Pattern — Zero Consumption More than 12 months (non-household): billing data is not ready yet","Consumption Pattern report","consumptionpattern",""
"","240","How many events by urgency — network 0 is rejected","mis-dashboard","2026-09-15","passed","2026-09-15","How many events by urgency — network 0 is rejected","How many events by urgency","priority-overview",""
"","2525","Consumer search — page 2 shows the next set of records","utils-lookup","2026-09-15","passed","2026-09-15","UTILS-LOOKUP › utils › lookup-catalog.harness.ts › Consumer search › Consumer search — page 2 shows the next set of records","indoore_backend_testing","modules/UTILS-LOOKUP/tests/consumersearch",""
"","1720","DTR event detail — showing 1 per page returns at most 1 record","reports","2026-09-15","passed","2026-09-15","DTR event detail — showing 1 per page returns at most 1 record","DTR event detail report","dtreventdetail",""
"","2041","Current problems — by consumer category, month by month, all meters","mis-dashboard","2026-09-15","passed","2026-09-15","Current problems — by consumer category, month by month, all meters","Current problems","eventdatacurrent",""
"","3638","Consumer list — page 2 shows the next set of records","master-data","2026-09-15","passed","2026-09-15","Consumer list — page 2 shows the next set of records","Master data — consumer list","consumer-master",""
"","342","Current problems — by consumer category, week by week, DTR meters only","mis-dashboard","2026-09-15","passed","2026-09-15","Current problems — by consumer category, week by week, DTR meters only","Current problems","eventdatacurrent",""
"","252","Event summary — by meter type, month by month, DTR meters only","mis-dashboard","2026-09-15","passed","2026-09-15","Event summary — by meter type, month by month, DTR meters only","Event summary","eventdata",""
"","1208","Urgency level 3 events — hour by hour, consumer meters only","mis-dashboard","2026-09-15","passed","2026-09-15","Urgency level 3 events — hour by hour, consumer meters only","Urgency level events","eventpriority",""
"","3985","MD > CD Last Three Month — non-household connections: meter count matches the total","commericial-analysis","2026-09-15","passed","2026-09-15","MD > CD Last Three Month — non-household connections: meter count matches the total","Maximum Demand report","mdanalysis",""
"","271","What kinds of events happened — by consumer category, consumers is treated as consumer meters","mis-dashboard","2026-09-15","passed","2026-09-15","What kinds of events happened — by consumer category, consumers is treated as consumer meters","What kinds of events happened","event-classification",""
"","993","Transformer load — a page far past the end of the list is empty","dtr-load","2026-09-15","passed","2026-09-15","Transformer load — a page far past the end of the list is empty","Transformer load reports","dtrload",""
"","895","Meter communication — blank consumer number is rejected","consumers","2026-09-15","passed","2026-09-15","Meter communication — blank consumer number is rejected","Meter communication","communicationstatus",""
"","1","IND-REV-ABE-EEN-005 — Fetch EENLTMT Aberration Entry pagination (limit 5)","revenue-protection","2026-09-15","skipped","2026-09-15","IND-REV-ABE-EEN-005 — Fetch EENLTMT Aberration Entry pagination (limit 5)","Revenue Protection — Aberration Entry EENLTMT API","aberration-entry-eenltmt",""
"","1812","Feeder voltage and current — cannot open with an invalid login token","feeder","2026-09-15","passed","2026-09-15","Feeder voltage and current — cannot open with an invalid login token","Feeder screens — cannot open without a valid login","feeder-auth",""
"","390","Device manufacturers — field names stay the same","utils-lookup","2026-09-15","passed","2026-09-15","Device manufacturers — field names stay the same","Utils lookup — contract snapshots","utils-lookup.contract",""
"","1","IND-UL-DB-009 — Organisation hierarchy COUNT + sample rows match DB","utils-lookup","2026-09-15","skipped","2026-09-15","IND-UL-DB-009 — Organisation hierarchy COUNT + sample rows match DB","UTILS-LOOKUP — Catalog DB cross-validation","lookup-catalogs.db",""
"","235","Event summary — a missing grouping is rejected","mis-dashboard","2026-09-15","passed","2026-09-15","Event summary — a missing grouping is rejected","Event summary","eventdata",""
"","482","Communication DTRs — column and field names stay the same","reports","2026-09-15","passed","2026-09-15","Communication DTRs — column and field names stay the same","Reports — contract snapshots","reports.contract",""
"","236","How meters are talking — day-month-year date is rejected","mis-dashboard","2026-09-15","passed","2026-09-15","How meters are talking — day-month-year date is rejected","How meters are talking","communication",""
"","0","IND-REV-ABE-ENTRY-002 — Fetch Aberration Entry using only year","revenue-protection","2026-09-15","skipped","2026-09-15","IND-REV-ABE-ENTRY-002 — Fetch Aberration Entry using only year","Revenue Protection — Aberration Entry API","aberration-entry",""
"","46","Saved example — daily null energy buckets (10 Jul 2026)","dashboard","2026-09-15","passed","2026-09-15","Saved example — daily null energy buckets (10 Jul 2026)","Dashboard — DTR consumption","dtrconsumption",""
"","2417","Nearby accounts — list size can be limited","consumers","2026-09-15","passed","2026-09-15","Nearby accounts — list size can be limited","Nearby accounts","nearestaccountids",""
"","485","Meter transaction events — by consumer category, month by month, consumer meters only","mis-dashboard","2026-09-15","passed","2026-09-15","Meter transaction events — by consumer category, month by month, consumer meters only","Meter transaction events","eventdatatransaction",""
"","1","IND-UL-DB-007 — Event priorities COUNT + each priority exists in DB","utils-lookup","2026-09-15","skipped","2026-09-15","IND-UL-DB-007 — Event priorities COUNT + each priority exists in DB","UTILS-LOOKUP — Catalog DB cross-validation","lookup-catalogs.db",""
"","12350","Scoped roles see subset of admin hierarchy and DTR counts","asset-management","2026-09-15","passed","2026-09-15","Scoped roles see subset of admin hierarchy and DTR counts","Asset Management — Data Scope Coverage","asset-management-scope",""
"","253","What kinds of events happened — by consumer category, DTR meters only","mis-dashboard","2026-09-15","passed","2026-09-15","What kinds of events happened — by consumer category, DTR meters only","What kinds of events happened","event-classification",""
"","237","Power problems — saved screen shape","mis-dashboard","2026-09-15","passed","2026-09-15","Power problems — saved screen shape","Saved screen shape","mis-dashboard.contract",""
"","1442","Consumption chart — daily usage for the consumer","consumers","2026-09-15","passed","2026-09-15","Consumption chart — daily usage for the consumer","Consumption chart","energyconsumptiongraph",""
"","237","Meter transaction events — organisation 0 is rejected","mis-dashboard","2026-09-15","passed","2026-09-15","Meter transaction events — organisation 0 is rejected","Meter transaction events","eventdatatransaction",""
"","303","Urgency level 1 events — week by week, DTR meters only","mis-dashboard","2026-09-15","passed","2026-09-15","Urgency level 1 events — week by week, DTR meters only","Urgency level events","eventpriority",""
"","1790","Min-max voltage — page 0 is rejected (page must start at 1)","reports","2026-09-15","passed","2026-09-15","Min-max voltage — page 0 is rejected (page must start at 1)","Min-max voltage report","minmaxvoltage",""
"","3160","Power problems — by meter type, month by month, all meters","mis-dashboard","2026-09-15","passed","2026-09-15","Power problems — by meter type, month by month, all meters","Power problems","eventdatapower",""
"","4","IND-RPT-ABE-IVRS-CONTRACT-001 — By-IVRS PATCH success response keys contract","revenue-protection","2026-09-15","passed","2026-09-15","IND-RPT-ABE-IVRS-CONTRACT-001 — By-IVRS PATCH success response keys contract","Revenue Protection — Aberration Entry By IVRS Contract Snapshot","aberration-entry-by-ivrs.contract",""
"","484","Urgency level 1 events — a missing time range falls back to day by day","mis-dashboard","2026-09-15","passed","2026-09-15","Urgency level 1 events — a missing time range falls back to day by day","Urgency level events","eventpriority",""
"","96","Sample chart — months with no energy yet, each month listed once","dtrs","2026-09-15","passed","2026-09-15","Sample chart — months with no energy yet, each month listed once","DTR energy over time","dtrdailythresholdchart",""
"","2434","Talking vs not talking overview — missing end date uses the start date","mis-dashboard","2026-09-15","passed","2026-09-15","Talking vs not talking overview — missing end date uses the start date","Talking vs not talking overview","communication-overview",""
"","1095","Events that did not roll over — by consumer category, month by month, DTR meters only","mis-dashboard","2026-09-15","passed","2026-09-15","Events that did not roll over — by consumer category, month by month, DTR meters only","Events that did not roll over","eventdatanonrollover",""
"","1108","Urgency level 2 events — day by day, consumer meters only","mis-dashboard","2026-09-15","passed","2026-09-15","Urgency level 2 events — day by day, consumer meters only","Urgency level events","eventpriority",""
"","1056","Event report — a page past the last page shows no records","reports","2026-09-15","passed","2026-09-15","Event report — a page past the last page shows no records","Event report","eventreport",""
"","15230","Validate POST /commands/meter-location — unknown node returns error","hes-commands","2026-09-15","passed","2026-09-15","Validate POST /commands/meter-location — unknown node returns error","HES Commands — Meter Location","commands-meter-location",""
"","941","Feeder profile — name, status, parent DTR, and overview cards load","feeder","2026-09-15","passed","2026-09-15","Feeder profile — name, status, parent DTR, and overview cards load","Feeder profile","feederprofile",""
"","448","Pattern Consumption Last Three Contract Snapshot","consumption","2026-09-15","passed","2026-09-15","Pattern Consumption Last Three Contract Snapshot","CONSUMPTION — Contract Snapshots","consumption.contract",""
"","241","Urgency level 1 events — organisation 0 is rejected","mis-dashboard","2026-09-15","passed","2026-09-15","Urgency level 1 events — organisation 0 is rejected","Urgency level events","eventpriority",""
"","245","Event summary — screen shape is unchanged","consumers","2026-09-15","passed","2026-09-15","Event summary — screen shape is unchanged","Consumers — screen shape checks","consumers.contract",""
"","994","Home dashboard — charts and pie charts load","overall-dashboard","2026-09-15","passed","2026-09-15","Home dashboard — charts and pie charts load","Home dashboard","dashboardmetrics",""
"","246","Talking vs not talking overview — start date after end date is rejected","mis-dashboard","2026-09-15","passed","2026-09-15","Talking vs not talking overview — start date after end date is rejected","Talking vs not talking overview","communication-overview",""
"","247","Power Factor Violation — household plus non-household meters add up to the full total","commericial-analysis","2026-09-15","passed","2026-09-15","Power Factor Violation — household plus non-household meters add up to the full total","Power Factor Violation report","powerfactor",""
"","251","Event summary — by meter type, week by week, DTR meters only","mis-dashboard","2026-09-15","passed","2026-09-15","Event summary — by meter type, week by week, DTR meters only","Event summary","eventdata",""
"","1030","Day-by-day billing — searching by a meter number returns only that meter","billing","2026-09-15","passed","2026-09-15","Day-by-day billing — searching by a meter number returns only that meter","Day-by-day billing list","daywisebilling",""
"","22449","Validate POST /commands/payment → query-meter-job — last_token_recharge_amount_get E2E","hes-commands","2026-09-15","passed","2026-09-15","Validate POST /commands/payment → query-meter-job — last_token_recharge_amount_get E2E","HES Commands — Payment (E2E)","commands-payment",""
"","390","Payment contracts — field names stay the same","utils-lookup","2026-09-15","passed","2026-09-15","Payment contracts — field names stay the same","Utils lookup — contract snapshots","utils-lookup.contract",""
"","1474","Consumer report — fromDate after toDate is rejected","reports","2026-09-15","passed","2026-09-15","Consumer report — fromDate after toDate is rejected","Consumer report","consumerreport",""
"","42283","DTR summary cards — response shape stays the same","dashboard","2026-09-15","passed","2026-09-15","DTR summary cards — response shape stays the same","Dashboard — response shape","dashboard.contract",""
"","1333","DTR events — page two of the list","dtrs","2026-09-15","passed","2026-09-15","DTR events — page two of the list","DTR events","dtrevents",""
"","8196","Abnormal High — household: billing data is not ready yet","commericial-analysis","2026-09-15","passed","2026-09-15","Abnormal High — household: billing data is not ready yet","Consumption Compare report","consumptioncompare",""
"","1612","Billing MD snapshot — column and field names stay the same","reports","2026-09-15","passed","2026-09-15","Billing MD snapshot — column and field names stay the same","Reports — contract snapshots","reports.contract",""
"","987","device manufacturers — ids and names are unique","utils-lookup","2026-09-15","passed","2026-09-15","UTILS-LOOKUP › utils › lookup-catalog.harness.ts › Device manufacturers › device manufacturers — ids and names are unique","indoore_backend_testing","modules/UTILS-LOOKUP/tests/devicemanufacturer",""
"","298","Urgency level 3 events — week by week, all meters","mis-dashboard","2026-09-15","passed","2026-09-15","Urgency level 3 events — week by week, all meters","Urgency level events","eventpriority",""
"","2","Missing month returns empty success grid (not 4xx)","revenue-protection","2026-09-15","skipped","2026-09-15","Missing month returns empty success grid (not 4xx)","Revenue Protection — Aberrations Negative","aberrations-negative",""
"","237","Other events — a blank time range is rejected","mis-dashboard","2026-09-15","passed","2026-09-15","Other events — a blank time range is rejected","Other events","eventdataother",""
"","899","IND-REV-ABE-EEN-AUTH-003 — Unsupported HTTP method","revenue-protection","2026-09-15","passed","2026-09-15","IND-REV-ABE-EEN-AUTH-003 — Unsupported HTTP method","Revenue Protection — Aberration Entry EENLTMT Auth Negative","aberration-entry.auth",""
"","349","How meters are talking — both is treated as all meters","mis-dashboard","2026-09-15","passed","2026-09-15","How meters are talking — both is treated as all meters","How meters are talking","communication",""
"","1542","DTR loading gauge — a blank transformer code is not allowed","dtrs","2026-09-15","passed","2026-09-15","DTR loading gauge — a blank transformer code is not allowed","DTR loading gauge","dtrcapacitygauge",""
"","961","DTR summary cards — extra unused filters are ignored","dashboard","2026-09-15","passed","2026-09-15","DTR summary cards — extra unused filters are ignored","Dashboard — DTR summary cards","dtrsummary",""
"","1461","Validate GET /commands/history — page 1 default pagination","hes-commands","2026-09-15","passed","2026-09-15","Validate GET /commands/history — page 1 default pagination","HES Commands — History","commands-history",""
"","11","YNR CT Bypass report — first page shows columns and meters","technical-analysis","2026-09-15","skipped","2026-09-15","YNR CT Bypass report — first page shows columns and meters","Technical report","technicalanalysis",""
"","1566","Consumption Compare (Last Month) — household and non-household lists are the same (connection type filter is not applied)","commericial-analysis","2026-09-15","passed","2026-09-15","Consumption Compare (Last Month) — household and non-household lists are the same (connection type filter is not applied)","Consumption Compare report","consumptioncompare",""
"","39","Communication DTRs — empty page fixture","reports","2026-09-15","passed","2026-09-15","Communication DTRs — empty page fixture","Communication DTRs report","communicationdtrs",""
"","297","Validate POST /commands/meter-alarms — paginated startId","hes-commands","2026-09-15","passed","2026-09-15","Validate POST /commands/meter-alarms — paginated startId","HES Commands — Meter Alarms","commands-meter-alarms",""
"","2937","Substation list — an empty search shows the full list","master-data","2026-09-15","passed","2026-09-15","Substation list — an empty search shows the full list","Master data — substation list","substation-master",""
"","8184","Valid submission returns success envelope","meter-replacement","2026-09-15","failed","2026-09-15","Valid submission returns success envelope","Meter Replacement Submission Detail API — Negative & Edge","submission-detail-negative",""
"","496","Master data change history — column names in the response stay the same","master-data","2026-09-15","passed","2026-09-15","Master data change history — column names in the response stay the same","Master data — column names in the response","master-data.contract",""
"","1032","Urgency level 4 events — month by month, consumer meters only","mis-dashboard","2026-09-15","passed","2026-09-15","Urgency level 4 events — month by month, consumer meters only","Urgency level events","eventpriority",""
"","970","Consumer profile — details open with no extra filters","consumers","2026-09-15","passed","2026-09-15","Consumer profile — details open with no extra filters","Consumer profile","consumerprofile",""
"","255","How many events by urgency — from-date and to-date still work","mis-dashboard","2026-09-15","passed","2026-09-15","How many events by urgency — from-date and to-date still work","How many events by urgency","priority-overview",""
"","5516","Day-by-day billing — October 2025 first page lists each day's reading","billing","2026-09-15","passed","2026-09-15","Day-by-day billing — October 2025 first page lists each day's reading","Day-by-day billing list","daywisebilling",""
"","257","How many events by urgency — both is treated as all meters","mis-dashboard","2026-09-15","passed","2026-09-15","How many events by urgency — both is treated as all meters","How many events by urgency","priority-overview",""
"","12074","How meters are talking — consumer meters only","mis-dashboard","2026-09-15","passed","2026-09-15","How meters are talking — consumer meters only","How meters are talking","communication",""
"","1570","Hourly consumption — asking for one row at a time still stays within the limit","consumption","2026-09-15","passed","2026-09-15","Hourly consumption — asking for one row at a time still stays within the limit","Consumption API — Edge","consumption-edge",""
"","10803","Bill status — column and field names stay the same","reports","2026-09-15","passed","2026-09-15","Bill status — column and field names stay the same","Reports — contract snapshots","reports.contract",""
"","901","DTR statistic cards — a blank transformer code is not allowed","dtrs","2026-09-15","passed","2026-09-15","DTR statistic cards — a blank transformer code is not allowed","DTR statistic cards","dtrstatistics",""
"","1179","Event summary — by meter type, week by week, all meters","mis-dashboard","2026-09-15","passed","2026-09-15","Event summary — by meter type, week by week, all meters","Event summary","eventdata",""
"","16","Sample power now — reactive power from kW and kVA","dtrs","2026-09-15","passed","2026-09-15","Sample power now — reactive power from kW and kVA","DTR power now","dtrpowertriangle",""
"","897","DTR data — page 0 is rejected (page must start at 1)","reports","2026-09-15","passed","2026-09-15","DTR data — page 0 is rejected (page must start at 1)","DTR data report","dtrdata",""
"","8820","Load Factor less than 5% for last 6 months — billing data is not ready yet","commericial-analysis","2026-09-15","passed","2026-09-15","Load Factor less than 5% for last 6 months — billing data is not ready yet","Commercial Analysis — extra report checks","commercial-edge",""
"","982","Mapped vs unmapped meters — cannot open without logging in","overall-dashboard","2026-09-15","passed","2026-09-15","Mapped vs unmapped meters — cannot open without logging in","Home dashboard screens — cannot open without a valid login","overall-dashboard-auth",""
"","234","Consumption Compare — month 13 is rejected (month must be 1 to 12)","commericial-analysis","2026-09-15","passed","2026-09-15","Consumption Compare — month 13 is rejected (month must be 1 to 12)","Commercial Analysis — invalid filters are rejected","commercial-negative",""
"","250","How many events by urgency — one day only still opens","mis-dashboard","2026-09-15","passed","2026-09-15","How many events by urgency — one day only still opens","How many events by urgency","priority-overview",""
"","237","How meters are talking — organisation 0 is rejected","mis-dashboard","2026-09-15","passed","2026-09-15","How meters are talking — organisation 0 is rejected","How meters are talking","communication",""
"","321","Validate GET /commands/history — commandType filter","hes-commands","2026-09-15","passed","2026-09-15","Validate GET /commands/history — commandType filter","HES Commands — History","commands-history",""
"","8","Technical report — a smaller page size shows fewer records","technical-analysis","2026-09-15","skipped","2026-09-15","Technical report — a smaller page size shows fewer records","Technical report","technicalanalysis",""
"","2012","Talking vs not talking overview — no dates uses today","mis-dashboard","2026-09-15","passed","2026-09-15","Talking vs not talking overview — no dates uses today","Talking vs not talking overview","communication-overview",""
"","248","Event summary — by consumer category, hour by hour, all meters","mis-dashboard","2026-09-15","passed","2026-09-15","Event summary — by consumer category, hour by hour, all meters","Event summary","eventdata",""
"","1876","Day-by-day billing — page numbering must start at 1","billing","2026-09-15","passed","2026-09-15","Day-by-day billing — page numbering must start at 1","Day-by-day billing list","daywisebilling",""
"","1376","Current problems — by meter type, month by month, DTR meters only","mis-dashboard","2026-09-15","passed","2026-09-15","Current problems — by meter type, month by month, DTR meters only","Current problems","eventdatacurrent",""
"","444","Urgency level 4 events — hour by hour, DTR meters only","mis-dashboard","2026-09-15","passed","2026-09-15","Urgency level 4 events — hour by hour, DTR meters only","Urgency level events","eventpriority",""
"","4018","Substation list — a page past the last page shows no records","master-data","2026-09-15","passed","2026-09-15","Substation list — a page past the last page shows no records","Master data — substation list","substation-master",""
"","1","Urgency level 2 events — month by month","mis-dashboard","2026-09-15","skipped","2026-09-15","Urgency level 2 events — month by month","Urgency level 2 events","eventpriority2",""
"","2312","Master data change history — oldest changes appear first","master-data","2026-09-15","passed","2026-09-15","Master data change history — oldest changes appear first","Master data — change history","master-data-audit-logs",""
"","1313","Monthly billing — column headings and field names stay the same","billing","2026-09-15","passed","2026-09-15","Monthly billing — column headings and field names stay the same","Billing — column names stay stable","billing.contract",""
"","1856","DTR voltage unbalance — extra unused filters are ignored","dashboard","2026-09-15","passed","2026-09-15","DTR voltage unbalance — extra unused filters are ignored","Dashboard — DTR voltage unbalance","dtrvoltageunbalance",""
"","22","Sample feeders — last communication can be empty","dtrs","2026-09-15","passed","2026-09-15","Sample feeders — last communication can be empty","DTR feeders","dtrfeeders",""
"","235","How many events by urgency — a negative organisation is rejected","mis-dashboard","2026-09-15","passed","2026-09-15","How many events by urgency — a negative organisation is rejected","How many events by urgency","priority-overview",""
"","1526","Min-max voltage — Oct 2025 max B first page shows columns and meters","reports","2026-09-15","passed","2026-09-15","Min-max voltage — Oct 2025 max B first page shows columns and meters","Min-max voltage report","minmaxvoltage",""
"","768","Daily talking chart — live view still opens","mis-dashboard","2026-09-15","passed","2026-09-15","Daily talking chart — live view still opens","Daily talking chart","communication-trend",""
"","36","Saved example — under-utilized DTRs with rows","dashboard","2026-09-15","passed","2026-09-15","Saved example — under-utilized DTRs with rows","Dashboard — DTR loading list","dtrpercentageloadingdetails",""
"","1774","Power quality — extra unused options are ignored","consumers","2026-09-15","passed","2026-09-15","Power quality — extra unused options are ignored","Power quality","powerquality",""
"","90","Sample statistic cards — up/down percent vs last period","dtrs","2026-09-15","passed","2026-09-15","Sample statistic cards — up/down percent vs last period","DTR statistic cards","dtrstatistics",""
"","0","Aberrations rejects disallowed HTTP methods","revenue-protection","2026-09-15","skipped","2026-09-15","Aberrations rejects disallowed HTTP methods","Revenue Protection — Aberrations Auth Negative","aberrations-auth-negative",""
"","234","Dashboard — month 0 is rejected (month must be 1 to 12)","commericial-analysis","2026-09-15","passed","2026-09-15","Dashboard — month 0 is rejected (month must be 1 to 12)","Commercial Analysis — invalid filters are rejected","commercial-negative",""
"","256","Event summary — by consumer category, month by month, DTR meters only","mis-dashboard","2026-09-15","passed","2026-09-15","Event summary — by consumer category, month by month, DTR meters only","Event summary","eventdata",""
"","909","GET /users/:id — unknown user returns 404","users-admin","2026-09-15","passed","2026-09-15","GET /users/:id — unknown user returns 404","User Admin — Negative","useradmin-negative",""
"","1118","Validate GET /commands/meters/:serial — in-scope active meter","hes-commands","2026-09-15","passed","2026-09-15","Validate GET /commands/meters/:serial — in-scope active meter","HES Commands — Meter Lookup","commands-meter",""
"","977","Voltage problems — by consumer category, day by day, DTR meters only","mis-dashboard","2026-09-15","passed","2026-09-15","Voltage problems — by consumer category, day by day, DTR meters only","Voltage problems","eventdatavoltage",""
"","2245","Disallowed HTTP methods are rejected","meter-replacement","2026-09-15","passed","2026-09-15","Disallowed HTTP methods are rejected","Meter Replacement Meter Validation API — Auth Negative","meter-validation-negative",""
"","1502","cannot open without logging in","dashboard","2026-09-15","passed","2026-09-15","cannot open without logging in","DTR load unbalance — cannot open without a valid login","dtrloadunbalance",""
"","13971","DTR data — Oct 2025 LS first page shows columns and readings","reports","2026-09-15","passed","2026-09-15","DTR data — Oct 2025 LS first page shows columns and readings","DTR data report","dtrdata",""
"","1","DTR profile in the API matches the database, and feeder count lines up","dtrs","2026-09-15","skipped","2026-09-15","DTR profile in the API matches the database, and feeder count lines up","DTR database checks","dtrs.db",""
"","837","Missing Authorization returns 401","meter-replacement","2026-09-15","passed","2026-09-15","Missing Authorization returns 401","Meter Replacement Progress API — Auth Negative","progress-negative",""
"","234","Dashboard — month 13 is rejected (month must be 1 to 12)","commericial-analysis","2026-09-15","passed","2026-09-15","Dashboard — month 13 is rejected (month must be 1 to 12)","Commercial Analysis — invalid filters are rejected","commercial-negative",""
"","0","IND-RPT-NEG-012 — Cases rejects invalid bearer token","revenue-protection","2026-09-15","skipped","2026-09-15","IND-RPT-NEG-012 — Cases rejects invalid bearer token","Revenue Protection — Cases Auth Negative","cases-auth-negative",""
"","898","Consumption chart — invalid time range is rejected","consumers","2026-09-15","passed","2026-09-15","Consumption chart — invalid time range is rejected","Consumption chart","energyconsumptiongraph",""
"","36","Saved example — severe page with hierarchy row","dashboard","2026-09-15","passed","2026-09-15","Saved example — severe page with hierarchy row","Dashboard — DTR load unbalance list","dtrloadunbalancedetails",""
"","1711","Billing history — unknown meter is empty or not found","consumers","2026-09-15","passed","2026-09-15","Billing history — unknown meter is empty or not found","Billing history","billinghistory",""
"","395","Meter phases — field names stay the same","utils-lookup","2026-09-15","passed","2026-09-15","Meter phases — field names stay the same","Utils lookup — contract snapshots","utils-lookup.contract",""
"","1465","Meter transaction events — by consumer category, hour by hour, DTR meters only","mis-dashboard","2026-09-15","passed","2026-09-15","Meter transaction events — by consumer category, hour by hour, DTR meters only","Meter transaction events","eventdatatransaction",""
"","1851","Min-max voltage — Oct 2025 max R first page shows columns and meters","reports","2026-09-15","passed","2026-09-15","Min-max voltage — Oct 2025 max R first page shows columns and meters","Min-max voltage report","minmaxvoltage",""
"","455","Urgency level 3 events — hour by hour, DTR meters only","mis-dashboard","2026-09-15","passed","2026-09-15","Urgency level 3 events — hour by hour, DTR meters only","Urgency level events","eventpriority",""
"","435","Power problems — by meter type, hour by hour, consumer meters only","mis-dashboard","2026-09-15","passed","2026-09-15","Power problems — by meter type, hour by hour, consumer meters only","Power problems","eventdatapower",""
"","1697","DTR load unbalance — chart opens with Severe / Moderate / Balanced counts","dashboard","2026-09-15","passed","2026-09-15","DTR load unbalance — chart opens with Severe / Moderate / Balanced counts","Dashboard — DTR load unbalance","dtrloadunbalance",""
"","255","IND-REV-ABE-EEN-EDGE-003 — Filter combination returning zero rows","revenue-protection","2026-09-15","passed","2026-09-15","IND-REV-ABE-EEN-EDGE-003 — Filter combination returning zero rows","Revenue Protection — Aberration Entry EENLTMT Edge","aberration-entry-eenltmt.edge",""
"","241","Events that did not roll over — a blank time range is rejected","mis-dashboard","2026-09-15","passed","2026-09-15","Events that did not roll over — a blank time range is rejected","Events that did not roll over","eventdatanonrollover",""
"","474","Events that did not roll over — by consumer category, month by month, consumer meters only","mis-dashboard","2026-09-15","passed","2026-09-15","Events that did not roll over — by consumer category, month by month, consumer meters only","Events that did not roll over","eventdatanonrollover",""
"","1190","IND-RPT-ATZ-CONTRACT-001 — ATR Zone columns contract snapshot","revenue-protection","2026-09-15","failed","2026-09-15","IND-RPT-ATZ-CONTRACT-001 — ATR Zone columns contract snapshot","Revenue Protection — ATR Zone Contract Snapshot","atr-zone.contract",""
"","86","Energy flow chart — sample: monthly points","consumers","2026-09-15","passed","2026-09-15","Energy flow chart — sample: monthly points","Energy flow chart","energyflow",""
"","326","Consumption Compare (Last Month) — this month's usage is less than half of last month's","commericial-analysis","2026-09-15","passed","2026-09-15","Consumption Compare (Last Month) — this month's usage is less than half of last month's","Consumption Compare report","consumptioncompare",""
"","1252","Event summary — by consumer category, hour by hour, consumer meters only","mis-dashboard","2026-09-15","passed","2026-09-15","Event summary — by consumer category, hour by hour, consumer meters only","Event summary","eventdata",""
"","18","Sample chart — power factor calculated from kWh and kVAh","dtrs","2026-09-15","passed","2026-09-15","Sample chart — power factor calculated from kWh and kVAh","DTR energy over time","dtrdailythresholdchart",""
"","1883","Event restoration — a page past the last page shows no records","reports","2026-09-15","passed","2026-09-15","Event restoration — a page past the last page shows no records","Event restoration report","eventrestoration",""
"","1305","Event restoration — unknown query params are ignored","reports","2026-09-15","passed","2026-09-15","Event restoration — unknown query params are ignored","Event restoration report","eventrestoration",""
"","488","Urgency level 1 events — both is treated as all meters","mis-dashboard","2026-09-15","passed","2026-09-15","Urgency level 1 events — both is treated as all meters","Urgency level events","eventpriority",""
"","2305","DTR event detail — page 2 continues serial numbers without duplicates","reports","2026-09-15","passed","2026-09-15","DTR event detail — page 2 continues serial numbers without duplicates","DTR event detail report","dtreventdetail",""
"","320","LF > 100% — household and non-household lists are the same (connection type filter is not applied)","commericial-analysis","2026-09-15","passed","2026-09-15","LF > 100% — household and non-household lists are the same (connection type filter is not applied)","Load Factor report","loadfactor",""
"","1224","Talking vs not talking overview — saved screen shape","mis-dashboard","2026-09-15","passed","2026-09-15","Talking vs not talking overview — saved screen shape","Saved screen shape","mis-dashboard.contract",""
"","1010","Meter communication — status for today when no date is given","consumers","2026-09-15","passed","2026-09-15","Meter communication — status for today when no date is given","Meter communication","communicationstatus",""
"","232","POST /permissions/modules — invalid module name returns 400","modules-permissions","2026-09-15","passed","2026-09-15","POST /permissions/modules — invalid module name returns 400","Module Permission — Negative","modulepermission-negative",""
"","517","Events that did not roll over — consumers is treated as consumer meters","mis-dashboard","2026-09-15","passed","2026-09-15","Events that did not roll over — consumers is treated as consumer meters","Events that did not roll over","eventdatanonrollover",""
"","2797","Substation list — a smaller page size shows fewer records","master-data","2026-09-15","passed","2026-09-15","Substation list — a smaller page size shows fewer records","Master data — substation list","substation-master",""
"","239","How many meters we have — day-month-year date is rejected","mis-dashboard","2026-09-15","passed","2026-09-15","How many meters we have — day-month-year date is rejected","How many meters we have","communicationstats",""
"","1763","Validate DTR Detail API","asset-management","2026-09-15","failed","2026-09-15","Validate DTR Detail API","DTR Detail API","dtrId",""
"","1","Validate GET /users/:id/devices — device groups catalog","users-admin","2026-09-15","skipped","2026-09-15","Validate GET /users/:id/devices — device groups catalog","User Admin — List","useradmin-list",""
"","994","cannot open without logging in","dashboard","2026-09-15","passed","2026-09-15","cannot open without logging in","Consumers by category — cannot open without a valid login","consumercategorydistribution",""
"","1848","Event report — unknown query params are ignored","reports","2026-09-15","passed","2026-09-15","Event report — unknown query params are ignored","Event report","eventreport",""
"","1","POST /auth/refresh — without session cookies returns 401","auth","2026-09-15","skipped","2026-09-15","POST /auth/refresh — without session cookies returns 401","Auth Session — Negative","auth-session-negative",""
"","5","IND-RPT-NEG-003 — Non-existent month token","revenue-protection","2026-09-15","skipped","2026-09-15","IND-RPT-NEG-003 — Non-existent month token","Revenue Protection — Cases Negative","cases-negative",""
"","346","Daily talking chart — consumer and DTR stay within all meters","mis-dashboard","2026-09-15","passed","2026-09-15","Daily talking chart — consumer and DTR stay within all meters","Daily talking chart","communication-trend",""
"","1033","DTR communication — showing 1 per page returns at most 1 record","reports","2026-09-15","passed","2026-09-15","DTR communication — showing 1 per page returns at most 1 record","DTR communication report","dtrcommunication",""
"","863","Night-Zero Consumption Contract Snapshot","consumption","2026-09-15","passed","2026-09-15","Night-Zero Consumption Contract Snapshot","CONSUMPTION — Contract Snapshots","consumption.contract",""
"","1","Validate GET /users/audit-logs — audit log catalog","users-admin","2026-09-15","skipped","2026-09-15","Validate GET /users/audit-logs — audit log catalog","User Admin — List","useradmin-list",""
"","242","PATCH /users/me/profile-image — empty body returns 400","users-profile-image","2026-09-15","passed","2026-09-15","PATCH /users/me/profile-image — empty body returns 400","User Profile Image — Negative","profileimage-negative",""
"","1411","DTR event detail — invalid fromDate is rejected","reports","2026-09-15","passed","2026-09-15","DTR event detail — invalid fromDate is rejected","DTR event detail report","dtreventdetail",""
"","1","IND-REV-ABE-IVRS-NEG-002 — Missing required fields","revenue-protection","2026-09-15","skipped","2026-09-15","IND-REV-ABE-IVRS-NEG-002 — Missing required fields","Revenue Protection — Aberration Entry By IVRS Negative","aberration-entry-by-ivrs.negative",""
"","262","What kinds of events happened — by consumer category, dtrs is treated as DTR meters","mis-dashboard","2026-09-15","passed","2026-09-15","What kinds of events happened — by consumer category, dtrs is treated as DTR meters","What kinds of events happened","event-classification",""
"","33","Communication consumers — empty page fixture","reports","2026-09-15","passed","2026-09-15","Communication consumers — empty page fixture","Communication consumers report","communicationconsumers",""
"","994","Power problems — by consumer category, day by day, all meters","mis-dashboard","2026-09-15","passed","2026-09-15","Power problems — by consumer category, day by day, all meters","Power problems","eventdatapower",""
"","1316","Power problems — dtrs is treated as DTR meters","mis-dashboard","2026-09-15","passed","2026-09-15","Power problems — dtrs is treated as DTR meters","Power problems","eventdatapower",""
"","5","IND-RPT-NEG-002 — Invalid month format","revenue-protection","2026-09-15","skipped","2026-09-15","IND-RPT-NEG-002 — Invalid month format","Revenue Protection — Cases Negative","cases-negative",""
"","239","Current problems — network 0 is rejected","mis-dashboard","2026-09-15","passed","2026-09-15","Current problems — network 0 is rejected","Current problems","eventdatacurrent",""
"","13","Voltage Unbalance report — first and last page have no duplicate meters","technical-analysis","2026-09-15","skipped","2026-09-15","Technical report — first and last page have no duplicate meters › Voltage Unbalance report — first and last page have no duplicate meters","Technical report","technicalanalysis",""
"","3136","Network Hierarchy","asset-management","2026-09-15","passed","2026-09-15","Network Hierarchy","Asset Management Contract Snapshots","asset-management.contract",""
"","1906","DTR consumption chart — yearly view loads","dashboard","2026-09-15","passed","2026-09-15","DTR consumption chart — yearly view loads","Dashboard — DTR consumption","dtrconsumption",""
"","2","Invalid month token returns empty success grid (not 4xx)","revenue-protection","2026-09-15","skipped","2026-09-15","Invalid month token returns empty success grid (not 4xx)","Revenue Protection — Aberrations Negative","aberrations-negative",""
"","8948","Consumer list — first page shows columns, records, and page numbers","master-data","2026-09-15","passed","2026-09-15","Consumer list — first page shows columns, records, and page numbers","Master data — consumer list","consumer-master",""
"","1802","Event detail — missing fromDate is rejected","reports","2026-09-15","passed","2026-09-15","Event detail — missing fromDate is rejected","Event detail report","eventdetail",""
"","7901","Filter by PENDING status returns matching items","meter-replacement","2026-09-15","failed","2026-09-15","Filter by PENDING status returns matching items","Meter Replacement Submission History API - Filters and Edge","submission-history-negative",""
"","8240","Ignored query params still return progress charts","meter-replacement","2026-09-15","failed","2026-09-15","Ignored query params still return progress charts","Meter Replacement Progress API — Negative & Edge","progress-negative",""
"","246","Talking meters by category — a bad date is rejected","mis-dashboard","2026-09-15","passed","2026-09-15","Talking meters by category — a bad date is rejected","Talking meters by category","communication-category",""
"","70","Saved example — monthly summary cards with 12-point trends (10 Jul 2026)","dashboard","2026-09-15","passed","2026-09-15","Saved example — monthly summary cards with 12-point trends (10 Jul 2026)","Dashboard — DTR summary cards","dtrsummary",""
"","974","Urgency level 3 events — organisation 0 is rejected","mis-dashboard","2026-09-15","passed","2026-09-15","Urgency level 3 events — organisation 0 is rejected","Urgency level events","eventpriority",""
"","1869","Day-by-day billing — month 0 is rejected","billing","2026-09-15","passed","2026-09-15","Day-by-day billing — month 0 is rejected","Day-by-day billing list","daywisebilling",""
"","35","Sample events — resolved alarm with restore time","dtrs","2026-09-15","passed","2026-09-15","Sample events — resolved alarm with restore time","DTR events","dtrevents",""
"","8422","Consumption Pattern — Zero Consumption for Last 6 months (non-household): billing data is not ready yet","commericial-analysis","2026-09-15","passed","2026-09-15","Consumption Pattern — Zero Consumption for Last 6 months (non-household): billing data is not ready yet","Consumption Pattern report","consumptionpattern",""
"","1267","DTR load unbalance — response shape stays the same","dashboard","2026-09-15","passed","2026-09-15","DTR load unbalance — response shape stays the same","Dashboard — response shape","dashboard.contract",""
"","249","Meter transaction events — consumer and DTR stay within all meters","mis-dashboard","2026-09-15","passed","2026-09-15","Meter transaction events — consumer and DTR stay within all meters","Meter transaction events","eventdatatransaction",""
"","1195","Event summary — by urgency, month by month, consumer meters only","mis-dashboard","2026-09-15","passed","2026-09-15","Event summary — by urgency, month by month, consumer meters only","Event summary","eventdata",""
"","1973","DTR summary cards — an invalid time period is rejected","dashboard","2026-09-15","passed","2026-09-15","DTR summary cards — an invalid time period is rejected","Dashboard — DTR summary cards","dtrsummary",""
"","301","Urgency level 4 events — week by week, DTR meters only","mis-dashboard","2026-09-15","passed","2026-09-15","Urgency level 4 events — week by week, DTR meters only","Urgency level events","eventpriority",""
"","238","IND-RPT-ATZ-NEG-007 — limit=99999 is rejected or bounded","revenue-protection","2026-09-15","passed","2026-09-15","IND-RPT-ATZ-NEG-007 — limit=99999 is rejected or bounded","Revenue Protection — ATR Zone Negative","atr-zone.negative",""
"","305","Can this meter be given to a consumer? — screen shape is unchanged","consumers","2026-09-15","passed","2026-09-15","Can this meter be given to a consumer? — screen shape is unchanged","Consumers — screen shape checks","consumers.contract",""
"","484","Urgency level 2 events — consumers is treated as consumer meters","mis-dashboard","2026-09-15","passed","2026-09-15","Urgency level 2 events — consumers is treated as consumer meters","Urgency level events","eventpriority",""
"","267","Improper MD — report opens and demand is above sanctioned load","commericial-analysis","2026-09-15","passed","2026-09-15","Improper MD — report opens and demand is above sanctioned load","Maximum Demand report","mdanalysis",""
"","1848","DTR communication chart — weekly view loads","dashboard","2026-09-15","passed","2026-09-15","DTR communication chart — weekly view loads","Dashboard — DTR communication","dtrcommunication",""
"","974","DTR feeders — unknown transformer is not shown","dtrs","2026-09-15","passed","2026-09-15","DTR feeders — unknown transformer is not shown","DTR feeders","dtrfeeders",""
"","1668","DTR summary cards — weekly view loads","dashboard","2026-09-15","passed","2026-09-15","DTR summary cards — weekly view loads","Dashboard — DTR summary cards","dtrsummary",""
"","234","GET /asset-management/organisation-hierarchy — without auth returns 401","asset-management","2026-09-15","passed","2026-09-15","GET /asset-management/organisation-hierarchy — without auth returns 401","Asset Management — Auth Negative","asset-management-negative",""
"","2905","Consumers by meter phase — extra unused filters are ignored","dashboard","2026-09-15","passed","2026-09-15","Consumers by meter phase — extra unused filters are ignored","Dashboard — consumers by meter phase","consumerphasedistribution",""
"","50","Current without voltage — empty page fixture","reports","2026-09-15","passed","2026-09-15","Current without voltage — empty page fixture","Current without voltage report","currentwithoutvoltage",""
"","13","Magnet Event report — empty list is valid","technical-analysis","2026-09-15","skipped","2026-09-15","Magnet Event report — empty list is valid","Technical report","technicalanalysis",""
"","896","Event restoration — missing toDate is rejected","reports","2026-09-15","passed","2026-09-15","Event restoration — missing toDate is rejected","Event restoration report","eventrestoration",""
"","896","Min-max voltage count — missing year is rejected","reports","2026-09-15","passed","2026-09-15","Min-max voltage count — missing year is rejected","Min-max voltage count","minmaxvoltagecount",""
"","2310","DTR data — includeTotal still shows the same IP columns","reports","2026-09-15","passed","2026-09-15","DTR data — includeTotal still shows the same IP columns","DTR data report","dtrdata",""
"","1005","Current without voltage — limit 0 is rejected (limit must be at least 1)","reports","2026-09-15","passed","2026-09-15","Current without voltage — limit 0 is rejected (limit must be at least 1)","Current without voltage report","currentwithoutvoltage",""
"","882","Main-sub meters — missing route returns 404","utils-lookup","2026-09-15","passed","2026-09-15","Main-sub meters — missing route returns 404","Utils lookup — missing routes","missing-routes",""
"","11","Neutral Disturbance report — first and last page have no duplicate meters","technical-analysis","2026-09-15","skipped","2026-09-15","Technical report — first and last page have no duplicate meters › Neutral Disturbance report — first and last page have no duplicate meters","Technical report","technicalanalysis",""
"","1257","Talking meters by category — live view still opens","mis-dashboard","2026-09-15","passed","2026-09-15","Talking meters by category — live view still opens","Talking meters by category","communication-category",""
"","2147","connection statuses — list shows ids and names","utils-lookup","2026-09-15","passed","2026-09-15","UTILS-LOOKUP › utils › lookup-catalog.harness.ts › Connection statuses › connection statuses — list shows ids and names","indoore_backend_testing","modules/UTILS-LOOKUP/tests/connectionstatus",""
"","4","Unknown search returns empty page","meter-replacement","2026-09-15","skipped","2026-09-15","Unknown search returns empty page","Meter Replacement Submission History API - Negative","submission-history-negative",""
"","458","Meter transaction events — by consumer category, month by month, DTR meters only","mis-dashboard","2026-09-15","passed","2026-09-15","Meter transaction events — by consumer category, month by month, DTR meters only","Meter transaction events","eventdatatransaction",""
"","60151","Feeder list — first page shows columns, records, and page numbers","master-data","2026-09-15","passed","2026-09-15","Feeder list — first page shows columns, records, and page numbers","Master data — feeder list","feeder-master",""
"","1536","cannot open with an empty login token","dashboard","2026-09-15","passed","2026-09-15","cannot open with an empty login token","Consumers by meter make — cannot open without a valid login","consumeroemdistribution",""
"","1166","Current problems — by consumer category, day by day, DTR meters only","mis-dashboard","2026-09-15","passed","2026-09-15","Current problems — by consumer category, day by day, DTR meters only","Current problems","eventdatacurrent",""
"","1905","Billing MD snapshot — missing year is rejected","reports","2026-09-15","passed","2026-09-15","Billing MD snapshot — missing year is rejected","Billing MD snapshot report","billingmdsnapshot",""
"","49","Sample loading gauge — only instant and daily when billing is late","dtrs","2026-09-15","passed","2026-09-15","Sample loading gauge — only instant and daily when billing is late","DTR loading gauge","dtrcapacitygauge",""
"","250","POST /users/:id/force-logout — unknown user returns 404","users-admin","2026-09-15","passed","2026-09-15","POST /users/:id/force-logout — unknown user returns 404","User Admin — Negative","useradmin-negative",""
"","523","PATCH /users/:id — empty body returns 400","users-admin","2026-09-15","passed","2026-09-15","PATCH /users/:id — empty body returns 400","User Admin — Negative","useradmin-negative",""
"","19","Saved example — reactive energy (kVArh) empty page","dashboard","2026-09-15","passed","2026-09-15","Saved example — reactive energy (kVArh) empty page","Dashboard — DTR consumption list","dtrconsumptiondetails",""
"","635","Other events — by consumer category, month by month, all meters","mis-dashboard","2026-09-15","passed","2026-09-15","Other events — by consumer category, month by month, all meters","Other events","eventdataother",""
"","240","IND-REV-ABE-EEN-NEG-003 — Invalid page","revenue-protection","2026-09-15","passed","2026-09-15","IND-REV-ABE-EEN-NEG-003 — Invalid page","Revenue Protection — Aberration Entry Negative","aberration-entry.negative",""
"","11","YNR Neutral Disturbance report — first page shows columns and meters","technical-analysis","2026-09-15","skipped","2026-09-15","YNR Neutral Disturbance report — first page shows columns and meters","Technical report","technicalanalysis",""
"","2138","Last three months — page 2 continues without repeating a meter","consumption","2026-09-15","passed","2026-09-15","Last three months — page 2 continues without repeating a meter","Consumption API — Edge","consumption-edge",""
"","2338","Consumers by meter make — page 2 still shows a valid list","dashboard","2026-09-15","passed","2026-09-15","Consumers by meter make — page 2 still shows a valid list","Dashboard — consumers by meter make","consumeroemdistribution",""
"","29","Meter communication — sample: readings received with delay","consumers","2026-09-15","passed","2026-09-15","Meter communication — sample: readings received with delay","Meter communication","communicationstatus",""
"","1910","Transformer load — page 2 continues the list without repeating a transformer","dtr-load","2026-09-15","passed","2026-09-15","Transformer load — page 2 continues the list without repeating a transformer","Transformer load reports","dtrload",""
"","2518","Validate GET /permissions/modules — catalog list","modules-permissions","2026-09-15","passed","2026-09-15","Validate GET /permissions/modules — catalog list","Module Permission — List","modulepermission-list",""
"","235","Energy flow chart — screen shape is unchanged","consumers","2026-09-15","passed","2026-09-15","Energy flow chart — screen shape is unchanged","Consumers — screen shape checks","consumers.contract",""
"","61","Sample profile — transformer 11IW3 with empty recent activity","dtrs","2026-09-15","passed","2026-09-15","Sample profile — transformer 11IW3 with empty recent activity","DTR profile","dtrprofile",""
"","32","Saved example — critically loaded DTRs with rows","dashboard","2026-09-15","passed","2026-09-15","Saved example — critically loaded DTRs with rows","Dashboard — DTR loading list","dtrpercentageloadingdetails",""
"","900","DTR event detail — fromDate after toDate is rejected","reports","2026-09-15","passed","2026-09-15","DTR event detail — fromDate after toDate is rejected","DTR event detail report","dtreventdetail",""
"","243","PATCH /permissions/modules/:id — unknown module returns 404","modules-permissions","2026-09-15","passed","2026-09-15","PATCH /permissions/modules/:id — unknown module returns 404","Module Permission — Negative","modulepermission-negative",""
"","0","Turn consumer on or off — skipped on shared database","consumers","2026-09-15","skipped","2026-09-15","Turn consumer on or off — skipped on shared database","Consumers — screen shape checks","consumers.contract",""
"","482","Urgency level 5 events — hour by hour, consumer meters only","mis-dashboard","2026-09-15","passed","2026-09-15","Urgency level 5 events — hour by hour, consumer meters only","Urgency level events","eventpriority",""
"","256","Event summary — by urgency, week by week, DTR meters only","mis-dashboard","2026-09-15","passed","2026-09-15","Event summary — by urgency, week by week, DTR meters only","Event summary","eventdata",""
"","898","Consumer report — invalid fromDate is rejected","reports","2026-09-15","passed","2026-09-15","Consumer report — invalid fromDate is rejected","Consumer report","consumerreport",""
"","820","Nearby accounts — screen shape is unchanged","consumers","2026-09-15","passed","2026-09-15","Nearby accounts — screen shape is unchanged","Consumers — screen shape checks","consumers.contract",""
"","9","IND-UL-DB-010 — Network hierarchy COUNT + sample rows match DB","utils-lookup","2026-09-15","skipped","2026-09-15","IND-UL-DB-010 — Network hierarchy COUNT + sample rows match DB","UTILS-LOOKUP — Catalog DB cross-validation","lookup-catalogs.db",""
"","890","Min-max voltage count — invalid month is rejected","reports","2026-09-15","passed","2026-09-15","Min-max voltage count — invalid month is rejected","Min-max voltage count","minmaxvoltagecount",""
"","1139","Network hierarchy — field names stay the same","utils-lookup","2026-09-15","passed","2026-09-15","Network hierarchy — field names stay the same","Utils lookup — contract snapshots","utils-lookup.contract",""
"","297","Urgency level 5 events — week by week, all meters","mis-dashboard","2026-09-15","passed","2026-09-15","Urgency level 5 events — week by week, all meters","Urgency level events","eventpriority",""
"","1151","What kinds of events happened — by consumer category, consumer meters only","mis-dashboard","2026-09-15","passed","2026-09-15","What kinds of events happened — by consumer category, consumer meters only","What kinds of events happened","event-classification",""
"","240","Voltage problems — saved screen shape","mis-dashboard","2026-09-15","passed","2026-09-15","Voltage problems — saved screen shape","Saved screen shape","mis-dashboard.contract",""
"","1","Disallowed HTTP methods are rejected","meter-replacement","2026-09-15","skipped","2026-09-15","Disallowed HTTP methods are rejected","Meter Replacement Submission History API - Auth Negative","submission-history-negative",""
"","3024","Consumption Pattern — zero consumption for last 3 months: report opens","commericial-analysis","2026-09-15","passed","2026-09-15","Consumption Pattern — zero consumption for last 3 months: report opens","Commercial Analysis — extra report checks","commercial-edge",""
"","4","formatMeterSerialsQueryParam joins unique serials","other","2026-09-15","passed","2026-09-15","core › __tests__ › dedupe-serials.util › formatMeterSerialsQueryParam joins unique serials","indoore_backend_testing","dedupe-serials.util",""
"","1911","DTR event detail — page 0 is rejected (page must start at 1)","reports","2026-09-15","passed","2026-09-15","DTR event detail — page 0 is rejected (page must start at 1)","DTR event detail report","dtreventdetail",""
"","1687","DELETE /permissions/modules/:id — protected module returns 403","modules-permissions","2026-09-15","passed","2026-09-15","DELETE /permissions/modules/:id — protected module returns 403","Module Permission — Negative","modulepermission-negative",""
"","3738","DTR summary cards — monthly view loads","dashboard","2026-09-15","passed","2026-09-15","DTR summary cards — monthly view loads","Dashboard — DTR summary cards","dtrsummary",""
"","1328","Urgency level 1 events — month by month, DTR meters only","mis-dashboard","2026-09-15","passed","2026-09-15","Urgency level 1 events — month by month, DTR meters only","Urgency level events","eventpriority",""
"","13","Saved example — 1 PH empty page (offline)","dashboard","2026-09-15","passed","2026-09-15","Saved example — 1 PH empty page (offline)","Dashboard — consumers by meter phase","consumerphasedistribution",""
"","1242","Billing history — screen shape is unchanged","consumers","2026-09-15","passed","2026-09-15","Billing history — screen shape is unchanged","Consumers — screen shape checks","consumers.contract",""
"","242","Dashboard — the list of fields in the response stays the same","commericial-analysis","2026-09-15","passed","2026-09-15","Dashboard — the list of fields in the response stays the same","Commercial Analysis — dashboard response shape","commericial-analysis.contract",""
"","1919","cannot open with an expired login token","dashboard","2026-09-15","passed","2026-09-15","cannot open with an expired login token","DTR voltage unbalance list — cannot open without a valid login","dtrvoltageunbalancedetails",""
"","1935","DTR statistic cards — unknown transformer is not shown or cards are empty","dtrs","2026-09-15","passed","2026-09-15","DTR statistic cards — unknown transformer is not shown or cards are empty","DTR statistic cards","dtrstatistics",""
"","299","Urgency level 1 events — week by week, consumer meters only","mis-dashboard","2026-09-15","passed","2026-09-15","Urgency level 1 events — week by week, consumer meters only","Urgency level events","eventpriority",""
"","831","Urgency level 5 events — month by month, all meters","mis-dashboard","2026-09-15","passed","2026-09-15","Urgency level 5 events — month by month, all meters","Urgency level events","eventpriority",""
"","239","Urgency level 1 events — an invalid time range is rejected","mis-dashboard","2026-09-15","passed","2026-09-15","Urgency level 1 events — an invalid time range is rejected","Urgency level events","eventpriority",""
"","1261","Power problems — a missing grouping is rejected","mis-dashboard","2026-09-15","passed","2026-09-15","Power problems — a missing grouping is rejected","Power problems","eventdatapower",""
"","252","POST /users/me/profile-image/upload-url — missing fileName returns 400","users-profile-image","2026-09-15","passed","2026-09-15","POST /users/me/profile-image/upload-url — missing fileName returns 400","User Profile Image — Negative","profileimage-negative",""
"","2362","Disallowed HTTP methods are rejected","meter-replacement","2026-09-15","passed","2026-09-15","Disallowed HTTP methods are rejected","Meter Replacement Consumer Search API — Auth Negative","consumer-search-negative",""
"","482","Urgency level 5 events — hour by hour, all meters","mis-dashboard","2026-09-15","passed","2026-09-15","Urgency level 5 events — hour by hour, all meters","Urgency level events","eventpriority",""
"","1771","Communication DTRs — missing date for day is rejected","reports","2026-09-15","passed","2026-09-15","Communication DTRs — missing date for day is rejected","Communication DTRs report","communicationdtrs",""
"","897","Live load — unknown consumer is not found","consumers","2026-09-15","passed","2026-09-15","Live load — unknown consumer is not found","Live load","liveloadprofile",""
"","34271","Empty / missing meterSerial returns validation error","meter-replacement","2026-09-15","failed","2026-09-15","Empty / missing meterSerial returns validation error","Meter Replacement Meter Validation API — Negative & Edge","meter-validation-negative",""
"","1799","Power quality — opens using the account number","consumers","2026-09-15","passed","2026-09-15","Power quality — opens using the account number","Power quality","powerquality",""
"","300","Voltage problems — by meter type, week by week, all meters","mis-dashboard","2026-09-15","passed","2026-09-15","Voltage problems — by meter type, week by week, all meters","Voltage problems","eventdatavoltage",""
"","804","Maximum Demand — Improper MD: report opens and demand follows the rule","commericial-analysis","2026-09-15","passed","2026-09-15","Maximum Demand — Improper MD: report opens and demand follows the rule","Commercial Analysis — extra report checks","commercial-edge",""
"","1824","Event list — blank consumer number is rejected","consumers","2026-09-15","passed","2026-09-15","Event list — blank consumer number is rejected","Event list","eventloglist",""
